mppi_config,mppi_model,sim_model,track_choice,dt,V_target,t,x,y,yaw,vx,vy,omega,throttle,steering,speed,beta,comp_sat
"{'device': 'cpu', 'mppi_mode': 'simple', 'sampling_method': 'random', 'num_samples': 30, 'horizon': 12, 'lambda_': 0.1, 'u_min': [0.0, -1.0], 'u_max': [1.0, 1.0], 'noise_sigma': [[0.5, 0.0], [0.0, 0.5]], 'update_cov': False, 'rollout_var_discount': 0.95, 'sample_null_action': True, 'noise_abs_cost': False, 'filter_u': True, 'use_priors': True, 'u_per_command': 12}",Kinematic_Bicycle,dynamic,racetrack_vicon_2,0.05,2.5,1756197413.9561958,-1.499999997521114,-2.200000000002037,-4.1344868475303404e-11,0.10576017946004868,0.002966688945889473,0.0785018727183342,0.823214590549469,0.13038241863250732,0.10580178071622125,0.028043741995302934,1
,,,,,,1756197414.0068562,-1.485314191592832,-2.1995468959258946,0.005758103171254293,0.5603501200675964,0.015274249017238617,0.17656245827674866,0.823214590549469,0.13038241863250732,0.5605582572247156,0.02725165415208745,1
,,,,,,1756197414.0575967,-1.4494518632758728,-2.1982333924945627,0.017083556230219232,0.8803107142448425,-0.022675950080156326,0.24460962414741516,0.6196250319480896,-0.7265047430992126,0.8806027210532015,-0.025753334971342568,1
,,,,,,1756197414.1084344,-1.4025787475040619,-2.203707546175635,-0.059140311839211965,1.0391006469726562,-0.16049005091190338,-2.0328991413116455,0.6196250319480896,-0.7265047430992126,1.0514215191733038,-0.15324005777022917,1
,,,,,,1756197414.1590793,-1.3435585762928293,-2.217052125465774,-0.15022007831163164,1.4351227283477783,-0.12517915666103363,-1.6295809745788574,0.9488575458526611,-0.38383299112319946,1.4405717846337054,-0.0870051947099971,0
,,,,,,1756197414.199856,-1.2849708474496677,-2.232241115149396,-0.2157056855035678,1.6066302061080933,-0.10264486819505692,-1.523102879524231,0.551565408706665,-0.3175225257873535,1.6099057699585135,-0.06380158492533922,0
,,,,,,1756197414.2513585,-1.207793995561619,-2.255117891713268,-0.2595507411429843,1.5906484127044678,0.03235219419002533,0.9334826469421387,0.29252398014068604,0.47507011890411377,1.5909773842855692,0.020336193682115603,0
,,,,,,1756197414.3020074,-1.1294514319391202,-2.269860324800777,-0.18361428744985772,1.6620808839797974,0.12686185538768768,2.215090751647949,0.689734935760498,0.6366608738899231,1.6669153533528547,0.07617941801254598,0
,,,,,,1756197414.353982,-1.043669604716428,-2.2751129050217678,-0.06872100269226716,1.7088321447372437,0.12420345097780228,2.170426368713379,0.17280761897563934,0.6501319408416748,1.7133399534599325,0.07255564909381017,0
,,,,,,1756197414.4046674,-0.9606184239271284,-2.271183476584974,0.03602623903413863,1.5985057353973389,0.07326560467481613,0.6637622117996216,0.0010078345658257604,0.0006854466628283262,1.6001838753488782,0.04580175327322293,0
,,,,,,1756197414.456895,-0.8821198463347204,-2.2666363489851618,0.04230786970805528,1.5330795049667358,-0.0047857919707894325,-0.09944942593574524,0.0010078345658257604,0.0006854466628283262,1.5330869748170977,-0.0031216753010237476,0
,,,,,,1756197414.5078006,-0.8042285714998116,-2.2655648962432138,0.014281594536350379,1.5959925651550293,-0.046594586223363876,-0.7255563139915466,0.4234757125377655,-0.13642597198486328,1.5966725786758715,-0.02918644859325244,0
,,,,,,1756197414.5587194,-0.721404378603706,-2.262478252079217,0.05564023516333757,1.7534472942352295,0.08759640157222748,1.7392030954360962,0.6943197846412659,0.4909757673740387,1.7556339434031372,0.04991518149520331,0
,,,,,,1756197414.6093233,-0.6330608091864512,-2.2495166864019174,0.14170321242841297,1.7973319292068481,0.08844207227230072,1.5613298416137695,0.3834660053253174,0.383584201335907,1.7995066167964566,0.049167764001258295,0
,,,,,,1756197414.6499124,-0.5628103555673236,-2.2356023033775747,0.17712547183466723,1.7460734844207764,-2.6277159122400917e-05,-0.06365257501602173,-2.6127621822524816e-05,0.0001874717854661867,1.7460734846185026,-1.5049285929185311e-05,0
,,,,,,1756197414.7106593,-0.46068856983020656,-2.2177916086615097,0.16904183596907713,1.7031904458999634,-0.014294500462710857,-0.3148220479488373,0.2753008306026459,-0.044692955911159515,1.7032504301330427,-0.008392581629650595,0
,,,,,,1756197414.7513945,-0.3935816905711387,-2.2074426580373485,0.1559735226124161,1.7359954118728638,-0.05053719878196716,-1.129475712776184,0.7767622470855713,-0.29878494143486023,1.736730859547432,-0.029103147053261724,0
,,,,,,1756197414.8020818,-0.30280883737389414,-2.1994981541942638,0.0815948678237861,1.925269603729248,-0.04558740183711052,-0.6044052243232727,0.4654208719730377,-0.01160532794892788,1.9258092476281328,-0.02367402715902111,0
,,,,,,1756197414.852723,-0.20504346660260156,-2.193535678658621,0.06552327828301778,1.9777171611785889,-0.010087419301271439,-0.15863637626171112,1.6207632143050432e-05,1.5586660083499737e-05,1.9777428866383153,-0.005100492640861735,0
,,,,,,1756197414.903394,-0.1077088372604271,-2.187857563477195,0.05828610073536136,1.9084972143173218,-0.007304561324417591,-0.13609693944454193,6.8322337938298006e-06,5.925722689426038e-06,1.9085111929651133,-0.0038273703529600072,0
,,,,,,1756197414.9541366,-0.01378414179389343,-2.182994431977355,0.05157719645258064,1.8399240970611572,-0.0069671752862632275,-0.12203652411699295,0.000642199709545821,0.0022190238814800978,1.8399372881915796,-0.003786646415089474,0
,,,,,,1756197415.0049953,0.07676119900021233,-2.17888224267216,0.04558372305356488,1.7721550464630127,-0.006860836409032345,-0.11733822524547577,0.000642199709545821,0.0022190238814800978,1.7721683271575963,-0.003871445755122676,0
,,,,,,1756197415.055832,0.16432821273759848,-2.17573376367434,0.03193772554124027,1.7778323888778687,-0.05509309843182564,-1.176132321357727,0.5866071581840515,-0.249797984957695,1.7786858217341275,-0.030979001953668796,1
,,,,,,1756197415.1065786,0.25563323918454384,-2.1785407577846327,-0.03376990547340722,1.8977484703063965,-0.07510040700435638,-1.413810133934021,0.5866071581840515,-0.249797984957695,1.8992338791424526,-0.039552786452547846,1
,,,,,,1756197415.1576273,0.34903331654946207,-2.1847081493088116,-0.05727992994523013,1.8312219381332397,-0.009105575270950794,-0.1291321963071823,0.05542689561843872,0.002667888067662716,1.831244576292712,-0.004972363009604805,0
,,,,,,1756197415.208318,0.4390531884076851,-2.1904915434738834,-0.06358336232596788,1.76345956325531,-0.007508894894272089,-0.1274833232164383,6.33871650279616e-07,-1.534819631388018e-07,1.7634755497990726,-0.0042580219416666855,1
,,,,,,1756197415.2596993,0.5256653306249455,-2.1966022556200233,-0.06987676226462912,1.6962904930114746,-0.007563788443803787,-0.12427906692028046,6.544404413943994e-07,2.3026413487059472e-07,1.6963073564589448,-0.004458987623707793,0
,,,,,,1756197415.300266,0.5925230490293004,-2.2017095203598256,-0.07476953943972871,1.642343521118164,0.004490239080041647,0.20026440918445587,0.08475014567375183,0.0785486176609993,1.6423496593617954,0.002734036962536695,0
,,,,,,1756197415.3509972,0.6731021953169741,-2.2069039176529484,-0.06442662462234489,1.5740196704864502,0.013861322775483131,0.21416734158992767,0.3062359094619751,0.43142080307006836,1.5740807029334167,0.008806093551997376,0
,,,,,,1756197415.4016142,0.7509872500502539,-2.2078103383854986,-0.01121185070204779,1.5377469062805176,0.09366744011640549,1.480076551437378,0.3062359094619751,0.43142080307006836,1.5405970067195587,0.06083696384681494,0
,,,,,,1756197415.453106,0.8289960059861515,-2.2011462188930557,0.06854302161354468,1.60117769241333,0.10679305344820023,1.6659188270568848,0.46671006083488464,0.45153775811195374,1.6047351055382526,0.06659793063302633,0
,,,,,,1756197415.5036902,0.9098205688879917,-2.1870509076799762,0.15999987038699082,1.7019541263580322,0.11962829530239105,2.0027525424957275,0.5767307877540588,0.5255255103111267,1.7061532103724122,0.07017337716322002,0
,,,,,,1756197415.554287,0.991419248421857,-2.166629390298877,0.2302559687454073,1.6312512159347534,0.087416872382164,1.4992505311965942,-0.018688078969717026,0.46470120549201965,1.63359182143695,0.05353763736361946,0
,,,,,,1756197415.6066904,1.066791137400923,-2.1415984799782337,0.3078662063062581,1.5200070142745972,0.10139889270067215,1.5464649200439453,-0.018688078969717026,0.46470120549201965,1.5233853940762654,0.06661079749238405,0
,,,,,,1756197415.6576278,1.1342745114308128,-2.1119613529665195,0.3931651596814898,1.3830015659332275,0.13948912918567657,2.120572328567505,0.030983837321400642,1.0501664876937866,1.3900181828072387,0.10051977235779597,0
,,,,,,1756197415.708626,1.1912420066797753,-2.077231176425434,0.5006507429730342,1.250088095664978,0.1564887911081314,1.938926100730896,0.158295139670372,0.8133830428123474,1.2598448272171363,0.12453439776187199,0
,,,,,,1756197415.759504,1.2391471596347396,-2.040153301825974,0.5949104705049995,1.1335134506225586,0.14068084955215454,1.8206971883773804,0.158295139670372,0.8133830428123474,1.1422100700716027,0.12347902131945897,0
,,,,,,1756197415.800056,1.2716268843052965,-2.0100386110860544,0.6660120575059436,1.03919517993927,0.1431010514497757,1.7699722051620483,0.13810943067073822,0.9663203358650208,1.0490016839524345,0.13684310572348718,0
,,,,,,1756197415.8523397,1.305055191876945,-1.9726559433925603,0.7521357939804498,0.9261479377746582,0.13565464317798615,1.6269530057907104,0.12785956263542175,1.0238451957702637,0.9360300127987344,0.1454377047644371,1
,,,,,,1756197415.9032886,1.3315838060254728,-1.9368428952681576,0.8311877717044538,0.8164703249931335,0.12640778720378876,1.4865684509277344,0.12785956263542175,1.0238451957702637,0.8261977488834931,0.15360273296446075,1
,,,,,,1756197415.9539812,1.3536477828694746,-1.9013235861618847,0.9076907569310929,0.9699799418449402,0.1453666388988495,1.8562597036361694,0.8060961961746216,0.9115504622459412,0.9808121875702106,0.14875851550946365,1
,,,,,,1756197416.0049517,1.3790563187959821,-1.8524052176360457,1.0088740012290394,1.273777723312378,0.1489914208650589,1.700205683708191,0.7987914085388184,0.5815329551696777,1.2824617467582626,0.11643904918554832,0
,,,,,,1756197416.0555394,1.4075134208274498,-1.7888797301191635,1.1043122229021287,1.5439313650131226,0.14048753678798676,2.087724208831787,0.8436229228973389,0.267231285572052,1.5503099070392474,0.090743486944379,0
,,,,,,1756197416.1062994,1.4381254721927499,-1.7112493849858958,1.1728181358251573,1.8357553482055664,0.07331733405590057,1.211618185043335,0.8436229228973389,0.267231285572052,1.837218857387003,0.039917295593227105,0
,,,,,,1756197416.1574821,1.470708710307902,-1.6199162923420976,1.2276319288804411,2.0857837200164795,0.054541900753974915,1.1012941598892212,0.8312745690345764,0.2248009443283081,2.0864967159388583,0.02614339809767547,0
,,,,,,1756197416.2081928,1.5018538812594031,-1.5195023023239502,1.2765421881820218,2.1260032653808594,0.04133603721857071,0.9337941408157349,0.4324228763580322,0.20166361331939697,2.1264050772096583,0.019440623763848315,0
,,,,,,1756197416.2596736,1.53104420917623,-1.418752923033139,1.2841603658212322,2.0695419311523438,-0.004526874981820583,-0.13339893519878387,1.642422648728825e-05,-4.21530148742022e-06,2.069546882144706,-0.0021873766817135164,0
,,,,,,1756197416.3002415,1.5544405379920858,-1.340809957914122,1.2787284296465997,1.9995481967926025,-0.006372389383614063,-0.1322227418422699,0.00043060447205789387,0.0014468106674030423,1.9995583508972685,-0.0031869038317769334,0
,,,,,,1756197416.3516717,1.583366120313641,-1.2465575777869002,1.2726035360065524,1.9304463863372803,-0.005585807841271162,-0.1060556173324585,0.00488071097061038,0.006108010187745094,1.930454467676434,-0.002893523638768814,0
,,,,,,1756197416.4024065,1.6109186845392323,-1.1557034185726724,1.2843621901195932,1.8425211906433105,0.0452139638364315,0.9577846527099609,0.134022057056427,0.252876877784729,1.843075864009793,0.024534258723185712,0
,,,,,,1756197416.454493,1.6317475382853899,-1.06808450545671,1.343067128883226,1.729488730430603,0.08690263330936432,1.6215635538101196,0.1060410887002945,0.46786993741989136,1.7316706778029594,0.05020536100996119,0
,,,,,,1756197416.5051625,1.642924431394834,-0.9841251422069544,1.4369022545373211,1.6461546421051025,0.12460330128669739,2.165462017059326,0.5434121489524841,0.29956451058387756,1.6508637401117396,0.07554949012929939,0
,,,,,,1756197416.555735,1.6466689897326814,-0.8996881070115291,1.5132202653993685,1.678688406944275,0.10126040875911713,1.7987500429153442,0.21481294929981232,0.5593947172164917,1.6817397057782668,0.060248143151573334,0
,,,,,,1756197416.6063344,1.6429974514845067,-0.8179558260275199,1.6052920295183626,1.5614811182022095,0.11526059359312057,1.8306928873062134,-0.02839616872370243,0.5711906552314758,1.5657293147084719,0.07368128636424626,0
,,,,,,1756197416.6571863,1.6353237823835627,-0.7400395012904327,1.6469062575018867,1.5644594430923462,0.03505440428853035,0.49940088391304016,0.2922838628292084,0.143428772687912,1.5648521209177684,0.022402971023449438,0
,,,,,,1756197416.7089126,1.6308584428362882,-0.656582616845137,1.6111156200773675,1.8307061195373535,-0.07345075160264969,-1.360205888748169,0.8431079983711243,-0.24143223464488983,1.832179005725835,-0.04010003390702219,0
,,,,,,1756197416.759543,1.6333478937852166,-0.5600341638673301,1.5426241761639652,2.07269024848938,-0.0654936134815216,-1.3326278924942017,0.8203290104866028,-0.20481351017951965,2.073724735732743,-0.03158785017338251,0
,,,,,,1756197416.8002923,1.638070345393645,-0.47806403058102326,1.5188399071588894,2.017066478729248,-0.01330282911658287,-0.23027652502059937,0.08330608159303665,-0.014325357973575592,2.017110345240367,-0.006595041060558071,0
,,,,,,1756197416.8512769,1.643697470354885,-0.37877578239583365,1.5171420254789572,1.9472171068191528,0.0052552856504917145,0.11986362189054489,-0.033164430409669876,0.052097342908382416,1.9472241984723846,0.0026988633534942184,0
,,,,,,1756197416.9019291,1.648151795453608,-0.28293641484667104,1.5275162278657368,1.871024489402771,0.02947084978222847,0.6398825645446777,-0.008916393853724003,0.17213618755340576,1.8712565753877224,0.015749880920742046,0
,,,,,,1756197416.952595,1.6492413166518582,-0.19105226962780866,1.5603642465072944,1.7895478010177612,0.02997562289237976,0.4641418159008026,0.04138261824846268,0.1234571784734726,1.789798835091612,0.016748823290187394,0
,,,,,,1756197417.0033886,1.6481540774909271,-0.10306341048817412,1.5783507022044283,1.7178205251693726,0.0037917231675237417,-0.02115437388420105,0.056606393307447433,0.015795668587088585,1.7178247098751833,0.002207283563142985,0
,,,,,,1756197417.0541298,1.647586530241723,-0.018492854240732787,1.5764142354115491,1.65040922164917,0.0100579634308815,0.29368069767951965,0.06655662506818771,0.10177955031394958,1.6504398691055049,0.006094148521222199,0
,,,,,,1756197417.1048288,1.6458364074589313,0.06257942069887243,1.5916076159777865,1.5677833557128906,0.0459882952272892,0.9951705932617188,-0.05244287848472595,0.42664650082588196,1.568457705438143,0.02932491389852893,0
,,,,,,1756197417.1555367,1.638834585560158,0.13842038580591695,1.6549491795059685,1.4623223543167114,0.07726727426052094,0.9658839106559753,0.10100498050451279,0.2907572090625763,1.4643622842746324,0.052789650590774624,0
,,,,,,1756197417.206332,1.627906308618119,0.20903290004051567,1.703550517804503,1.3977446556091309,0.05598951503634453,0.6273388266563416,0.33123698830604553,0.2003944218158722,1.398865593285464,0.04003563691588835,0
,,,,,,1756197417.2571378,1.6151801314264478,0.27821801594192797,1.73676050227762,1.4180831909179688,0.04758845269680023,0.6663644909858704,0.7916144728660583,-0.1335168331861496,1.4188814598810444,0.033545705221024125,0
,,,,,,1756197417.309377,1.603005915976024,0.3536526593290579,1.7198750956466382,1.689056396484375,-0.0496782623231411,-0.8616253733634949,0.7884671688079834,-0.1537676304578781,1.6897868031950745,-0.02940336688687909,0
,,,,,,1756197417.3499858,1.5955635835827804,0.4238641835841067,1.68363626189147,1.8523205518722534,-0.05811672285199165,-1.0618541240692139,0.47425973415374756,-0.1891324371099472,1.853232036298581,-0.031364800270547576,0
,,,,,,1756197417.400576,1.5907249746543364,0.5182368486438987,1.615017617495835,1.9529013633728027,-0.08336944878101349,-1.6889337301254272,9.24089181353338e-05,1.650170815992169e-05,1.954680076138651,-0.042664140840535214,0
,,,,,,1756197417.4516098,1.5899585688531923,0.6146038912672774,1.586662545865655,1.8861750364303589,-0.00977012887597084,-0.14556558430194855,9.24089181353338e-05,1.650170815992169e-05,1.8862003402266998,-0.005179816988323574,0
,,,,,,1756197417.5024288,1.5891615520926532,0.707540196323501,1.5797906282882512,1.8178002834320068,-0.0074976724572479725,-0.1309032291173935,-1.6491949281771667e-05,-4.2364939872641116e-05,1.8178157457613136,-0.004124561982251479,0
,,,,,,1756197417.553171,1.588961884466522,0.7970732566784992,1.5733273791591031,1.7500693798065186,-0.0075207240879535675,-0.12682116031646729,-1.6491949281771667e-05,-4.2364939872641116e-05,1.7500855394600514,-0.0042973597954741325,0
,,,,,,1756197417.6038594,1.5893369128263992,0.8832331364290551,1.5670678031244358,1.6830394268035889,-0.007597687654197216,-0.12279907613992691,3.8578687963308766e-05,-1.745830559229944e-05,1.683056575707734,-0.004514235331482859,0
,,,,,,1756197417.6546218,1.5903168405261374,0.9660382538245328,1.5596452870278426,1.6159096956253052,-0.010492032393813133,-0.165032297372818,0.06256696581840515,-0.010638052597641945,1.615943757424626,-0.00649286589664689,0
,,,,,,1756197417.7052603,1.5913271804180134,1.0454981907969196,1.561462498166714,1.5499016046524048,0.011052630841732025,0.17953982949256897,0.16805681586265564,0.07178189605474472,1.5499410133139335,0.007131061390171125,0
,,,,,,1756197417.7561102,1.5912797293295409,1.1216946222980813,1.568922260588858,1.4849544763565063,0.008814331144094467,0.12649738788604736,0.012031015008687973,0.05843065679073334,1.4849806359965585,0.005935688782052024,0
,,,,,,1756197417.8068082,1.5922858947436338,1.196340668102334,1.5527355642221312,1.5347790718078613,-0.044475480914115906,-0.6960229873657227,0.8988193869590759,-0.05078209191560745,1.5354233512819655,-0.028970317998260255,0
,,,,,,1756197417.8573313,1.595046542672817,1.2795626692187323,1.5545070577480358,1.8404654264450073,0.05645649507641792,1.2289217710494995,0.884896457195282,0.30042600631713867,1.8413311276833715,0.030665502559206585,0
,,,,,,1756197417.9078805,1.5925519674334967,1.3699439242332294,1.5963915158623254,1.7610160112380981,0.02651958540081978,0.3100320100784302,-0.12918731570243835,0.08513295650482178,1.761215682489448,0.01505811462858736,0
,,,,,,1756197417.958613,1.5888221856700788,1.4565184391007353,1.6104589272321794,1.6909555196762085,0.0162836704403162,0.2593737840652466,0.05626584216952324,0.34293800592422485,1.6910339226184805,0.009629565607986978,0
,,,,,,1756197418.0093374,1.5818880320833637,1.5385915021098633,1.6571305713226938,1.6012324094772339,0.058811742812395096,0.781568169593811,0.2679961323738098,0.21356743574142456,1.6023120951465415,0.03671254573565958,0
,,,,,,1756197418.0600073,1.5710917168538179,1.6174720038161334,1.6964428859973786,1.576755404472351,0.05136188119649887,0.7767907977104187,0.2679961323738098,0.21356743574142456,1.5775917242343822,0.03256289849483265,0
,,,,,,1756197418.1004643,1.5603585319613367,1.6801875208953683,1.7275557392104541,1.6385589838027954,0.051431283354759216,0.7973573207855225,0.7353076934814453,0.3896797001361847,1.6393659506981249,0.03137781646388493,0
,,,,,,1756197418.1513958,1.5410224874685876,1.763969990443147,1.7971029073198719,1.8376749753952026,0.09379585087299347,1.689421534538269,0.7353076934814453,0.3896797001361847,1.8400671120463912,0.0509962474275206,0
,,,,,,1756197418.2022076,1.512003813432657,1.8545462471336762,1.8851347452537752,1.8996793031692505,0.09271267801523209,1.8867157697677612,-0.03677457571029663,0.029472192749381065,1.9019403501567458,0.04876569065934322,0
,,,,,,1756197418.2526846,1.4796089874019431,1.9425145807427202,1.9127396638127512,1.8344632387161255,0.004018174950033426,0.026700282469391823,-0.03677457571029663,0.029472192749381065,1.8344676393795516,0.002190378329285887,0
,,,,,,1756197418.3044786,1.4462888384303239,2.024853509865025,1.9672303670799105,1.694557785987854,0.09501120448112488,1.7669334411621094,0.3861831724643707,0.8691120147705078,1.697219260740642,0.056009792857359644,0
,,,,,,1756197418.3555512,1.405400962530182,2.098401759266951,2.0763272279523783,1.6627808809280396,0.1395711600780487,2.4729015827178955,0.3861831724643707,0.8691120147705078,1.668628288956339,0.08374209156927483,0
,,,,,,1756197418.405962,1.3552818931626691,2.1653877906951444,2.2033499885922425,1.7106292247772217,0.15111851692199707,2.6783435344696045,0.5920711159706116,0.8420859575271606,1.7172912248126766,0.08811215775147792,0
,,,,,,1756197418.457314,1.2964424070878233,2.2286130074237613,2.307261201463622,1.7358072996139526,0.11014436185359955,1.87470543384552,0.5986911058425903,0.549885094165802,1.7392983533141229,0.0633692968135512,0
,,,,,,1756197418.5081108,1.2299551877310175,2.2879420754178375,2.4110673201230615,1.8435407876968384,0.11739164590835571,2.2033636569976807,0.5986911058425903,0.549885094165802,1.8472745963800163,0.0635914134616962,0
,,,,,,1756197418.558722,1.1530383277346155,2.342513207569179,2.537252715426981,1.9428404569625854,0.1315586268901825,2.967655658721924,0.5780887603759766,0.9210911393165588,1.9472895813206157,0.06761136807592143,0
,,,,,,1756197418.609499,1.0659375748895998,2.388046826970135,2.6867792979430223,1.9921540021896362,0.11161351948976517,3.001363515853882,0.5780887603759766,0.9210911393165588,1.9952782127245006,0.05596804003447581,0
,,,,,,1756197418.6499572,0.992176737641109,2.4157444047446153,2.800137345486953,1.9267215728759766,0.09674763679504395,2.63089656829834,0.4700453579425812,0.667357325553894,1.929149067493516,0.05017146617677523,0
,,,,,,1756197418.7006078,0.8982858629275262,2.4386904976034383,2.9256944009560533,1.9390748739242554,0.10163113474845886,2.4442429542541504,0.850628137588501,0.5652055144309998,1.9417364018410497,0.05236426283938337,0
,,,,,,1756197418.751339,0.7977034952352194,2.4503327545070137,3.0505292342777452,2.1450424194335938,0.09565448760986328,2.5964629650115967,0.850628137588501,0.5652055144309998,2.147174134104971,0.044563761237422235,0
,,,,,,1756197418.8019114,0.687925488074164,2.450333319440673,-3.1019413659594393,2.2074272632598877,0.06601061671972275,2.5436882972717285,0.44017529487609863,0.6282702684402466,2.208414029140088,0.029894960478659454,0
,,,,,,1756197418.8530478,0.5796485455870278,2.438608557529593,-3.0001973980206698,2.1153993606567383,0.04151638224720955,1.4465608596801758,0.1137680858373642,0.3371223211288452,2.115806717321276,0.01962327016836616,0
,,,,,,1756197418.9040458,0.4789262861239734,2.4178275688391606,-2.912928027108108,1.9718600511550903,0.08020826429128647,1.9690717458724976,-0.03067123331129551,0.5599561333656311,1.9734906706143753,0.040654036926179575,0
,,,,,,1756197418.9549987,0.3875852568198009,2.3883707496482938,-2.8157187292603916,1.8444541692733765,0.08600310981273651,1.7382320165634155,0.13051243126392365,0.44958367943763733,1.8464581548054106,0.046594197946451234,0
,,,,,,1756197419.0055342,0.3058976063104428,2.352007748238782,-2.717579729024228,1.7025386095046997,0.11366233974695206,2.082348346710205,0.050293851643800735,0.5352659821510315,1.7063284690618472,0.06666158771330816,0
,,,,,,1756197419.0562625,0.23430629204357317,2.310122342131935,-2.6231208294387947,1.5854381322860718,0.11115287244319916,1.7763662338256836,0.5707606673240662,0.7964507937431335,1.5893297431178721,0.06999408671303735,0
,,,,,,1756197419.1072986,0.16938804854551331,2.2614949914691422,-2.510407793049892,1.669626235961914,0.14892733097076416,2.5497593879699707,0.5707606673240662,0.7964507937431335,1.6762550873069482,0.08896256732296598,0
,,,,,,1756197419.15776,0.10894893171232785,2.2028957599295143,-2.382947039025846,1.62564218044281,0.14271661639213562,2.434842824935913,0.11796122789382935,0.9488926529884338,1.631894767265731,0.08756641141883259,0
,,,,,,1756197419.2084777,0.059886206262939404,2.1413894963206372,-2.2645535720848704,1.4906672239303589,0.1340056210756302,1.9146723747253418,0.14710290729999542,0.6002675890922546,1.4966784153518446,0.08965540834987633,0
,,,,,,1756197419.2506175,0.027956130327419122,2.0923950787448504,-2.1905687248661914,1.3996468782424927,0.12463544309139252,1.7694460153579712,0.14710290729999542,0.6002675890922546,1.4051851755012728,0.0888135221968176,0
,,,,,,1756197419.3014512,-0.004777469920323165,2.031816890168498,-2.104543800505008,1.374031662940979,0.12188573181629181,1.692765712738037,0.3959219455718994,0.5428565740585327,1.379427106586189,0.08847505859142565,0
,,,,,,1756197419.3524306,-0.034959176457351505,1.9687253283067288,-2.054336453231165,1.433809757232666,0.03570495918393135,0.45622703433036804,0.8443846106529236,0.35867682099342346,1.4342542536265748,0.024897013934244594,0
,,,,,,1756197419.4032223,-0.06642654576682666,1.8979524304652537,-1.9958636320581518,1.7163169384002686,0.09205855429172516,1.508818507194519,0.6953558921813965,0.2536236345767975,1.718784049977761,0.05358592081020512,0
,,,,,,1756197419.4542148,-0.09787308452517743,1.8137606919331053,-1.935707365372821,1.9095326662063599,0.06435683369636536,1.1520146131515503,0.6953558921813965,0.2536236345767975,1.9106168651387412,0.03369017145587685,0
,,,,,,1756197419.5046408,-0.12716438246901904,1.7199282474231525,-1.861284915648258,2.0117669105529785,0.10312522202730179,2.3733129501342773,0.2400895059108734,0.7100228071212769,2.0144083284711805,0.05121619036552966,0
,,,,,,1756197419.5551283,-0.14599247601561016,1.623299487734253,-1.742846549305263,1.9017096757888794,0.10054414719343185,2.3246278762817383,0.2400895059108734,0.7100228071212769,1.9043657255170026,0.05282121782372733,0
,,,,,,1756197419.6059191,-0.1548675447010919,1.5260852847384174,-1.6547606219217734,2.019428253173828,0.07531758397817612,1.5882176160812378,0.02298499457538128,0.026608260348439217,2.0208323058019952,0.03727921010292177,0
,,,,,,1756197419.6565878,-0.16028659093250405,1.426562355889824,-1.6322806232217764,1.9524039030075073,0.002281442517414689,0.008806132711470127,0.023700788617134094,0.025786079466342926,1.9524052359740558,0.0011685294602685596,0
,,,,,,1756197419.7086105,-0.16615725044002658,1.3304799431524197,-1.632303018304181,1.8845939636230469,-0.00018724115216173232,-0.0053882780484855175,0.023700788617134094,0.025786079466342926,1.884593972924586,-9.93535770355942e-05,0
,,,,,,1756197419.7591238,-0.17176693875067303,1.2377851443290524,-1.6293487700713194,1.8138962984085083,0.016329793259501457,0.35275009274482727,-0.11627580970525742,0.10754495859146118,1.8139698022646313,0.00900236255816627,0
,,,,,,1756197419.8096495,-0.17617376082013889,1.1485972335570214,-1.6235532410637394,1.7455050945281982,-0.002753738546743989,-0.06394548714160919,0.10929503291845322,0.01196279190480709,1.7455072666992473,-0.0015776157118126057,0
,,,,,,1756197419.8500774,-0.17890778191421086,1.0780012799662648,-1.6072056629640996,1.8036835193634033,0.03113248012959957,0.6291833519935608,0.3310715854167938,0.1343175619840622,1.8039521804477445,0.017258786607817003,0
,,,,,,1756197419.9009354,-0.17962773700294157,0.9877009647163558,-1.5803974018742644,1.8123763799667358,0.02950495295226574,0.510762631893158,0.3310715854167938,0.1343175619840622,1.8126165300222896,0.016278267107602808,0
,,,,,,1756197419.9514785,-0.17797875741541144,0.8967481387049714,-1.5516246818167396,1.849036455154419,0.04620537534356117,0.8921630382537842,0.4829360544681549,0.2178434282541275,1.849613675663288,0.02498369420877551,0
,,,,,,1756197420.0036783,-0.1733526201484864,0.803050459528708,-1.5271594670474296,1.9119479656219482,0.011006501503288746,0.1657378375530243,0.4102584719657898,0.057301051914691925,1.911979645896171,0.005756631519344451,0
,,,,,,1756197420.0542488,-0.1689868267915985,0.7070938045628714,-1.5314099976115945,1.9019407033920288,-0.02526673674583435,-0.5489261150360107,0.2200852334499359,-0.08742780238389969,1.9021085266632785,-0.013283931759749748,0
,,,,,,1756197420.1048946,-0.16817207104850068,0.6131649391084478,-1.568035339975348,1.837739109992981,-0.05537985637784004,-1.0768550634384155,0.2162572741508484,-0.20457823574543,1.8385733504242423,-0.03012565909655448,0
,,,,,,1756197420.1559134,-0.16990494657861774,0.5225954226322503,-1.5824513847168005,1.7716871500015259,-0.002707514213398099,-0.021965302526950836,-0.003022614400833845,0.024104950949549675,1.7716892188286706,-0.0015282111774978658,0
,,,,,,1756197420.206377,-0.1702295378496184,0.4355610333730799,-1.5673416551867707,1.685002326965332,0.05022473633289337,0.9523693323135376,0.03224189206957817,0.26734256744384766,1.6857506832323375,0.029798101374767714,0
,,,,,,1756197420.2571642,-0.16665561147881974,0.3529152897542736,-1.533969256903074,1.6068832874298096,0.03761507198214531,0.580632746219635,0.09821929037570953,0.1653430014848709,1.6073234873731714,0.023404440084053936,0
,,,,,,1756197420.3077831,-0.16020257284678902,0.27350380642533073,-1.495593531358969,1.573076605796814,0.0535055436193943,0.8198508024215698,0.2574532926082611,0.2271987795829773,1.5739862931116115,0.03400020324325057,0
,,,,,,1756197420.3583863,-0.15208074795897017,0.1957990095362825,-1.4767780366356666,1.5451862812042236,0.017178943380713463,0.24520426988601685,0.2331053614616394,0.08498942106962204,1.5452817735666904,0.011117258707852944,0
,,,,,,1756197420.4094305,-0.1420252651531413,0.11970814248375725,-1.4428954357688337,1.521141767501831,0.05432155355811119,0.8173631429672241,0.2754727005958557,0.2327795922756195,1.5221113980322076,0.03569587047768501,0
,,,,,,1756197420.460095,-0.12996921898952996,0.04435658078901693,-1.42688260362628,1.5367745161056519,0.0019653209019452333,-0.05055759474635124,0.3337987959384918,0.008197866380214691,1.536775772791206,0.001278860242626091,0
,,,,,,1756197420.5006382,-0.12161187290061878,-0.017099556561034242,-1.435814541597985,1.5601224899291992,-0.02401714399456978,-0.3889130651950836,0.32521510124206543,-0.06433974206447601,1.560307343694998,-0.015393180449292018,0
,,,,,,1756197420.5515285,-0.11066665843720537,-0.09670891796872425,-1.4235968864342576,1.71095871925354,0.046949971467256546,0.8324427604675293,0.6562431454658508,0.21180370450019836,1.7116027689889057,0.027433854428529005,0
,,,,,,1756197420.6019943,-0.09396202533799014,-0.18445306860723634,-1.38817915084438,1.9036930799484253,0.0289276372641325,0.47278478741645813,0.6876256465911865,0.11519517749547958,1.9039128527433202,0.015194366871277872,0
,,,,,,1756197420.6527698,-0.07601953708681042,-0.2808635007566587,-1.400343184541252,2.032562255859375,-0.04322920739650726,-0.9872037768363953,0.5827173590660095,-0.16023842990398407,2.0330219104368457,-0.021265125293407,0
,,,,,,1756197420.7033606,-0.06203040797037737,-0.3815629593442068,-1.433570242783919,1.9956995248794556,-0.019714826717972755,-0.3863756060600281,0.021581532433629036,-0.04638158529996872,1.9957969004877738,-0.009878333486960251,0
,,,,,,1756197420.754122,-0.05090862726710115,-0.4790545015309783,-1.4626052650047445,1.9107136726379395,-0.03734045475721359,-0.7396883964538574,-0.02264895848929882,-0.12335564196109772,1.9110785039780647,-0.019540186863375237,0
,,,,,,1756197420.8058603,-0.0431120397804874,-0.5727927933570136,-1.486499221558454,1.836228609085083,-0.02208554744720459,-0.3905264437198639,0.13228434324264526,-0.05271618813276291,1.8363614230942071,-0.012027087711199744,0
,,,,,,1756197420.8563914,-0.03676609223264216,-0.6636219280599314,-1.4964196164081112,1.8342326879501343,0.004056345671415329,0.11972849071025848,0.3818470537662506,0.05477938428521156,1.8342371731826232,0.0022114637283723055,0
,,,,,,1756197420.9069958,-0.03266724737882043,-0.7539211057640024,-1.5346622029597017,1.7719316482543945,-0.0633566677570343,-1.163865566253662,0.24345119297504425,-0.2293606400489807,1.773063967665806,-0.03574048052808555,0
,,,,,,1756197420.9575956,-0.03470724502876449,-0.8406388753935358,-1.5906773130593026,1.6771997213363647,-0.06604721397161484,-1.0877176523208618,0.06962648779153824,-0.22050714492797852,1.6784996692654401,-0.03935911993163509,0
,,,,,,1756197421.0084398,-0.042391938685722524,-0.9241163619548013,-1.6570250457360598,1.673961877822876,-0.08629219979047775,-1.4185541868209839,0.3488118052482605,-0.2933235168457031,1.676184569833814,-0.05150409087542248,0
,,,,,,1756197421.0589683,-0.057116280157370414,-1.0080400675639134,-1.7419321082733137,1.8152786493301392,-0.12637051939964294,-2.3773577213287354,0.8543501496315002,-0.47855430841445923,1.8196719712319551,-0.0695028117885436,0
,,,,,,1756197421.0994399,-0.07744298991258206,-1.0791930407499133,-1.8441158622094327,1.8463490009307861,-0.13342392444610596,-2.795097827911377,0.4323643147945404,-0.710119903087616,1.8511635737699446,-0.07213825836755094,0
,,,,,,1756197421.1504834,-0.11410848081070395,-1.164280926373955,-1.996811471329965,1.8662073612213135,-0.1458306610584259,-3.4600751399993896,0.620856761932373,-1.1258240938186646,1.8718964973473708,-0.07798432181421024,0
,,,,,,1756197421.2009072,-0.16467180507896056,-1.243184561951053,-2.172682506757211,1.8157645463943481,-0.11412297934293747,-3.1789987087249756,0.19637073576450348,-1.0782359838485718,1.8193473946326968,-0.0627686350743392,0
,,,,,,1756197421.2515802,-0.2226294840928178,-1.3084812090490001,-2.3154584700197693,1.6384750604629517,-0.12425228953361511,-2.498983860015869,0.08379825204610825,-0.836971640586853,1.643179587024321,-0.07568923518293112,0
,,,,,,1756197421.3022592,-0.2833758987618796,-1.360121193958398,-2.420671503034621,1.5336261987686157,-0.11608155071735382,-1.7789959907531738,0.20395858585834503,-0.4332287609577179,1.5380130831584036,-0.07554684987797465,0
,,,,,,1756197421.3531582,-0.34448192188419957,-1.4039738830996114,-2.4922874235810717,1.4522404670715332,-0.08250895142555237,-1.1703892946243286,0.1811911165714264,-0.2711196541786194,1.4545824491122836,-0.05675392398026935,0
,,,,,,1756197421.4037786,-0.4041025259709092,-1.4427019594404773,-2.5412452015647142,1.373138666152954,-0.05284377187490463,-0.6954734921455383,0.01891256310045719,-0.15566135942935944,1.3741551079518937,-0.03846494815044847,0
,,,,,,1756197421.4544725,-0.46158796240079497,-1.4768909961077605,-2.5872872712389907,1.2797716856002808,-0.07900787144899368,-1.0695676803588867,0.03932824358344078,-0.28259333968162537,1.2822081777211858,-0.061657658485029805,0
,,,,,,1756197421.5056217,-0.5180207679257536,-1.5041116180985628,-2.659315491549303,1.2157166004180908,-0.1326553374528885,-1.7858600616455078,0.2819809317588806,-0.5521765351295471,1.222932660078575,-0.10868699101803787,0
,,,,,,1756197421.556659,-0.5750161759216419,-1.5238960517034548,-2.7485968720456366,1.176183819770813,-0.13674059510231018,-1.7677640914916992,0.2819809317588806,-0.5521765351295471,1.1841057251105556,-0.1157382751207271,0
,,,,,,1756197421.607541,-0.6362376352900918,-1.5365088466160444,-2.8758224319542167,1.339786410331726,-0.2136271744966507,-3.0385265350341797,0.6918186545372009,-0.9706985950469971,1.356710800057623,-0.15811765741479525,1
,,,,,,1756197421.6591396,-0.7072780733757082,-1.5399745010944839,-3.0345353363540677,1.4726933240890503,-0.1994016021490097,-3.297961473464966,0.6458043456077576,-0.7020498514175415,1.4861314295028043,-0.1345808314798457,1
,,,,,,1756197421.6997983,-0.7697495536695108,-1.536320443957642,3.134380179933331,1.618760585784912,-0.16342228651046753,-2.9071044921875,0.32453233003616333,-0.5866149663925171,1.6269888376442603,-0.10061429790099355,0
,,,,,,1756197421.7503674,-0.8496248594343627,-1.5235028804418227,3.007702072054498,1.5879355669021606,-0.14726132154464722,-2.3488481044769287,0.39933687448501587,-0.7272701859474182,1.5947492785563386,-0.09247310016669426,0
,,,,,,1756197421.8010547,-0.9257867948392416,-1.501413864809344,2.8796273089341233,1.5695914030075073,-0.1639697402715683,-2.677246332168579,0.2647858262062073,-0.021529270336031914,1.578132836018502,-0.10408895872542186,0
,,,,,,1756197421.8519769,-0.9998648989271649,-1.4748868022575532,2.830553295011717,1.55293869972229,-0.03358001634478569,-0.5913861393928528,0.09689062088727951,-0.10922258347272873,1.5533017165357388,-0.02162016058351316,0
,,,,,,1756197421.9024568,-1.071378332404169,-1.448952380008959,2.7989680912334416,1.4689524173736572,-0.05685068294405937,-0.8907769322395325,-0.02020169422030449,-0.20579524338245392,1.4700521095046655,-0.038682209148010405,0
,,,,,,1756197421.9535596,-1.1370735155383953,-1.4204846277986505,2.746137657773022,1.3680386543273926,-0.09168237447738647,-1.3288239240646362,-0.22940294444561005,-0.3485211431980133,1.371107369072063,-0.066917323051735,0
,,,,,,1756197422.0041952,-1.1931498408607875,-1.3879343803813944,2.6514713103717606,1.2362518310546875,-0.17354202270507812,-2.4586338996887207,0.5557430982589722,-0.8359198570251465,1.2483731106646914,-0.13946622999302422,0
,,,,,,1756197422.0550728,-1.2431203879780446,-1.3472297536395923,2.527342084486708,1.335992455482483,-0.16664543747901917,-2.2418739795684814,0.4912516176700592,-0.6036128997802734,1.3463456253647084,-0.1240943714492336,0
,,,,,,1756197422.1059046,-1.2921968474679701,-1.2989132856706362,2.415277812085725,1.4151198863983154,-0.16011942923069,-2.2827703952789307,0.4986567795276642,-0.6026462316513062,1.42414975494052,-0.11266982526193241,0
,,,,,,1756197422.1574185,-1.33814672989895,-1.240052692668459,2.2670597408743376,1.5886164903640747,-0.20715346932411194,-3.4546806812286377,0.755653977394104,-0.9552342891693115,1.6020658267716985,-0.12966702344673103,0
,,,,,,1756197422.2082398,-1.378826195156674,-1.1683636803049398,2.109600816586549,1.7054539918899536,-0.17388834059238434,-3.0639126300811768,0.6211966276168823,-0.7332696318626404,1.714295911868004,-0.10160901359528848,0
,,,,,,1756197422.2587998,-1.4159247691340289,-1.0925811782433998,2.0549312641461475,1.6474483013153076,-0.015256614424288273,-0.15345163643360138,5.310489270549112e-10,1.275629712971238e-09,1.647518943681797,-0.009260489868352846,0
,,,,,,1756197422.309509,-1.4517857273219963,-1.0192733244865093,2.026942298279378,1.610287070274353,-0.04317086935043335,-0.680615246295929,0.24731943011283875,-0.1286437064409256,1.6108656594059083,-0.026803004043858093,0
,,,,,,1756197422.3519275,-1.4782409034594242,-0.960884694056005,2.0062632507578204,1.588257908821106,-0.03038296289741993,-0.4553042948246002,0.24656590819358826,-0.07608268409967422,1.5885484913490107,-0.01912740831165799,0
,,,,,,1756197422.4025488,-1.5104763471230152,-0.8876984347269868,1.9944411284114552,1.6703170537948608,0.0037702994886785746,0.11295919865369797,0.561257541179657,0.055448468774557114,1.6703213090169744,0.002257231988839636,0
,,,,,,1756197422.4532454,-1.5446429464332092,-0.8105391651417218,1.9835626306372145,1.6788908243179321,-0.027968212962150574,-0.4795132875442505,0.2578093111515045,-0.07994304597377777,1.6791237658121696,-0.016657203553552786,0
,,,,,,1756197422.5038576,-1.5764823285202036,-0.7339285503776087,1.9701784293674667,1.62125825881958,-0.008107003755867481,-0.11150020360946655,0.14195503294467926,0.0029811249114573,1.621278527983577,-0.005000397772865135,0
,,,,,,1756197422.5547686,-1.605797827073728,-0.6598166530003788,1.945100734834562,1.5541561841964722,-0.05169631168246269,-0.821586012840271,0.20493625104427338,-0.17188724875450134,1.555015740601268,-0.033251006869059956,0
,,,,,,1756197422.605273,-1.62707598847522,-0.5878933442257364,1.8669211668447276,1.421168565750122,-0.13282369077205658,-2.0435192584991455,0.19762545824050903,-0.6118636727333069,1.4273619811059035,-0.09319019054860166,0
,,,,,,1756197422.656379,-1.6383782999594076,-0.5196372981333881,1.7750446169479235,1.3137280941009521,-0.1209464743733406,-1.6412358283996582,0.1297372430562973,-0.11807645112276077,1.3192837279726684,-0.09180476557385164,0
,,,,,,1756197422.7069955,-1.646728410184138,-0.4556643029938407,1.7354239192278909,1.2456049919128418,-0.03999176248908043,-0.509597897529602,0.2991691529750824,-0.24400509893894196,1.2462468202347292,-0.03209527087789403,0
,,,,,,1756197422.7576442,-1.652994955422853,-0.39382049790331164,1.6930807035468016,1.2391151189804077,-0.07142290472984314,-0.9451472759246826,0.5040514469146729,-0.3864199221134186,1.2411718291219302,-0.057576541916270534,0
,,,,,,1756197422.8085558,-1.6544257858857336,-0.32975533683332203,1.6253209966354945,1.3677732944488525,-0.12038784474134445,-1.76851224899292,0.7554273009300232,-0.43165114521980286,1.373061185151242,-0.08779115538017358,0
,,,,,,1756197422.859276,-1.6492994607543878,-0.2565140882985557,1.5317435207162167,1.6016110181808472,-0.1316949427127838,-2.0258285999298096,0.7524165511131287,0.259458988904953,1.607016307165056,-0.0820419777308902,0
,,,,,,1756197422.909783,-1.6427740973741667,-0.1721719856776202,1.5247366219362182,1.7651150226593018,0.010995784774422646,0.03140413388609886,0.0013912664726376534,-0.00044017762411385775,1.765149271449968,0.00622941983947956,0
,,,,,,1756197422.9505062,-1.6395768526409518,-0.10245344565287894,1.5219400114723207,1.711112141609192,-0.006303051952272654,-0.12039893120527267,0.0013912664726376534,-0.00044017762411385775,1.7111237505295485,-0.003683582911211816,0
,,,,,,1756197423.0011046,-1.6349035712633424,-0.01836324435434208,1.5158330703265652,1.6444613933563232,-0.007633164059370756,-0.12095294892787933,0.01046227477490902,-0.00014399856445379555,1.644479108846621,-0.0046417077774780135,0
,,,,,,1756197423.051825,-1.6283051428175208,0.0644911612170074,1.4868881708355817,1.7268775701522827,-0.05734805390238762,-0.9924104809761047,0.5526946187019348,-0.1832485795021057,1.7278295464487936,-0.03319690222256328,0
,,,,,,1756197423.1027873,-1.6189942801173256,0.14903835030750362,1.4699481605168805,1.6611930131912231,-0.009247217327356339,-0.12831485271453857,7.354510671575554e-06,4.5511984353652224e-05,1.6612187508283294,-0.005566554723422102,0
,,,,,,1756197423.1531026,-1.6101005245622624,0.2318948965007778,1.4659656246709514,1.7533191442489624,-0.0013160696253180504,-0.0102468803524971,0.30805379152297974,0.23379141092300415,1.7533196381804352,-0.0007506159859523011,0
,,,,,,1756197423.2041597,-1.6032972059889343,0.3189385919010124,1.498475099357127,1.7378779649734497,0.05225006118416786,0.9106727242469788,0.30805379152297974,0.23379141092300415,1.7386632480253355,0.03005638329901496,0
,,,,,,1756197423.2545393,-1.6004002200039784,0.40525513353411663,1.5262647156189841,1.693351149559021,0.0009093182161450386,-0.08365163207054138,0.00041797247831709683,0.0007456026505678892,1.6933513937078966,0.0005369932450086586,0
,,,,,,1756197423.3052921,-1.5954740430891696,0.4889724730770872,1.5100872341309852,1.6538029909133911,-0.02469870261847973,-0.40236207842826843,-0.034545112401247025,0.25993838906288147,1.6539874118823017,-0.014933378849959674,0
,,,,,,1756197423.3558207,-1.5920248143646099,0.5695932530494385,1.5358753252619832,1.5577490329742432,0.056168533861637115,0.9035860300064087,-0.034545112401247025,0.25993838906288147,1.5587613524617407,0.036041884324913134,0
,,,,,,1756197423.4067395,-1.5928205576280128,0.6459631987799275,1.5699154608710222,1.479804277420044,0.042167503386735916,0.6087469458580017,0.11879010498523712,0.1828223317861557,1.4804049438624989,0.02848761588341735,0
,,,,,,1756197423.4573584,-1.5928637218816144,0.7201941880099058,1.5627289094953147,1.4930671453475952,-0.02660566382110119,-0.40850579738616943,0.316740483045578,-0.07232677191495895,1.4933041759346215,-0.01781758334003998,0
,,,,,,1756197423.508048,-1.59126525339348,0.7975904602547748,1.5577571566921764,1.669306993484497,0.006818524561822414,0.1300424039363861,0.663740873336792,0.056571200489997864,1.6693209190486564,0.00408462114398996,0
,,,,,,1756197423.5593605,-1.5920012300265125,0.8826607665933064,1.5807009765438373,1.7335689067840576,0.03318009525537491,0.566993772983551,0.45739462971687317,0.15063154697418213,1.7338864072624907,0.019137424759558347,0
,,,,,,1756197423.6098754,-1.595609469812147,0.9709836831572844,1.6095232218655384,1.7621537446975708,0.03347887098789215,0.5651257634162903,0.2537495493888855,0.15012478828430176,1.7624717458031194,0.018996551140897558,0
,,,,,,1756197423.6504617,-1.598520657969391,1.0427989204885622,1.6029868697551926,1.854712963104248,-0.026352347806096077,-0.5340369939804077,0.643965482711792,0.17653971910476685,1.8549001648988641,-0.014207359974685913,0
,,,,,,1756197423.7014954,-1.6024960559202335,1.138612297823441,1.6225459773643727,2.0120465755462646,0.03726643696427345,0.7805448770523071,0.643965482711792,0.17653971910476685,2.012391664038455,0.01851953968402938,0
,,,,,,1756197423.7522042,-1.6111084885122386,1.2414331774818756,1.6557008066712857,2.0737874507904053,0.0009874346433207393,-0.07945691049098969,2.0493356714723632e-05,7.015263690846041e-06,2.0737876858740734,0.000476150325010861,0
,,,,,,1756197423.8028224,-1.619388178222603,1.3433802653303935,1.6496441900934433,2.0036237239837646,-0.006410003174096346,-0.13855330646038055,1.293851892114617e-05,-4.056266789120855e-06,2.0036339774148524,-0.003199194154517882,0
,,,,,,1756197423.8536897,-1.6265625455453432,1.4419086410406279,1.6427371780707136,1.9341331720352173,-0.007035065907984972,-0.13664034008979797,3.8310249692585785e-06,-2.5606206577322155e-07,1.9341459663943001,-0.0036373063577209703,0
,,,,,,1756197423.9056299,-1.6328020663264244,1.5370316330673297,1.6359757398615096,1.8652757406234741,-0.007259013596922159,-0.13304001092910767,5.498188784258673e-07,-1.7357023125441629e-06,1.8652898653659302,-0.00389163746316696,0
,,,,,,1756197423.956055,-1.6391900956264704,1.6283268643906161,1.6506169086272802,1.7613739967346191,0.06411898136138916,1.3486504554748535,0.41727572679519653,0.3568776547908783,1.762540666238288,0.036386753311782975,0
,,,,,,1756197424.0065327,-1.652410814394033,1.716053131774829,1.7209156316893885,1.7916375398635864,0.08184856176376343,1.4556728601455688,0.41727572679519653,0.3568776547908783,1.7935061364018916,0.04565192004870351,0
,,,,,,1756197424.0570414,-1.6689028166337816,1.8088719069402999,1.7325370564337967,2.0204601287841797,-0.01066876482218504,-0.27451297640800476,0.15198466181755066,0.17137084901332855,2.020488296068407,-0.005280314872581926,0
,,,,,,1756197424.1079714,-1.686164514121883,1.9065947744096858,1.7536908997291123,1.9328306913375854,0.03363378718495369,0.6870322227478027,0.15198466181755066,0.17137084901332855,1.9331233051766077,0.017399554507890717,0
,,,,,,1756197424.1584117,-1.7061088830666724,1.9995180131381898,1.781143984817007,1.8558986186981201,0.01894359476864338,0.3174048364162445,0.010607846081256866,0.8746195435523987,1.8559952970490923,0.010206881304093942,0
,,,,,,1756197424.2090762,-1.729419270131217,2.085738640269336,1.8470837912370917,1.702654480934143,0.09195447713136673,1.6187686920166016,0.20579862594604492,0.4152422845363617,1.7051357445404807,0.053954124507914196,0
,,,,,,1756197424.2504237,-1.7527418765380638,2.148750012436301,1.9091567479038567,1.6356996297836304,0.09274425357580185,1.504001259803772,0.20579862594604492,0.4152422845363617,1.6383268219270652,0.05663940705047421,0
,,,,,,1756197424.301129,-1.7863605091397496,2.2208357378448884,1.9964154778121612,1.507863163948059,0.1262887716293335,2.000741481781006,0.07582364231348038,0.713151752948761,1.5131424833871716,0.08355845611059545,0
,,,,,,1756197424.3517568,-1.8250695816682903,2.2828360068722646,2.100693102346142,1.3817379474639893,0.15404850244522095,2.278853416442871,0.20710504055023193,1.114331841468811,1.3902987796037272,0.11103042927622371,0
,,,,,,1756197424.402324,-1.867841675429871,2.334367094892157,2.2128941242798046,1.2518974542617798,0.1607477366924286,2.164900541305542,0.131405308842659,1.0934089422225952,1.2621755309143272,0.12770449878054096,0
,,,,,,1756197424.453923,-1.9119142314984188,2.376720103608923,2.3106805509746815,1.154561161994934,0.14296503365039825,1.8308849334716797,0.18976618349552155,0.815750241279602,1.1633789054447188,0.12319918232322219,0
,,,,,,1756197424.5042841,-1.9565162713777478,2.411867847097407,2.4050312717706226,1.1743253469467163,0.1716543734073639,2.3032519817352295,0.6937947869300842,1.2384417057037354,1.1868046361517974,0.14514483732182099,0
,,,,,,1756197424.5548234,-2.0049886035108604,2.44179530573539,2.507259212199636,1.0575941801071167,0.15213577449321747,1.8867214918136597,0.08946225792169571,1.0587958097457886,1.0684805771173829,0.1428707080467517,0
,,,,,,1756197424.6054592,-2.0508835163100314,2.4644510270905786,2.594669310470602,0.9476845860481262,0.1352071613073349,1.6218078136444092,0.11840137839317322,0.9213243722915649,0.9572810721527905,0.14171468541855525,0
,,,,,,1756197424.656263,-2.0990578987198294,2.4828444954013316,2.688463852654718,1.129034399986267,0.16240952908992767,2.0904648303985596,-0.06125529482960701,0.8952464461326599,1.1406557462668403,0.14286812337876525,0
,,,,,,1756197424.7087703,-2.151736576247789,2.497897711351438,2.781310022605328,1.0188686847686768,0.13976207375526428,1.7079548835754395,-0.06125529482960701,0.8952464461326599,1.0284098570427187,0.13632298632195905,0
,,,,,,1756197424.759351,-2.200454374254224,2.5069099985591987,2.8684456614293445,1.0186868906021118,0.16004088521003723,2.155210256576538,0.8974717855453491,1.1421778202056885,1.0311818782462243,0.15583133420196943,0
,,,,,,1756197424.7999814,-2.245780073960221,2.5107759184486764,2.9599354297150966,1.2935773134231567,0.19004212319850922,2.5843677520751953,0.5771908164024353,1.0738204717636108,1.307462532691805,0.14586860950041655,0
,,,,,,1756197424.850999,-2.313626363479038,2.5103526554794438,3.08670101191284,1.417008876800537,0.18174847960472107,2.6020166873931885,0.5771908164024353,1.0738204717636108,1.428617046926904,0.12756557038528465,0
,,,,,,1756197424.9014225,-2.3853012296985283,2.501783031883782,-3.0703663998799358,1.3869119882583618,0.16041266918182373,2.2637627124786377,0.479801207780838,0.8678308725357056,1.3961579737296204,0.11515009129465018,0
,,,,,,1756197424.9528685,-2.454379695496367,2.4854514969069927,-2.954068625905551,1.4466816186904907,0.16340112686157227,2.3820998668670654,0.6741530895233154,0.8985276818275452,1.4558803639436073,0.11247224995987183,0
,,,,,,1756197425.0037193,-2.52580808408125,2.459416813451446,-2.826106495593709,1.6074427366256714,0.17039582133293152,2.7193562984466553,0.6741530895233154,0.8985276818275452,1.6164488508636308,0.10560988927631397,0
,,,,,,1756197425.0540805,-2.600276177300574,2.421351861396424,-2.685046951897924,1.7461143732070923,0.1649884581565857,2.985879898071289,0.16194288432598114,1.0076520442962646,1.7538918426303498,0.0942092111036941,0
,,,,,,1756197425.104645,-2.670152707895726,2.373466250747405,-2.5505524869530354,1.6002607345581055,0.1435742974281311,2.4378652572631836,0.24869993329048157,0.3997717499732971,1.6066885191132811,0.08947973781192363,0
,,,,,,1756197425.155564,-2.7309768780889603,2.322413171636409,-2.466846366055391,1.554460048675537,0.09452487528324127,1.4239568710327148,0.7319948673248291,0.9669070839881897,1.5573313696755953,0.06073403081651978,0
,,,,,,1756197425.2083282,-2.7876076323736405,2.264475501745247,-2.3519513797495977,1.7130759954452515,0.1606283187866211,2.895998239517212,0.7319948673248291,0.9669070839881897,1.7205902542345621,0.0934926619868866,0
,,,,,,1756197425.2589858,-2.8383461173055444,2.1956571411866976,-2.2138504674265205,1.6284383535385132,0.1426292061805725,2.483855962753296,0.10411511361598969,1.019216775894165,1.6346726160705465,0.08736354917680057,0
,,,,,,1756197425.309486,-2.88181585992485,2.1262795920261213,-2.153329037050248,1.6249881982803345,0.028601454570889473,0.16702057421207428,0.15698865056037903,0.04615424945950508,1.6252398862180126,0.017599205711896736,0
,,,,,,1756197425.3502991,-2.9164755057287897,2.072221746229873,-2.148282738643767,1.5724234580993652,0.0068240659311413765,0.0871039479970932,0.15698865056037903,0.04615424945950508,1.572438265706161,0.004339812570534371,0
,,,,,,1756197425.400908,-2.9582047321543556,2.006654068681472,-2.133401233828767,1.5888965129852295,0.08190780133008957,1.6986064910888672,0.7127270698547363,0.7894516587257385,1.59100629065235,0.05150452644207492,0
,,,,,,1756197425.4516098,-2.9946204270563745,1.9357548273943523,-2.0590416529079425,1.5464693307876587,0.07817338407039642,1.1732808351516724,-0.08149050176143646,0.8228718042373657,1.5484438863077497,0.05050659586789316,0
,,,,,,1756197425.5020602,-3.0226203727081695,1.8668048781170177,-1.9723375406162973,1.400068759918213,0.13635103404521942,2.0376651287078857,0.20104944705963135,0.5991944074630737,1.4066926234910464,0.09708265559880654,0
,,,,,,1756197425.5526755,-3.040942381676943,1.8007214622205217,-1.882199897926089,1.3132964372634888,0.1243477538228035,1.6929410696029663,0.34841349720954895,0.0939856618642807,1.3191701543052545,0.094402256641513,0
,,,,,,1756197425.603507,-3.057231540620609,1.7359185714492025,-1.8502004696398038,1.3626984357833862,0.02090349793434143,0.26292717456817627,0.34841349720954895,0.0939856618642807,1.3628587539111963,0.015338579706007556,0
,,,,,,1756197425.6550038,-3.075075590622409,1.6689338182630389,-1.8376289095443215,1.4685474634170532,0.016645388677716255,0.23337918519973755,0.6158770322799683,0.081275574862957,1.4686417947453672,0.01133410823930024,0
,,,,,,1756197425.7054994,-3.0898408062375613,1.5969084346785134,-1.7762726323595504,1.4779642820358276,0.1155199185013771,1.785838007926941,0.759972870349884,0.5546143054962158,1.4824720134101166,0.07800292122660783,0
,,,,,,1756197425.7560914,-3.0965925022591763,1.5185847605592557,-1.6773278040469848,1.6543569564819336,0.12602920830249786,2.010226011276245,0.34940630197525024,0.3725830316543579,1.6591504756367101,0.07603332104666972,0
,,,,,,1756197425.806681,-3.097499999562433,1.4355097179719392,-1.5987914998961597,1.670221209526062,0.07133108377456665,0.939453125,0.38784259557724,0.23168377578258514,1.671743704119491,0.04268162982422221,0
,,,,,,1756197425.8575017,-3.0951509337219707,1.3512275383373227,-1.5523958615148097,1.706760048866272,0.056848399341106415,0.9173755049705505,-0.005217974539846182,0.061952799558639526,1.7077065336039579,0.033295477392728236,0
,,,,,,1756197425.9084241,-3.0913980106311647,1.267265717080715,-1.535227191945966,1.640702724456787,0.011176599189639091,0.15842488408088684,-0.005217974539846182,0.061952799558639526,1.6407407919623895,0.006811975226572347,0
,,,,,,1756197425.9590702,-3.0885165675462543,1.18675507867713,-1.541835574128726,1.5615155696868896,-0.03686140850186348,-0.646885871887207,0.16026870906352997,-0.13464237749576569,1.5619505875063118,-0.023601790773753076,0
,,,,,,1756197426.0099018,-3.0871272576363356,1.1075185685148339,-1.5463318091473952,1.6080563068389893,0.0027206875383853912,0.06896281242370605,0.6698196530342102,-0.029912596568465233,1.6080586084174082,0.0016919090026721927,0
,,,,,,1756197426.0503037,-3.086261115514186,1.0390265461646515,-1.557111646247143,1.8133940696716309,-0.016880765557289124,-0.2921191453933716,0.3131078779697418,0.10954976826906204,1.8134726389350462,-0.009308665037018903,0
,,,,,,1756197426.1013083,-3.0845236722223373,0.9483270451961052,-1.5464220414494676,1.8164467811584473,0.02100592479109764,0.3866569697856903,0.2982906997203827,0.0025809684302657843,1.8165682364439857,0.011563778630734992,0
,,,,,,1756197426.1519735,-3.0819414521792994,0.8574876681169059,-1.5461865171503704,1.819177508354187,-0.005897439084947109,-0.11587950587272644,-0.04618219658732414,-0.10154133290052414,1.8191870675358015,-0.0032418048258259706,0
,,,,,,1756197426.2026827,-3.0815950953193263,0.7681922041180722,-1.5699772871580264,1.7371021509170532,-0.034165915101766586,-0.5904055833816528,-0.04618219658732414,-0.10154133290052414,1.7374381118403595,-0.019665804042861976,0
,,,,,,1756197426.2537253,-3.0836773827558437,0.6828082576895113,-1.591335180546958,1.6641483306884766,-0.023562971502542496,-0.3733402490615845,0.1072065606713295,-0.05549803376197815,1.6643151384756654,-0.014158231333398599,0
,,,,,,1756197426.3042452,-3.087325153995111,0.6005671838784761,-1.6131041044161034,1.6478010416030884,-0.033473748713731766,-0.5412705540657043,0.4710255265235901,-0.2104671746492386,1.648141002633322,-0.02031139956270231,0
,,,,,,1756197426.355025,-3.094981218937231,0.5170613134533939,-1.6606457461337476,1.7208081483840942,-0.06679730862379074,-1.1153863668441772,0.4710255265235901,-0.2104671746492386,1.7221041095080394,-0.03879792708096567,0
,,,,,,1756197426.4056249,-3.1066245909576415,0.43009755959771845,-1.692646137931835,1.80555260181427,-0.018468210473656654,-0.26859256625175476,-0.03920683264732361,0.47876229882240295,1.8056470509809994,-0.010228207378605402,0
,,,,,,1756197426.4563687,-3.1146855366610375,0.3429371513536026,-1.6491951556892552,1.6828265190124512,0.059773027896881104,0.8821136951446533,0.018230147659778595,0.2242308408021927,1.6838877361497484,0.0355044974009771,0
,,,,,,1756197426.5071235,-3.1169864105618466,0.26048851584882105,-1.606935180959738,1.5977284908294678,0.0524822436273098,0.8106695413589478,0.2849213182926178,0.08785226941108704,1.5985902277645652,0.03283622977210455,0
,,,,,,1756197426.5575316,-3.117569436371838,0.18057236936289353,-1.5874639239896162,1.5976250171661377,0.01816157065331936,0.26611265540122986,0.831588625907898,-0.05359611287713051,1.5977282428885389,0.011367366052831696,0
,,,,,,1756197426.608085,-3.1196147420953064,0.09486098121495322,-1.5996731081912172,1.8846031427383423,-0.023607920855283737,-0.4316427409648895,0.831588625907898,-0.05359611287713051,1.8847510020016822,-0.012526078086176293,0
,,,,,,1756197426.6589901,-3.120574945931435,-0.004188577324273121,-1.5651803151751795,2.063667058944702,0.018559278920292854,0.3009158968925476,0.15636247396469116,0.018181635066866875,2.0637505122973363,0.008993106956817081,0
,,,,,,1756197426.699717,-3.119649023800241,-0.08589469031760089,-1.5623980749405135,1.99410879611969,-0.0008323452202603221,-0.04186113923788071,0.15636247396469116,0.018181635066866875,1.9941089698310082,-0.0004174020863564017,0
,,,,,,1756197426.7501628,-3.119014703564041,-0.18490523252976554,-1.5654152237289365,1.9385510683059692,-0.0065999748185276985,-0.1444091498851776,-0.0017200789880007505,-0.0037884910125285387,1.938562303383056,-0.0034045785153506637,0
,,,,,,1756197426.8010125,-3.119160759272171,-0.28044516257631014,-1.5729553737139004,1.8692927360534668,-0.008201121352612972,-0.15175320208072662,-0.0017200789880007505,-0.0037884910125285387,1.8693107262982511,-0.00438725758459091,0
,,,,,,1756197426.8515413,-3.1200391618867322,-0.3725336748865114,-1.5802236108008538,1.8008716106414795,-0.007790806703269482,-0.13503672182559967,0.0022534807212650776,-0.0010773162357509136,1.8008884625882646,-0.00432610412372774,0
,,,,,,1756197426.9026248,-3.121499596137172,-0.46121040244730377,-1.586863044505733,1.733237385749817,-0.007791905663907528,-0.12993399798870087,0.0025921198539435863,-0.0007034213049337268,1.733254900225219,-0.004495548755488161,0
,,,,,,1756197426.9534633,-3.1234772554786914,-0.5465090987525177,-1.593241583958527,1.6663312911987305,-0.00780946109443903,-0.12493287771940231,-0.11408350616693497,0.13703042268753052,1.6663495910854405,-0.0046865854105482,0
,,,,,,1756197427.004046,-3.124236772658227,-0.6282566712194257,-1.5774028004343938,1.5892411470413208,0.028595073148608208,0.4535157382488251,-0.04067196324467659,0.1553432047367096,1.5894983805143013,0.01799096881272858,0
,,,,,,1756197427.055007,-3.122366561966239,-0.706164715077687,-1.552117078955117,1.5124212503433228,0.03456643968820572,0.5116527676582336,-0.04067196324467659,0.1553432047367096,1.5128162073572515,0.022851056174186583,0
,,,,,,1756197427.1054075,-3.1185044879952866,-0.7801915171981555,-1.526847824968048,1.436984896659851,0.03500676527619362,0.49853160977363586,0.08857596665620804,0.1576564460992813,1.4374112379008401,0.024356444284748518,0
,,,,,,1756197427.1560776,-3.1117819050794737,-0.8508543227888082,-1.4846853275769096,1.4046870470046997,0.07791996747255325,1.125891089439392,0.5634834170341492,0.5570278763771057,1.4068465521703877,0.055414615630029154,0
,,,,,,1756197427.206937,-3.098092059702029,-0.922155937875591,-1.4023269215414,1.5182100534439087,0.1265144646167755,1.9079089164733887,0.5634834170341492,0.5570278763771057,1.52347224330981,0.08313924344620649,0
,,,,,,1756197427.257408,-3.077201873860412,-0.9991290642071577,-1.3413171837215743,1.7664285898208618,-0.00949172955006361,-0.5731396675109863,0.9347561597824097,-0.13410039246082306,1.766454091072386,-0.0053733495106333224,0
,,,,,,1756197427.3080986,-3.057486906481802,-1.089912286213182,-1.355923365923163,1.9164687395095825,-0.006077161058783531,-0.12447746843099594,3.5981186101707863e-06,-3.6544420254358556e-06,1.9164783748855563,-0.0031710095574508886,0
,,,,,,1756197427.3596308,-3.037917573142772,-1.1823096985406287,-1.362477519931786,1.8477654457092285,-0.007256884593516588,-0.1318158656358719,5.511840936378576e-05,1.4189045032253489e-05,1.847779695940787,-0.003927363886912377,0
,,,,,,1756197427.4002385,-3.023227917186334,-1.2539109952341865,-1.367708691337673,1.793289065361023,-0.007418117020279169,-0.12896372377872467,0.00018798117525875568,0.0010648182360455394,1.7933044081815943,-0.004136574996427511,0
,,,,,,1756197427.451032,-3.0059876996069055,-1.3405264466645606,-1.3738915306874901,1.7259000539779663,-0.007250730413943529,-0.12028496712446213,0.00018798117525875568,0.0010648182360455394,1.725915284541128,-0.004201105238072798,0
,,,,,,1756197427.5015218,-2.9914909242275862,-1.4238715808367557,-1.4044589156639236,1.63762366771698,-0.06232859194278717,-1.067105770111084,0.17935368418693542,-0.22722162306308746,1.6388093636663126,-0.038042025799728076,0
,,,,,,1756197427.5531101,-2.983049333174694,-1.5035896633896981,-1.4557343208846298,1.5483877658843994,-0.06460834294557571,-0.9782093167304993,-0.001363603281788528,-0.2088908702135086,1.5497351101135495,-0.041702012555716504,0
,,,,,,1756197427.6038373,-2.979023156313386,-1.5791867880208739,-1.5037358562103853,1.459950566291809,-0.06456734240055084,-0.9326874613761902,-0.001363603281788528,-0.2088908702135086,1.461377636930456,-0.04419690446346577,0
,,,,,,1756197427.6544232,-2.9755570661994764,-1.651186909137894,-1.508684142901931,1.4141937494277954,0.012014555744826794,0.1897445172071457,0.19990111887454987,0.07872120290994644,1.4142447844946757,0.008495488475197004,1
,,,,,,1756197427.7050688,-2.969210503165334,-1.7206071204061826,-1.4778595084167763,1.3607370853424072,0.1026160940527916,1.7016626596450806,0.32794439792633057,0.7604972124099731,1.3646008494005861,0.07526966865259166,1
,,,,,,1756197427.7557127,-2.9539050946414984,-1.787291320469395,-1.377235439882914,1.4961763620376587,0.17791081964969635,2.7977020740509033,1.0754567384719849,0.9996774792671204,1.50671694955246,0.11835458295441759,0
,,,,,,1756197427.8063257,-2.9241957256566056,-1.8645978053287444,-1.2234633735827223,1.8617509603500366,0.17966897785663605,3.424764633178711,1.0754567384719849,0.9996774792671204,1.8704003795894426,0.09620744570994633,0
,,,,,,1756197427.8569682,-2.8798324724766973,-1.9472217173509179,-1.0685600791066385,1.877967357635498,0.12937554717063904,2.8612897396087646,0.47123804688453674,0.8979960083961487,1.8824185051550455,0.06878258831849207,1
,,,,,,1756197427.9083,-2.8259770752036726,-2.021954790616879,-0.9322378830119489,1.7478405237197876,0.12106920778751373,2.513136386871338,-0.00822649896144867,1.1257801055908203,1.752028609763938,0.06915741457700611,0
,,,,,,1756197427.9503186,-2.7795830310335496,-2.0718312496432563,-0.833680391996664,1.6190217733383179,0.13512906432151794,2.412121057510376,-0.009838690049946308,0.6737385392189026,1.6246511522686833,0.08327040165203331,1
,,,,,,1756197428.0022612,-2.719718520286372,-2.122953095035288,-0.7268825378688544,1.4950790405273438,0.130156010389328,1.981059193611145,-0.009838690049946308,0.6737385392189026,1.5007337953363449,0.08683734133200054,1
,,,,,,1756197428.0552144,-2.6597288401318875,-2.1637179193280147,-0.6280959041117014,1.3647379875183105,0.14482174813747406,2.121342182159424,0.09027010947465897,0.9489914774894714,1.3724004930446223,0.10572123762179109,1
,,,,,,1756197428.1059659,-2.600990367750255,-2.1937581267950867,-0.5229022606093754,1.2370367050170898,0.14930196106433868,1.939745306968689,0.16531527042388916,0.827343761920929,1.2460139987725642,0.12011226345772769,0
,,,,,,1756197428.1565113,-2.5449662711555874,-2.2150840524406594,-0.4287516495889581,1.1991826295852661,0.12765806913375854,1.431361198425293,0.7215999364852905,0.5134068727493286,1.2059583582006441,0.10605481606391375,0
,,,,,,1756197428.207176,-2.484062621519632,-2.2345281374621497,-0.3625971658932239,1.329496145248413,0.02939043752849102,0.038987889885902405,0.37538212537765503,-0.028203347697854042,1.3298209646597188,0.022102848047429527,0
,,,,,,1756197428.2578573,-2.417574388269196,-2.259210634372346,-0.35859063358334914,1.6005841493606567,0.02148880809545517,0.3627912998199463,0.839533805847168,0.10790722817182541,1.6007283929692573,0.013424796907522085,0
,,,,,,1756197428.3085473,-2.3404501227059926,-2.284290293006744,-0.30950995905877604,1.5702235698699951,0.10363776981830597,1.8216055631637573,0.21529750525951385,0.6908577680587769,1.5736399990811696,0.06590632896771267,0
,,,,,,1756197428.3592436,-2.2653111032968676,-2.2993600934354217,-0.219623057051541,1.473717451095581,0.09445564448833466,1.2746226787567139,-0.12055431306362152,0.37114033102989197,1.4767413431062877,0.06400590691878094,0
,,,,,,1756197428.409716,-2.194016583392368,-2.308921253962775,-0.1584893272185817,1.3810210227966309,0.08173943310976028,1.0954126119613647,0.08053841441869736,0.3367169201374054,1.3834378917506047,0.05911871182641713,0
,,,,,,1756197428.4503152,-2.1399700973370632,-2.313507419456312,-0.11564156206841084,1.308767557144165,0.036065589636564255,-0.041800711303949356,0.05555674806237221,-0.1518574357032776,1.309264390942081,0.027549937645594394,0
,,,,,,1756197428.5008502,-2.076819946677247,-2.3219460855141127,-0.1369535293261832,1.2301287651062012,-0.01148105226457119,0.2910749018192291,0.19917933642864227,0.14746463298797607,1.2301823414855253,-0.009332940778721684,0
,,,,,,1756197428.5515413,-2.0155196517144196,-2.3281484227296474,-0.1005965847531283,1.2955191135406494,0.10762731730937958,1.6040281057357788,0.6065945625305176,0.5528119802474976,1.2999820817920393,0.08288625921153199,0
,,,,,,1756197428.6025648,-1.9473919522989203,-2.3266480122258493,-0.014444429072394871,1.4504221677780151,0.1288071572780609,1.8513480424880981,0.6065945625305176,0.5528119802474976,1.4561304023156483,0.08857430313801984,0
,,,,,,1756197428.6556304,-1.8719349885272152,-2.318156568556958,0.08648056238123189,1.642135500907898,0.16102953255176544,2.749661922454834,0.8989402055740356,0.9130380749702454,1.6500119738037884,0.09774853441765588,1
,,,,,,1756197428.7065687,-1.7868429973619215,-2.29734507895869,0.23536333525188066,1.8941457271575928,0.15827138721942902,3.2198386192321777,0.8989402055740356,0.9130380749702454,1.9007466605841319,0.08336453295884175,1
,,,,,,1756197428.7572305,-1.695947793636755,-2.262183469209782,0.3880255651825253,2.0160765647888184,0.11699077486991882,2.971522331237793,0.6856533288955688,0.7831408381462097,2.0194681370339436,0.05796393103857127,0
,,,,,,1756197428.8088052,-1.6055542832505738,-2.2149530395962387,0.4928318897887338,2.0188684463500977,-0.004063597414642572,-0.08400386571884155,0.0,0.0,2.0188725359695208,-0.0020128066958732507,0
,,,,,,1756197428.8507078,-1.534978835848028,-2.177459119471126,0.48793645801442737,1.9630919694900513,-0.006815693806856871,-0.13760694861412048,2.0817663998889957e-12,-2.4761989333987877e-12,1.9631038012184678,-0.0034719037757994036,1
,,,,,,1756197428.904827,-1.4492160557987317,-2.1326352840641154,0.48111036363925547,1.8939670324325562,-0.007172889541834593,-0.1345585584640503,2.0817663998889957e-12,-2.4761989333987877e-12,1.8939806150765541,-0.003787212303827277,1
,,,,,,1756197428.9572837,-1.3660637475413062,-2.089880639865659,0.4750927051083627,1.8428246974945068,-0.0056275720708072186,-0.09771683067083359,0.2184145599603653,0.0073042078875005245,1.8428332901440467,-0.003053765550879413,1
,,,,,,1756197429.0082128,-1.2844207757372228,-2.0486983050732075,0.46310685413215835,1.8211504220962524,-0.04849295690655708,-1.0645390748977661,0.3785216808319092,-0.22612018883228302,1.8217959344479009,-0.026621359870059504,0
,,,,,,1756197429.0590568,-1.20056362600707,-2.0124733344705112,0.40467739656252694,1.8319123983383179,-0.06706312298774719,-1.2262548208236694,0.3785216808319092,-0.22612018883228302,1.8331395194175804,-0.03659191813642558,0
,,,,,,1756197429.109713,-1.112293168763809,-1.9792932379110533,0.36653464061565066,1.994292140007019,-0.026640072464942932,-0.41338640451431274,0.6838530898094177,-0.043514709919691086,1.994470063238532,-0.013357365024361082,1
,,,,,,1756197429.1502812,-1.036705585038959,-1.9523466690852378,0.3385278633452502,1.968841314315796,-0.05202622711658478,-1.1315505504608154,0.014724024571478367,-0.5217785835266113,1.9695285855414075,-0.02641864652175864,0
,,,,,,1756197429.2014353,-0.9445484763516301,-1.9270834705999536,0.25112791552654534,1.8567849397659302,-0.11687733978033066,-2.5285983085632324,0.45921790599823,-0.8873690962791443,1.860459788626375,-0.06286314535052218,0
,,,,,,1756197429.251948,-0.8526349129579656,-1.9151172483562686,0.11310235578580373,1.8657869100570679,-0.13015416264533997,-2.8960022926330566,0.5437757968902588,-0.6712175011634827,1.8703210686388074,-0.06964549728626455,0
,,,,,,1756197429.3026063,-0.756910849529882,-1.916423536879158,-0.03477309503726669,2.053701400756836,-0.12387780100107193,-3.139507293701172,0.0,0.0,2.0574341187633327,-0.06024628917345642,0
,,,,,,1756197429.3534155,-0.6558019071731414,-1.925767507422617,-0.08939141888012106,1.989395022392273,-0.007627828512340784,-0.14357292652130127,0.06565286219120026,-0.013742411509156227,1.9894096458213342,-0.0038342265094664387,0
,,,,,,1756197429.404089,-0.5582206354200078,-1.935348504693529,-0.09902022670812662,1.9185717105865479,-0.010662124492228031,-0.2051420956850052,0.003867533290758729,0.010818494483828545,1.9186013367976371,-0.005557266727611738,0
,,,,,,1756197429.454928,-0.4641738171784889,-1.9452793593764701,-0.10455357606261398,1.8506784439086914,-0.004577586892992258,-0.07996867597103119,0.003867533290758729,0.010818494483828545,1.850684105148704,-0.002473459164572404,0
,,,,,,1756197429.5059142,-0.3733342287680385,-1.9550065336980418,-0.10385917231895041,1.818479299545288,0.019980767741799355,0.448527991771698,0.35372552275657654,0.12857696413993835,1.8185890668191846,0.010987182381660583,0
,,,,,,1756197429.55662,-0.28225870773706485,-1.9624141278593228,-0.08023267809043257,1.840793490409851,0.02736498787999153,0.4889606535434723,0.35372552275657654,0.12857696413993835,1.8409968812838753,0.014864770251285997,0
,,,,,,1756197429.6074624,-0.19262440689172342,-1.9717429833681848,-0.1195005350093308,1.7302403450012207,-0.08138009905815125,-1.5613301992416382,0.07345005124807358,-0.36338308453559875,1.732153102930759,-0.0469993485290379,1
,,,,,,1756197429.6582668,-0.11007567347670069,-1.9888246025812935,-0.1990609862066573,1.627421259880066,-0.05523485317826271,-0.47331368923187256,0.018009433522820473,-0.007974606938660145,1.6283583285368257,-0.0339270846917429,1
,,,,,,1756197429.701563,-0.04734851977233561,-2.0030983185514284,-0.2100537653632009,1.5750452280044556,-0.012803194113075733,-0.1630702167749405,0.018009433522820473,-0.007974606938660145,1.5750972643107168,-0.008128599672915984,1
,,,,,,1756197429.752836,0.028602124483293183,-2.0209075731776514,-0.23279783902830636,1.5683324337005615,-0.06062422692775726,-1.0198208093643188,0.3967430293560028,-0.2188010960817337,1.5695037175769018,-0.038635978727277746,1
,,,,,,1756197429.803485,0.10442160849903667,-2.0440041853189945,-0.2856054132573169,1.5875071287155151,-0.03559930622577667,-0.17281341552734375,-0.027118822559714317,0.033216413110494614,1.587906229701973,-0.022420901401125008,0
,,,,,,1756197429.8556333,0.1791294678040452,-2.066746358457782,-0.287786977247545,1.5233365297317505,0.0006361159612424672,0.021018750965595245,-0.027118822559714317,0.033216413110494614,1.5233366625466245,0.000417580693335393,0
,,,,,,1756197429.9079895,0.25280369248777007,-2.0876239909091057,-0.2748389742840012,1.571882724761963,0.028082408010959625,0.4381519556045532,0.42965540289878845,0.13054528832435608,1.5721335573178212,0.017863559672502204,1
,,,,,,1756197429.9587765,0.3305125017902439,-2.1069226982309033,-0.2433113408625414,1.6394199132919312,0.09255945682525635,1.8411067724227905,0.5808836221694946,0.8674296140670776,1.642030726005427,0.056398788882722824,0
,,,,,,1756197430.0012765,0.3964049687664756,-2.116314583189866,-0.154302514088956,1.6990480422973633,0.14313800632953644,2.6077497005462646,0.5808836221694946,0.8674296140670776,1.7050667842904268,0.08404753849764574,0
,,,,,,1756197430.052182,0.48254125006818793,-2.119373661506342,-0.04960038417045645,1.7341216802597046,0.09975272417068481,1.660969853401184,0.3866633474826813,0.42059534788131714,1.7369883729968412,0.05746016418086691,1
,,,,,,1756197430.1030517,0.5695393888331635,-2.115913220152818,0.03315570777017094,1.7272154092788696,0.07902877032756805,1.1979293823242188,0.07856152951717377,0.2913350462913513,1.7290224453690186,0.04572312729220524,1
,,,,,,1756197430.1539044,0.6537058025356783,-2.1075732409109307,0.08988027025124777,1.634462594985962,0.06809738278388977,1.0809613466262817,0.07856152951717377,0.2913350462913513,1.6358805665299228,0.04163938766111809,1
,,,,,,1756197430.2049255,0.7330894898766243,-2.096390533252347,0.12644249180681896,1.5574240684509277,0.032976552844047546,0.4750353991985321,0.14943169057369232,0.14053772389888763,1.5577731484486812,0.021170615456102902,0
,,,,,,1756197430.2555034,0.8085458833492716,-2.0844897445408397,0.14953451060790776,1.4823617935180664,0.033011890947818756,0.5046367645263672,0.03311081603169441,0.1550416201353073,1.4827293319503898,0.022266113015760963,1
,,,,,,1756197430.3062246,0.879970009424043,-2.07129236598195,0.17418273930137548,1.4075055122375488,0.03427784889936447,0.48106274008750916,0.03311081603169441,0.1550416201353073,1.4079228451531896,0.024348803110896905,1
,,,,,,1756197430.358083,0.9473087748245398,-2.0558151976892085,0.21602099808360342,1.3476834297180176,0.07962440699338913,1.1243455410003662,0.23862887918949127,0.3585701584815979,1.350033582147336,0.059013822994895125,0
,,,,,,1756197430.408862,1.0109856855123884,-2.03596838796735,0.27666821234493333,1.3321661949157715,0.11066202074289322,1.6150786876678467,0.4187881648540497,0.5528897643089294,1.3367545974154214,0.08287894475191522,0
,,,,,,1756197430.449616,1.060957695854974,-2.0155208407630094,0.3431626668418956,1.3670121431350708,0.12276594340801239,1.7102034091949463,0.4999723434448242,0.5528897643089294,1.3725136343000746,0.08956576655643057,0
,,,,,,1756197430.5003886,1.1238303099784135,-1.9843461236266273,0.4239317605073835,1.4556680917739868,0.11078482121229172,1.581015944480896,0.4999723434448242,0.45872315764427185,1.459877690089125,0.07595939622266398,1
,,,,,,1756197430.5512471,1.1879952037987587,-1.9466990722244009,0.5048884414275097,1.4650543928146362,0.11270581185817719,1.668748140335083,0.14581619203090668,0.5309544205665588,1.4693831950624976,0.07677821545446814,1
,,,,,,1756197430.6019828,1.2461076859851612,-1.9054784611728237,0.5865421916409639,1.3555104732513428,0.11339689791202545,1.5770121812820435,0.14581619203090668,0.5309544205665588,1.3602453821094742,0.08346189456272082,1
,,,,,,1756197430.652813,1.297774761187846,-1.8615116573435855,0.6679064474153662,1.3480486869812012,0.11898715794086456,1.641114354133606,0.3312898874282837,0.5406439900398254,1.3532897717143157,0.0880380574445745,1
,,,,,,1756197430.703559,1.3458487908034389,-1.81268577109652,0.7567186833650213,1.4410580396652222,0.1412561535835266,2.0584208965301514,0.6346635222434998,0.6493453979492188,1.447964631684416,0.0977103795745354,0
,,,,,,1756197430.7543705,1.3930667317043872,-1.7537990173584608,0.8637221725170476,1.593738079071045,0.14461718499660492,2.247889518737793,0.6346635222434998,0.6493453979492188,1.6002859728427938,0.0904930458272437,0
,,,,,,1756197430.805226,1.4365166493744022,-1.6870190693300413,0.9709005185597773,1.5260332822799683,0.12933601438999176,1.9817676544189453,0.08674097806215286,0.6493231058120728,1.5315042877003189,0.08455101641301829,1
,,,,,,1756197430.855953,1.470444341827455,-1.6209379923865677,1.0674711257970262,1.4357744455337524,0.12969441711902618,1.879533290863037,0.2867918610572815,0.6180567145347595,1.4416202344166782,0.09008614269079203,1
,,,,,,1756197430.9078753,1.4968906991419786,-1.554206882790637,1.1581459534233811,1.4504132270812988,0.1216607540845871,1.738171935081482,0.43254533410072327,0.5244372487068176,1.4555067393787007,0.08368416722232547,0
,,,,,,1756197430.9583662,1.5172536442426003,-1.48659958198842,1.2387590243220694,1.3888068199157715,0.06314036250114441,0.6808594465255737,0.3174755573272705,0.17812708020210266,1.3902413777547171,0.04543246242826771,0
,,,,,,1756197431.0090272,1.5362712961052414,-1.418938864241892,1.282819004139166,1.4520319700241089,0.08902762085199356,1.3481216430664062,0.5064554810523987,0.3954084813594818,1.4547586601380522,0.061235782437018285,0
,,,,,,1756197431.0596747,1.5482952790998321,-1.348694302544347,1.3772492474666842,1.3935571908950806,0.14455129206180573,2.1667449474334717,0.1729469746351242,0.15307028591632843,1.4010341610153998,0.10335864107798166,0
,,,,,,1756197431.1002424,1.5560360327247134,-1.2942186691818367,1.3967078398529844,1.3961899280548096,0.008877907879650593,0.043846845626831055,0.4185388684272766,0.0210820771753788,1.3962181536028007,0.006358582060864596,0
,,,,,,1756197431.1508052,1.567160218585585,-1.2244640795894586,1.4156646345020263,1.3937500715255737,0.0717005580663681,1.1647355556488037,0.25056537985801697,0.38649046421051025,1.395593146982519,0.051399033045271145,0
,,,,,,1756197431.2016225,1.5718812045712072,-1.1545894248338793,1.4824685234928712,1.466423749923706,0.10926768183708191,1.6075605154037476,0.6074516177177429,0.4626389145851135,1.4704890481177864,0.07437558741328874,0
,,,,,,1756197431.2522478,1.571896884699696,-1.078922660581406,1.5381841431423051,1.533461093902588,0.016885438933968544,0.07283969223499298,0.2876453101634979,0.027124937623739243,1.533554056615193,0.011010880290095849,0
,,,,,,1756197431.303246,1.5738628147812272,-1.0019530359836861,1.5423786781536755,1.558734655380249,0.009252279065549374,0.1449573040008545,0.3459830582141876,0.06128154322504997,1.558762114804979,0.005935693014330978,0
,,,,,,1756197431.3539054,1.5751532906868924,-0.9235613686322695,1.5557570869582944,1.5417351722717285,0.04624387249350548,0.8565422296524048,0.036152273416519165,0.26516878604888916,1.5424285517206078,0.029985702183430028,0
,,,,,,1756197431.4043784,1.5725192752946775,-0.8482010498691768,1.5942538319039732,1.4598630666732788,0.042750563472509384,0.5955761671066284,0.047601304948329926,0.1804000288248062,1.4604888853099594,0.029275587884676484,0
,,,,,,1756197431.4554384,1.5688670348595652,-0.776645022911236,1.6061188874034185,1.4022563695907593,-0.02102205716073513,-0.3839499056339264,0.21844351291656494,-0.08043206483125687,1.4024139378033595,-0.014990470317272646,0
,,,,,,1756197431.5064163,1.568225596144528,-0.7068038608866524,1.587807193234586,1.466971755027771,-0.020243870094418526,-0.2775280177593231,0.6525494456291199,-0.0313839353621006,1.4671114287352744,-0.01379889226507401,0
,,,,,,1756197431.5573134,1.5663200523157517,-0.6281970568006563,1.604477948489136,1.7448933124542236,0.05069265514612198,0.8923223614692688,0.8493255972862244,0.2162477970123291,1.7456295188651103,0.02904383903846051,0
,,,,,,1756197431.60888,1.55865633996803,-0.5361135691186636,1.6557247745671668,1.9409797191619873,0.07318111509084702,1.4915350675582886,0.5365447998046875,0.3525352478027344,1.942358809747593,0.03768533361253777,0
,,,,,,1756197431.6594863,1.5463048204116112,-0.43998611204551824,1.6891915645938065,1.9024955034255981,-0.0017017829231917858,-0.11015293747186661,5.96646532358136e-06,4.241544957039878e-06,1.9024962645481693,-0.0008945001269357901,0
,,,,,,1756197431.700555,1.537612422198892,-0.36520805402993534,1.686442480604528,1.8482890129089355,-0.001171201467514038,-0.01828852854669094,0.07836130261421204,0.023427320644259453,1.8482893839853014,-0.0006336678422988082,0
,,,,,,1756197431.7507982,1.5272991409306163,-0.27472524023099976,1.683814947694177,1.7810466289520264,-0.004341119434684515,-0.07751273363828659,0.01356016006320715,0.010450677946209908,1.7810519194620138,-0.0024373931414349613,0
,,,,,,1756197431.801843,1.5168930258644153,-0.18593458754800357,1.690742477478502,1.826249599456787,0.016585351899266243,0.30720844864845276,0.43859708309173584,0.0912516862154007,1.8263249090492353,0.00908139608116415,0
,,,,,,1756197431.852496,1.505534375605801,-0.09515217790007652,1.690085299214791,1.814555287361145,-0.013614850118756294,-0.2684372067451477,0.23958921432495117,-0.029986459761857986,1.814606363659635,-0.007502992457952095,0
,,,,,,1756197431.9041033,1.4969751932400597,-0.005039675239767373,1.6604742457800794,1.812203288078308,-0.0473959743976593,-0.870227038860321,0.34539520740509033,-0.15427272021770477,1.8128229741789281,-0.026147823777375376,0
,,,,,,1756197431.9546375,1.4918175376286373,0.08468290774701039,1.6344514511959412,1.7585773468017578,-0.016227755695581436,-0.24787215888500214,0.021574920043349266,-0.023497862741351128,1.7586522182453317,-0.009227512876212388,0
,,,,,,1756197432.0054345,1.4866788392900827,0.17154753365393952,1.6344941480587278,1.7212718725204468,0.010065162554383278,0.18739193677902222,0.2378944754600525,0.06987212598323822,1.7213013003618198,0.0058474480392193455,0
,,,,,,1756197432.0562222,1.480110443218737,0.25592611916209795,1.648048838622302,1.6499968767166138,0.018244078382849693,0.29274192452430725,0.13067054748535156,0.09482362866401672,1.650097736369158,0.01105658756050559,0
,,,,,,1756197432.106799,1.4749688305998072,0.3415844693652635,1.6235350037869825,1.8151230812072754,-0.04526481777429581,-0.8113382458686829,0.6306346654891968,-0.13459588587284088,1.815687391502054,-0.024932434933414058,0
,,,,,,1756197432.157428,1.4730707157522793,0.43109477710630034,1.5955342173933527,1.7526127099990845,-0.028594741597771645,-0.4767434895038605,0.1893879771232605,-0.07377075403928757,1.752845963140338,-0.016314046210865137,0
,,,,,,1756197432.209061,1.4729247695582772,0.5172640480267019,1.5752786971572055,1.6938261985778809,-0.023568257689476013,-0.3801722228527069,0.11242221295833588,-0.05582192912697792,1.6939901575154772,-0.013913314663555972,0
,,,,,,1756197432.2498446,1.4739339237249225,0.5835538367722064,1.5603823444117182,1.608992338180542,-0.0002944062580354512,0.07415439188480377,0.029358593747019768,0.05166778340935707,1.6089923651151152,-0.00018297554796487634,0
,,,,,,1756197432.300344,1.4749516540003333,0.6633099796813472,1.5576336086263998,1.553730845451355,-0.015533087775111198,-0.260152667760849,0.09232474118471146,-0.03616822138428688,1.5538084878526088,-0.00999695047780346,0
,,,,,,1756197432.3513865,1.4778655572255865,0.7410169268477883,1.5349592545997361,1.5817395448684692,-0.03885120525956154,-0.6022974848747253,0.3969518542289734,-0.10987481474876404,1.582216610945174,-0.024557390078699497,0
,,,,,,1756197432.4019082,1.483700358292449,0.8209525172607353,1.5043217550892247,1.6072076559066772,-0.03999348357319832,-0.618599534034729,0.08776053786277771,-0.11483435332775116,1.6077051744437956,-0.02487869676920213,0
,,,,,,1756197432.4526386,1.4903167235527943,0.8998348818854011,1.4982464049502615,1.5538169145584106,0.015376090072095394,0.27261805534362793,0.20722787082195282,0.09671734273433685,1.5538929912042607,0.009895366730777653,0
,,,,,,1756197432.5040247,1.4936929571003912,0.9769251164403501,1.5299659138856352,1.5480786561965942,0.08215925842523575,1.4059185981750488,0.40833133459091187,0.41605329513549805,1.5502572913927668,0.05302201621664479,0
,,,,,,1756197432.5549827,1.4898745246146592,1.0576529757416795,1.6064033102841204,1.7543939352035522,0.10103409737348557,1.6836307048797607,0.801166296005249,0.39696770906448364,1.757300762166534,0.05752563517950786,0
,,,,,,1756197432.60619,1.4787665511494004,1.149174258843257,1.6848795045986236,1.9281269311904907,0.048383213579654694,0.7232332825660706,0.47511178255081177,0.15643183887004852,1.928733884738471,0.02508811082838252,0
,,,,,,1756197432.6569622,1.4666598651238083,1.2442655494416734,1.682724822816673,1.867233157157898,-0.03799736127257347,-0.8267577290534973,0.050346795469522476,-0.15367577970027924,1.8676197318120007,-0.020346745382283492,0
,,,,,,1756197432.7079034,1.4596977880259485,1.3357003073411202,1.6461523432777623,1.7835197448730469,-0.039703384041786194,-0.6959571242332458,0.05720403417944908,-0.12085050344467163,1.7839616136723313,-0.02225757667719441,0
,,,,,,1756197432.7594213,1.4558111332267853,1.4232466353075823,1.6213157108416385,1.7102118730545044,-0.013530876487493515,-0.17859062552452087,0.13505391776561737,-0.008334415033459663,1.7102653990989571,-0.007911647896669007,0
,,,,,,1756197432.8000002,1.4530393458424276,1.4907897335372073,1.6145574658615982,1.6411446332931519,0.004671572707593441,0.23481225967407227,0.06266585737466812,0.09062018990516663,1.64115128217312,0.0028465255257545904,0
,,,,,,1756197432.8507814,1.448469800018515,1.5720205636389424,1.6272129628835896,1.5924186706542969,0.03459280729293823,0.7301678657531738,0.2700023651123047,0.22533558309078217,1.5927943636781252,0.021720021205983753,0
,,,,,,1756197432.9012592,1.4405160750643133,1.6507244155759624,1.66638188174911,1.6029714345932007,0.0678580105304718,1.2028272151947021,0.6323195695877075,0.32874172925949097,1.6044070960061656,0.04230737838567892,0
,,,,,,1756197432.9519882,1.4265551892821842,1.7323445194379725,1.7351535269988216,1.6351237297058105,0.11029380559921265,1.990957260131836,0.1752198487520218,0.9374180436134338,1.6388393255595857,0.06735085781873863,0
,,,,,,1756197433.0027008,1.404292187980225,1.8083291749448662,1.842166172511847,1.5277849435806274,0.13766296207904816,2.1508829593658447,0.3063451945781708,0.7201682329177856,1.5339745516011791,0.08986356299140147,0
,,,,,,1756197433.053479,1.3744838717300676,1.8773877029498884,1.950213431374809,1.4281494617462158,0.1459539234638214,2.1646687984466553,0.11372911930084229,0.8659433722496033,1.4355881835890436,0.1018443471937678,0
,,,,,,1756197433.1046622,1.3396128005272556,1.9371163266007692,2.0561880349054706,1.2996584177017212,0.14911246299743652,2.04508900642395,0.11372911930084229,0.8659433722496033,1.3081844401016638,0.11423255733358718,0
,,,,,,1756197433.1559966,1.3012977633477056,1.9878414588075581,2.16039134880919,1.2205135822296143,0.15873108804225922,2.102858543395996,0.2625948488712311,0.9886031150817871,1.2307920062780895,0.12932682890708808,1
,,,,,,1756197433.2068646,1.2596434589317482,2.0314315568588843,2.2640703319606974,1.209473967552185,0.15813593566417694,2.048638105392456,0.6407188773155212,0.8173670768737793,1.2197681141654788,0.13001020442075725,1
,,,,,,1756197433.25788,1.2107000131624561,2.0734463992788887,2.3718855776165775,1.3830149173736572,0.16422489285469055,2.300199031829834,0.6407188773155212,0.8173670768737793,1.3927311575143275,0.11819069316771147,1
,,,,,,1756197433.3090851,1.1511801897853244,2.114907197174113,2.4902948777683327,1.4945948123931885,0.1622418910264969,2.3829715251922607,0.4502059817314148,0.8237397074699402,1.5033748981662838,0.10812903377645962,1
,,,,,,1756197433.359829,1.0845660338996932,2.1511769690330316,2.6097811377332607,1.5307501554489136,0.1575099378824234,2.4011244773864746,0.4502059817314148,0.8237397074699402,1.5388324856652196,0.1025363582038301,1
,,,,,,1756197433.4004433,1.0274659214301052,2.174707527841998,2.7104569514882892,1.5407637357711792,0.16855084896087646,2.6912474632263184,0.43696823716163635,1.1780507564544678,1.5499555729610421,0.10896107921941399,1
,,,,,,1756197433.451241,0.9525649941546,2.1952097097897183,2.8460796540712177,1.5515432357788086,0.17066313326358795,2.713002920150757,0.4343813359737396,1.129730463027954,1.5609011235649493,0.10955530936081223,0
,,,,,,1756197433.502366,0.8750516895595439,2.2055089871949756,2.9818660576108793,1.5343841314315796,0.16138866543769836,2.4963135719299316,-0.03141339123249054,0.9461063742637634,1.5428483282943932,0.10479607248617898,0
,,,,,,1756197433.5543451,0.8006533757150621,2.2060347021698767,3.099794187509026,1.406746745109558,0.1415483057498932,1.9042274951934814,0.0104608666151762,0.6483356356620789,1.4138501786741768,0.10028349530913112,0
,,,,,,1756197433.6051898,0.7325647577941454,2.1996461190869057,-3.0913781399484415,1.293715238571167,0.12939870357513428,1.7501697540283203,0.5777498483657837,0.7955578565597534,1.3001704284432012,0.09968945347975337,0
,,,,,,1756197433.6561167,0.666439534194318,2.1862664677207584,-2.987045060411804,1.4160696268081665,0.15918515622615814,2.2806100845336914,0.5777498483657837,0.7955578565597534,1.4249888076512625,0.11194341244324761,0
,,,,,,1756197433.7066934,0.5997130096373654,2.1672251978033557,-2.906552465001145,1.325053095817566,0.10156846046447754,1.3722853660583496,0.09538175910711288,0.45252564549446106,1.3289401261519798,0.0765027713965264,0
,,,,,,1756197433.757544,0.5373699660494787,2.144886441853483,-2.8329682032665304,1.3441118001937866,0.11404488235712051,1.5705509185791016,0.41951480507850647,0.5042617917060852,1.3489413503232939,0.08464502973882873,0
,,,,,,1756197433.808155,0.47506968820741113,2.1171361894559206,-2.7602097842357183,1.3713109493255615,0.09324570745229721,1.2615690231323242,0.3344634175300598,0.3858833611011505,1.374477530445097,0.06789298426398957,0
,,,,,,1756197433.8588104,0.4113628422176421,2.086256903309216,-2.7177387458721527,1.4816601276397705,0.0730259045958519,1.4105846881866455,0.4870758652687073,0.6567755937576294,1.483458633255253,0.0492466920405609,0
,,,,,,1756197433.909372,0.34708690728948194,2.0491134856133817,-2.635380839082894,1.4372153282165527,0.10783296078443527,1.5547678470611572,-0.04449867084622383,0.48978355526924133,1.4412549556175516,0.0748887767131698,0
,,,,,,1756197433.95996,0.2894385580487239,2.008975209299395,-2.5635011094405162,1.377789855003357,0.10206766426563263,1.430268406867981,0.33592721819877625,0.4449809193611145,1.381565305238523,0.07394564716803674,0
,,,,,,1756197434.0004869,0.24664821961869943,1.974200577952256,-2.4973319713616644,1.3661490678787231,0.13532376289367676,1.964561104774475,0.3522352874279022,0.7172143459320068,1.3728349487355018,0.09873282522267407,0
,,,,,,1756197434.051243,0.1967571204653051,1.9233228585833164,-2.3829857025352674,1.5421797037124634,0.1732320934534073,2.673703193664551,0.7758511900901794,0.9023919701576233,1.5518787313269395,0.11186047388757159,0
,,,,,,1756197434.1021428,0.14686834683619823,1.8605145302189219,-2.2739841760043356,1.6459221839904785,0.1158125102519989,1.7941004037857056,0.4681653082370758,0.4721975028514862,1.6499916282462939,0.07024751725802653,0
,,,,,,1756197434.152445,0.09910660491127164,1.7917166647429634,-2.1954207193985487,1.7139581441879272,0.07810003310441971,1.219146490097046,0.4575384855270386,0.29702121019363403,1.715736615917209,0.04553556111987022,0
,,,,,,1756197434.2030756,0.05344638367497369,1.719654567294941,-2.1459737447838707,1.6609539985656738,0.051108453422784805,0.801842987537384,0.06752931326627731,0.21395008265972137,1.6617401299127879,0.030760835248851717,0
,,,,,,1756197434.2540395,0.010886935316311706,1.6481767173636115,-2.1165287916431184,1.6956732273101807,0.02882983349263668,0.4449988901615143,0.4138234555721283,0.1229582279920578,1.6959182919927884,0.01700036043685154,0
,,,,,,1756197434.3045921,-0.031686887595396195,1.5734509190668715,-2.088130510100776,1.7548781633377075,0.06330811977386475,1.2425841093063354,0.4740505516529083,0.33100569248199463,1.7560197283028538,0.03605986932219221,0
,,,,,,1756197434.3554487,-0.06907516800637731,1.493389201724019,-2.000158329318801,1.774409532546997,0.12402226030826569,2.4116642475128174,0.4739120304584503,0.7752128839492798,1.7787385165463823,0.06978146016151748,0
,,,,,,1756197434.4059656,-0.0977761147311849,1.407239969000104,-1.9002369003856383,1.9400485754013062,0.06870277971029282,1.1670877933502197,0.8153533935546875,0.24489054083824158,1.9412646771773698,0.035398124922579335,0
,,,,,,1756197434.4566023,-0.1265500649548922,1.3087746251636303,-1.8570071924742393,2.223881244659424,0.03027113899588585,0.6342300176620483,0.9309237599372864,0.1307113915681839,2.224087258226182,0.01361100989807091,0
,,,,,,1756197434.5073311,-0.15445376572314576,1.1995902696198546,-1.801792504757556,2.234586477279663,0.058421097695827484,1.6543257236480713,0.31055229902267456,0.3695193827152252,2.2353500283170686,0.026138076673615066,0
,,,,,,1756197434.5582778,-0.17325534391312872,1.0888546888837007,-1.7102558448596814,2.264143705368042,0.05981827527284622,1.9367129802703857,0.49921858310699463,0.4129997491836548,2.2649337616394756,0.02641367820341435,0
,,,,,,1756197434.609154,-0.18625517454448365,0.97780074822154,-1.6869059816239944,2.193325996398926,-0.00797198060899973,-0.15611790120601654,0.0004268985358066857,0.0003034711699001491,2.193340484045779,-0.0036346377680276944,0
,,,,,,1756197434.6596754,-0.19946856482115843,0.8703652455267943,-1.6944479794762608,2.1223397254943848,-0.006372033152729273,-0.14546571671962738,0.0004566277202684432,0.00028486669179983437,2.1223492910494444,-0.003002353454572239,0
,,,,,,1756197434.7001748,-0.2106600547843946,0.7871493075295793,-1.7069987034554672,2.0607292652130127,-0.017399048432707787,-0.38883352279663086,-0.01613716036081314,-0.04668334126472473,2.06080271530094,-0.008442950417247958,0
,,,,,,1756197434.7512715,-0.22414376289539167,0.6868453371141384,-1.6932024969143868,1.9663701057434082,0.042758725583553314,0.9509799480438232,-0.018844123929739,0.23309531807899475,1.9668349451275446,0.02174157751420373,0
,,,,,,1756197434.8016417,-0.2317955918125388,0.5906705381543488,-1.645342906482107,1.8698351383209229,0.06026327982544899,1.2278568744659424,0.041784923523664474,0.34287816286087036,1.8708060047463353,0.032218042119330825,0
,,,,,,1756197434.8525987,-0.23231555194847253,0.49887078424315423,-1.5671624355504474,1.8055814504623413,0.1138780266046524,2.3034987449645996,0.4103974401950836,0.8345472812652588,1.8091690300237462,0.06298657438393353,0
,,,,,,1756197434.9058175,-0.2214856701480576,0.40856341076962627,-1.4441327217122226,1.881551742553711,0.12737247347831726,2.5974888801574707,0.6944140791893005,0.676952064037323,1.8858580823876674,0.06759231492901431,0
,,,,,,1756197434.9560642,-0.1998605831547101,0.31529543229874296,-1.345539198386384,1.8951526880264282,0.03866948187351227,0.6254757046699524,0.16807489097118378,0.1497708112001419,1.8955471610493269,0.020401583949066618,0
,,,,,,1756197435.0066605,-0.17808489440191325,0.22448554558151912,-1.341994061986409,1.8264907598495483,-0.005564542021602392,-0.12297819554805756,6.767836566723417e-07,2.590995791251771e-07,1.8264992362286085,-0.0030465660861947624,0
,,,,,,1756197435.0576017,-0.1582222929479779,0.13674023712034883,-1.3482981865715158,1.758656620979309,-0.007407007273286581,-0.12671935558319092,-6.656021582784888e-07,2.501092239981517e-06,1.7586722191105162,-0.0042117167094099335,0
,,,,,,1756197435.1081526,-0.13969244810311718,0.05215790445331411,-1.3545674917626003,1.6955746412277222,-0.031227340921759605,-0.7489493489265442,0.2660963237285614,-0.1921219676733017,1.695862173289906,-0.018414884411089946,0
,,,,,,1756197435.1490114,-0.12803292946751768,-0.014154622194721755,-1.3945175622253214,1.6573106050491333,-0.08636277168989182,-1.59279465675354,0.29711583256721497,-0.39305758476257324,1.6595592697889054,-0.05206309948734882,0
,,,,,,1756197435.2003517,-0.12046323255656148,-0.09566064738642066,-1.464329779563269,1.5897526741027832,-0.0654406026005745,-0.9644726514816284,-0.009805340319871902,-0.19532592594623566,1.5910990029805425,-0.041140787927059684,0
,,,,,,1756197435.2511153,-0.11609597394642783,-0.17345689153950078,-1.49861421154661,1.5151287317276,-0.021611962467432022,-0.2624410390853882,0.14334529638290405,-0.031214701011776924,1.515282861589934,-0.014263142421991863,0
,,,,,,1756197435.3017774,-0.11116739970679053,-0.24754656828363178,-1.494746315922138,1.4342848062515259,0.04097472503781319,0.683967649936676,0.037247106432914734,0.22148430347442627,1.434869970950644,0.028560285491066338,0
,,,,,,1756197435.3527632,-0.10388267700309121,-0.3185666678973934,-1.4812716289224892,1.4394433498382568,-0.000896455196198076,-0.0346730537712574,0.31726619601249695,0.015396634116768837,1.4394436289849981,-0.0006227789932830558,0
,,,,,,1756197435.4031134,-0.09773011799610362,-0.3912474502428855,-1.488405439482451,1.5534499883651733,-0.030492356047034264,-0.5291183590888977,0.7260087728500366,-0.09866536408662796,1.5537492236937902,-0.01962627767233301,0
,,,,,,1756197435.454011,-0.09294450312885913,-0.4712534937610731,-1.500767355746556,1.6387912034988403,0.012802994810044765,0.28439489006996155,0.37980565428733826,0.09848210215568542,1.6388412141941282,0.007812303554689577,0
,,,,,,1756197435.504881,-0.0857802813812004,-0.553844220280697,-1.4853914729533126,1.686370849609375,0.02011292241513729,0.3239382803440094,0.37980565428733826,0.09848210215568542,1.6864907862364156,0.011926183870654495,0
,,,,,,1756197435.5558758,-0.07596886373706803,-0.642223017583532,-1.4603335618566953,1.9120006561279297,0.03219393640756607,0.5811465978622437,0.735026478767395,0.13846218585968018,1.912271674886978,0.01683623609728202,1
,,,,,,1756197435.6065423,-0.06353723141675899,-0.7406758563669383,-1.4511638426939393,2.081408739089966,-0.005383768118917942,-0.1544591337442398,0.6236976385116577,-0.0023342908825725317,2.0814157019008093,-0.00258659244153901,0
,,,,,,1756197435.6572115,-0.05292254188545044,-0.8442473668534578,-1.4791552110573911,2.0351481437683105,-0.041335057467222214,-0.9412097334861755,0.1647486388683319,-0.15891321003437042,2.0355678701677866,-0.0203077968323186,0
,,,,,,1756197435.7078974,-0.04813287811962887,-0.9439474912325311,-1.5307760214143848,1.938131332397461,-0.05172368884086609,-1.0541898012161255,0.12888170778751373,-0.4006451666355133,1.9388213949737776,-0.02668106836600054,0
,,,,,,1756197435.758532,-0.050604573586168766,-1.0381768008418781,-1.6078678329815728,1.7971535921096802,-0.10010524839162827,-2.020310401916504,-0.08626269549131393,-0.7140487432479858,1.7999394696456537,-0.05564460829705809,0
,,,,,,1756197435.7991908,-0.05928256812010746,-1.107809924877153,-1.6805273154294391,1.706027865409851,-0.0225612111389637,-0.26608118414878845,-4.379681328714469e-08,-6.402984098485831e-08,1.70617703823576,-0.013223638680530078,0
,,,,,,1756197435.8501024,-0.06977424576221276,-1.1911371079351785,-1.689322468539674,1.639824628829956,-0.008695636875927448,-0.12474053353071213,-4.379681328714469e-08,-6.402984098485831e-08,1.639847684212769,-0.005302734950249278,0
,,,,,,1756197435.9011858,-0.07980725295809475,-1.2711905308079625,-1.6934613356095773,1.5746829509735107,-0.0019787142518907785,-0.021681927144527435,-0.07042713463306427,0.02259153313934803,1.5746841941788627,-0.0012565787984244836,1
,,,,,,1756197435.9518578,-0.0893909087472413,-1.3480465819576688,-1.6944480883986732,1.5106843709945679,-0.001259472337551415,-0.018283573910593987,-0.07042713463306427,0.02259153313934803,1.5106848960116808,-0.0008337095887967453,1
,,,,,,1756197436.002989,-0.09931963046185849,-1.4214683180934449,-1.7085224180200336,1.4314676523208618,-0.046798910945653915,-0.7383044362068176,-0.046027518808841705,-0.1699405312538147,1.4322324454175372,-0.032681317110187874,1
,,,,,,1756197436.0536745,-0.11246653716404142,-1.490174866122717,-1.7457346029456111,1.3490357398986816,-0.05342341214418411,-0.7333651781082153,-0.06634271144866943,-0.7258382439613342,1.3500931406718246,-0.039580501582143456,1
,,,,,,1756197436.104365,-0.1299181927614581,-1.5520145680353383,-1.8209942702543198,1.1905410289764404,-0.14555184543132782,-1.9994820356369019,-0.06634271144866943,-0.7258382439613342,1.199405386591517,-0.12165318214112611,1
,,,,,,1756197436.1566546,-0.15606763020903747,-1.6082241423863215,-1.9415650693853592,1.2875885963439941,-0.19846270978450775,-2.7385551929473877,0.5591917037963867,-0.8888257145881653,1.3027938595994788,-0.1529316669668513,0
,,,,,,1756197436.2073388,-0.1924016806404339,-1.6636056360333524,-2.0829478542741193,1.3297661542892456,-0.20708829164505005,-2.903226613998413,0.45359161496162415,-0.9787251353263855,1.345794778422652,-0.1544918906359907,0
,,,,,,1756197436.2581608,-0.23876525777314103,-1.7157116150640184,-2.238448349390867,1.5497782230377197,-0.23159608244895935,-3.6578218936920166,1.0172710418701172,-0.9804993271827698,1.566987327966521,-0.14834047381405205,0
,,,,,,1756197436.30886,-0.3030636258494722,-1.769179312327585,-2.4272037674031126,1.7635579109191895,-0.19127406179904938,-3.699375867843628,0.6941404342651367,-0.9159433245658875,1.7739002993073656,-0.10803688345920118,0
,,,,,,1756197436.3596659,-0.38037981717729774,-1.8158949848429555,-2.61005812377964,1.8062673807144165,-0.15309259295463562,-3.502368211746216,0.2608916759490967,-1.065988540649414,1.8127435540226016,-0.08455424676235744,0
,,,,,,1756197436.4003181,-0.44446872454353403,-1.8433004020968302,-2.735372593070354,1.668989896774292,-0.13914968073368073,-2.8839433193206787,0.2608916759490967,-1.065988540649414,1.6747805555304691,-0.08318121160244644,0
,,,,,,1756197436.4521785,-0.5245340198384412,-1.8643526937178856,-2.882228714160473,1.6550769805908203,-0.16717413067817688,-3.100883960723877,0.5130549073219299,-0.9099588990211487,1.6634984224968867,-0.10066544496366701,0
,,,,,,1756197436.50329,-0.6053686646961722,-1.8722759470916026,-3.030697532970596,1.5198646783828735,-0.16398584842681885,-2.734294891357422,0.124425008893013,-1.049405574798584,1.528685709712804,-0.10747925166744086,0
,,,,,,1756197436.5558665,-0.6782750621483143,-1.8681185604998396,3.1216730782422153,1.3659924268722534,-0.1610935926437378,-2.248434066772461,0.1598939299583435,-0.6711569428443909,1.3754586347335986,-0.11738933429789586,0
,,,,,,1756197436.6065438,-0.7433674037609833,-1.8561264185152055,3.0143262719112793,1.242366909980774,-0.14865434169769287,-1.9610217809677124,0.052280355244874954,-0.6098800897598267,1.2512288568925953,-0.11908795979744795,0
,,,,,,1756197436.6574106,-0.8011123761029073,-1.8391419562279956,2.919784303372909,1.1259307861328125,-0.14145861566066742,-1.7961345911026,0.052280355244874954,-0.6098800897598267,1.1347822148352016,-0.12498218856176929,0
,,,,,,1756197436.7084596,-0.8552395245278668,-1.8187770770198508,2.843650433123709,1.1812747716903687,-0.11485989391803741,-1.4718631505966187,0.40139302611351013,-0.428770512342453,1.1868457698719725,-0.09692914664613073,0
,,,,,,1756197436.7491906,-0.9003028802716253,-1.7976821560071377,2.760057958793103,1.387205958366394,-0.20464147627353668,-3.173110008239746,0.9961308240890503,-0.9583218693733215,1.4022191357768008,-0.1464642437883789,0
,,,,,,1756197436.8098934,-0.9777420100510381,-1.7449915773773481,2.569240409209127,1.7293258905410767,-0.184450164437294,-2.9933981895446777,0.7898502349853516,-0.6635196208953857,1.7391348133070745,-0.10625842270618123,0
,,,,,,1756197436.8505442,-1.0319944441763433,-1.6979323518742726,2.445544492593191,1.8469209671020508,-0.14606714248657227,-2.8864386081695557,0.41738155484199524,-0.5816124081611633,1.8526879577617401,-0.07892256686632433,0
,,,,,,1756197436.902838,-1.0947689782376409,-1.6301227802802176,2.310091205533233,1.830826759338379,-0.06829701364040375,-1.0796635150909424,0.0,0.0,1.8321001896134579,-0.03728662988464785,0
,,,,,,1756197436.9534125,-1.1536303144334672,-1.5617108629158774,2.2908694268813803,1.7643555402755737,-0.009809382259845734,-0.13759243488311768,0.0,0.0,1.7643828089395543,-0.005559696424926123,0
,,,,,,1756197437.0042117,-1.2104242905947218,-1.4959738739665982,2.284351082079608,1.6971925497055054,-0.007706928066909313,-0.12454022467136383,0.000359235389623791,-0.00012774963397532701,1.6972100481425694,-0.004540955058509578,0
,,,,,,1756197437.0550494,-1.264646632615362,-1.4324379044591233,2.2781593482663633,1.6306895017623901,-0.007838452234864235,-0.1230238825082779,0.0001340937742497772,-0.0007810351671651006,1.6307083407193053,-0.00480679605553367,0
,,,,,,1756197437.1058078,-1.3159601865939459,-1.3710438214557659,2.26396424454361,1.525288462638855,-0.06620039790868759,-1.3316272497177124,0.013174992986023426,-0.5763752460479736,1.5267243978342884,-0.043374665639942786,0
,,,,,,1756197437.156566,-1.357451744548056,-1.3100548251224178,2.184808511626697,1.449162244796753,-0.0998603031039238,-1.4036507606506348,0.37170472741127014,-0.31870609521865845,1.4525988062367294,-0.06880022700084214,0
,,,,,,1756197437.2073445,-1.3937320454632198,-1.2466169399122493,2.115469841501877,1.467985987663269,-0.10436626523733139,-1.6125552654266357,0.366822749376297,-0.39770591259002686,1.4716912642586735,-0.07097544418041069,0
,,,,,,1756197437.2580423,-1.4249716615845425,-1.1798102470483123,2.0333210680093585,1.4770681858062744,-0.11365243047475815,-1.6662317514419556,0.366822749376297,-0.39770591259002686,1.4814342038962982,-0.07679329426395881,0
,,,,,,1756197437.3087652,-1.4534640475498706,-1.1108312523829824,1.9873041862613705,1.5068241357803345,-0.048974376171827316,-0.6966392397880554,0.34418684244155884,-0.1361110657453537,1.5076198014391995,-0.03249028273730944,0
,,,,,,1756197437.3495383,-1.4749139746923674,-1.054606194514083,1.9483278604222194,1.4863289594650269,-0.08927908539772034,-1.3328121900558472,0.2816688120365143,-0.31781208515167236,1.48900790153506,-0.05999475616817523,0
,,,,,,1756197437.40039,-1.4960288292309394,-0.983396872714627,1.8779434576445249,1.552148699760437,-0.11006804555654526,-1.7112845182418823,0.7272047996520996,-0.37206193804740906,1.5560464520124884,-0.07079482814731235,0
,,,,,,1756197437.4514024,-1.512451908191507,-0.903122939169824,1.7878321844824394,1.755679965019226,-0.11399349570274353,-1.917320728302002,0.674083948135376,-0.30870044231414795,1.7593767807472174,-0.06483739324462492,0
,,,,,,1756197437.5022035,-1.5238175259376707,-0.8125273125084419,1.7002602389377655,1.9201844930648804,-0.09291976690292358,-1.7433180809020996,0.674083948135376,-0.30870044231414795,1.9224314215305902,-0.04835334263953251,0
,,,,,,1756197437.5529304,-1.5309816441835304,-0.7147378497478316,1.6530062179333365,1.9485689401626587,-0.015193584375083447,-0.21797215938568115,0.03082418441772461,-0.01095585897564888,1.9486281737603994,-0.00779714597735587,0
,,,,,,1756197437.6043818,-1.5379074338114178,-0.6189527469343962,1.6438574421893566,1.8792247772216797,-0.007967689074575901,-0.13928332924842834,0.021316232159733772,-0.0005699198227375746,1.8792416681717816,-0.004239855406181095,0
,,,,,,1756197437.6551998,-1.543952356348703,-0.5265730761195405,1.6350117308483982,1.808131456375122,-0.017893802374601364,-0.3536156415939331,0.04753566160798073,-0.049214620143175125,1.8082199953812705,-0.009895971995168368,0
,,,,,,1756197437.7067294,-1.5480454556926238,-0.4377319657198405,1.6171744905866388,1.7356911897659302,-0.014842252247035503,-0.18966089189052582,-0.011157369241118431,-0.010982990264892578,1.735754648181256,-0.008550997193414147,0
,,,,,,1756197437.758985,-1.5510726557085148,-0.3523579855291712,1.6081020934417942,1.6681997776031494,-0.007884101010859013,-0.09294843673706055,-0.005280673038214445,0.007284156512469053,1.6682184080760964,-0.004726078025756222,0
,,,,,,1756197437.8095121,-1.5537089000347886,-0.2701106825952698,1.6047114565178642,1.64130437374115,0.00013817920989822596,0.020857686176896095,0.3378077447414398,0.0336712971329689,1.641304379557711,8.418865615815342e-05,0
,,,,,,1756197437.8506496,-1.5562159375243072,-0.20403470825431252,1.6109984528837717,1.686568021774292,0.030733000487089157,0.6102898120880127,0.4669840633869171,0.1717740148305893,1.6868480101629157,0.018220195774498616,0
,,,,,,1756197437.9012828,-1.5619775032367416,-0.11791272786495127,1.6309208756701845,1.7994402647018433,0.004129678942263126,0.007448496297001839,0.5330837965011597,0.024134941399097443,1.7994450034603462,0.0022949757060839494,0
,,,,,,1756197437.9528728,-1.56769101211149,-0.026746355786965832,1.633864155238271,1.8091096878051758,0.008183400146663189,0.15607622265815735,0.04394681006669998,0.06111866980791092,1.8091281962725863,0.004523409712296742,0
,,,,,,1756197438.003448,-1.5736072340592673,0.06216026537887023,1.6352010579435539,1.741904616355896,-0.0035188731271773577,-0.06910444051027298,-0.03233899921178818,0.011400287970900536,1.7419081706422033,-0.0020201268814590396,0
,,,,,,1756197438.0542488,-1.5783986178418545,0.15144563186667592,1.6216659191895473,1.9158520698547363,-0.023467054590582848,-0.4395638704299927,0.7492616772651672,-0.05477000027894974,1.9159957871085822,-0.012248273985872981,0
,,,,,,1756197438.1049836,-1.581935611973122,0.24814796875843242,1.609920129869067,1.9061214923858643,-0.004561454989016056,-0.0676410123705864,0.057384371757507324,0.014598056674003601,1.906126950286085,-0.002393051177420504,0
,,,,,,1756197438.1555083,-1.5850686818149475,0.3420228775239088,1.6036607373503462,1.8373229503631592,-0.007753751240670681,-0.14025305211544037,3.069182639592327e-05,-0.0026412273291498423,1.8373393112295522,-0.00422011013871006,0
,,,,,,1756197438.206193,-1.5873946460966049,0.4324946447216813,1.5967518285276827,1.7693145275115967,-0.0073166959919035435,-0.12205271422863007,0.0013531490694731474,0.001404689159244299,1.7693296559159977,-0.004135304475890322,0
,,,,,,1756197438.2567918,-1.5890766165181713,0.5195985491495259,1.5906112304830946,1.7021269798278809,-0.0074680885300040245,-0.1222534105181694,0.19021542370319366,-0.2872583270072937,1.702143362882303,-0.004387475610431113,0
,,,,,,1756197438.3075492,-1.5872772007389078,0.6026881257364838,1.5444360893433566,1.600881576538086,-0.08314342796802521,-1.425013542175293,0.0788300484418869,-0.3442620635032654,1.6030391921950446,-0.05188940535820363,0
,,,,,,1756197438.35853,-1.5784838822574678,0.6801772461262103,1.4718935480677577,1.5124727487564087,-0.054968032985925674,-0.3493015468120575,0.24057666957378387,0.017246568575501442,1.5134712750432722,-0.03632716764106534,0
,,,,,,1756197438.399237,-1.5712448689774126,0.7400244849368691,1.465280057208752,1.4971619844436646,-0.005646781995892525,-0.052560996264219284,0.5276942849159241,-0.14826121926307678,1.49717263326919,-0.0037716394611169114,0
,,,,,,1756197438.4601247,-1.5580444774050553,0.8325520339488817,1.4274408275272135,1.6181468963623047,-0.050855133682489395,-0.7971819639205933,0.5276942849159241,-0.14826121926307678,1.6189458369040093,-0.03141766682220204,0
,,,,,,1756197438.5005312,-1.5456798438746975,0.8983389209597572,1.3957108964427378,1.7177112102508545,-0.04832809045910835,-0.7779935002326965,0.31762269139289856,-0.18782491981983185,1.718390935191663,-0.028127745951638247,0
,,,,,,1756197438.551896,-1.526515121938162,0.9819187687318429,1.3487746259314277,1.7148361206054688,-0.04070968180894852,-0.48602351546287537,0.3241511881351471,-0.06695875525474548,1.7153192702019644,-0.023735234101461816,0
,,,,,,1756197438.6026554,-1.505189395063812,1.0652396152887935,1.3254861221711935,1.7269717454910278,-0.02773214876651764,-0.44868528842926025,0.3241511881351471,-0.06695875525474548,1.7271943960653462,-0.016056872654622387,0
,,,,,,1756197438.6532443,-1.4824407432478977,1.1486469410724212,1.3118599527354158,1.7133058309555054,0.02757122740149498,0.7236284017562866,0.25176578760147095,0.23330171406269073,1.713527660403111,0.016091025473364686,0
,,,,,,1756197438.7041473,-1.4656587663388911,1.2311529028376118,1.3781534719009547,1.6660411357879639,0.12370353192090988,2.3082594871520996,0.6255288124084473,0.9640474319458008,1.6706273162938992,0.07411398790403573,0
,,,,,,1756197438.754696,-1.4605994897820394,1.3164417785719897,1.5096951919405643,1.7633135318756104,0.15235288441181183,2.891730785369873,0.0505719855427742,0.5251225829124451,1.7698830506799705,0.08618742788753872,0
,,,,,,1756197438.8055387,-1.4655038574287234,1.4025879662860978,1.6171022264480281,1.6532248258590698,0.10922535508871078,1.8139559030532837,0.0505719855427742,0.5251225829124451,1.6568290506358845,0.06597218105906305,0
,,,,,,1756197438.8561785,-1.4760193087012738,1.4826317623352456,1.6752855968886935,1.5776762962341309,0.030754875391721725,0.5340887308120728,0.2942599952220917,0.13892018795013428,1.5779760321561938,0.019491311784877494,0
,,,,,,1756197438.9093645,-1.4865534984542175,1.5607944597858734,1.6994117657961902,1.576244831085205,0.0312295313924551,0.4726492166519165,0.2942599952220917,0.13892018795013428,1.5765541700664203,0.019810022822507645,0
,,,,,,1756197438.9497309,-1.4965736487037662,1.6239623032045334,1.720754443715057,1.6656466722488403,0.03839107230305672,0.610662043094635,0.4131539463996887,0.3004910945892334,1.666089046601716,0.02304466892992611,0
,,,,,,1756197439.0004437,-1.5135243526343245,1.706281058271362,1.7720138201806925,1.7039176225662231,0.07137136161327362,1.1878124475479126,0.2610180974006653,0.4239051938056946,1.705411720304004,0.04186215604056059,0
,,,,,,1756197439.0510626,-1.5366732054578212,1.7870947068929808,1.8446521298090324,1.6458183526992798,0.09420453757047653,1.5467890501022339,0.01781480200588703,0.19101396203041077,1.648512221665535,0.05717633377389505,0
,,,,,,1756197439.1016314,-1.5631493899722302,1.8635032279644428,1.8890681475443178,1.5685759782791138,0.04550595581531525,0.6760267615318298,0.16805268824100494,0.06764218211174011,1.5692359260636828,0.029002863982125145,0
,,,,,,1756197439.1522377,-1.5889879088545218,1.9362254752190917,1.903327205484748,1.4955483675003052,0.04313121363520622,0.9891350865364075,0.2223622053861618,0.5508175492286682,1.4961701845453523,0.0288317400445825,0
,,,,,,1756197439.203126,-1.618280699972568,2.0030125060838717,1.9739171775113993,1.4051613807678223,0.11261406540870667,1.6538732051849365,0.2223622053861618,0.5508175492286682,1.409666781097295,0.07997222806920255,0
,,,,,,1756197439.2536633,-1.6525136410066639,2.0631779746663432,2.0538595372281883,1.3476217985153198,0.11197388172149658,1.5425416231155396,0.6024860143661499,0.850142776966095,1.3522657512565512,0.08289956189260574,0
,,,,,,1756197439.3044145,-1.6933995458564062,2.1200747571329934,2.1594335494325168,1.4776279926300049,0.16943103075027466,2.6003944873809814,0.6912886500358582,1.0226361751556396,1.4873101084793576,0.11416559652173686,0
,,,,,,1756197439.3553145,-1.7466741992242996,2.1765243507625476,2.296891419474459,1.584059238433838,0.16407984495162964,2.5800352096557617,-0.05678912252187729,0.9165664911270142,1.59253441607613,0.10321380309269691,0
,,,,,,1756197439.4071453,-1.8057432269033578,2.2257324298856225,2.4172290964959724,1.4496684074401855,0.15123264491558075,2.255923271179199,-0.05678912252187729,0.9165664911270142,1.4575355242388865,0.10394623412612655,0
,,,,,,1756197439.4578788,-1.8649761822885893,2.263811855124628,2.5287163668780432,1.3294068574905396,0.1543371081352234,2.1364474296569824,0.15640397369861603,0.9137048721313477,1.3383357335476087,0.1155773169215731,0
,,,,,,1756197439.5087612,-1.9228652316262236,2.291955705993871,2.6323718868438046,1.2377588748931885,0.15176893770694733,1.2280848026275635,0.33835047483444214,0.4451148211956024,1.247028805934148,0.12200690366813094,0
,,,,,,1756197439.5492435,-1.9687830410496214,2.3114643624729676,2.6854359793564964,1.2618918418884277,0.10061722248792648,1.3148695230484009,0.3879305422306061,0.31550437211990356,1.2658968544418434,0.07956688309751925,0
,,,,,,1756197439.6003566,-2.028226529049404,2.334422083648045,2.7381056493032965,1.3025203943252563,0.07500115782022476,1.0002391338348389,0.3879305422306061,0.31550437211990356,1.3046779492685523,0.057518047684200393,0
,,,,,,1756197439.6510355,-2.091326352865266,2.3555021672803678,2.7961276569905955,1.4190154075622559,0.1223687157034874,1.9452627897262573,0.3218614161014557,0.34670427441596985,1.4242818644783748,0.08602213272239209,0
,,,,,,1756197439.7017827,-2.1604719977364195,2.3730103816248613,2.862928217727974,1.4249142408370972,0.08380736410617828,1.177078366279602,0.3218614161014557,0.34670427441596985,1.4273767085176872,0.05874804519014811,0
,,,,,,1756197439.752287,-2.230754336616508,2.3862651823474192,2.9365300032901813,1.4427293539047241,0.13765361905097961,2.1594488620758057,0.5609695315361023,1.044382929801941,1.449281376219323,0.09512399421264425,0
,,,,,,1756197439.8033192,-2.3048165845957707,2.390031512725064,3.0601043638402046,1.5284667015075684,0.17254075407981873,2.6894845962524414,0.5609695315361023,1.044382929801941,1.538174492518927,0.11240899903617586,0
,,,,,,1756197439.8543825,-2.3831251873166686,2.383457590773225,-3.085875774785374,1.6136678457260132,0.17181308567523956,2.812849521636963,0.19489246606826782,0.8261831998825073,1.6227888503250445,0.1060740016366664,1
,,,,,,1756197439.9056597,-2.460348141649575,2.3673706035876045,-2.9630932776256853,1.5031003952026367,0.14641471207141876,2.239176034927368,0.19489246606826782,0.8261831998825073,1.5102145761345567,0.09710212982867211,1
,,,,,,1756197439.9565227,-2.530418643980936,2.3446339838676513,-2.8646779033007204,1.4337002038955688,0.11310108751058578,1.577813982963562,0.25694453716278076,0.4818366765975952,1.4381544182201969,0.0787245065642729,1
,,,,,,1756197440.007488,-2.596111949609202,2.31795856625585,-2.7872371072526083,1.3847732543945312,0.1082461029291153,1.5151526927947998,0.25694453716278076,0.4818366765975952,1.3889975467529672,0.0780101962227654,1
,,,,,,1756197440.0581121,-2.664756786570756,2.2863782322046045,-2.7344138316204103,1.6846307516098022,0.06494897603988647,0.9986758232116699,0.825502336025238,0.23881639540195465,1.6858823027596075,0.03853474990484083,1
,,,,,,1756197440.1085672,-2.7449353267907437,2.2462928762026855,-2.6821428802669787,1.8645880222320557,0.07854022085666656,1.5810456275939941,0.08979363739490509,0.6810588836669922,1.8662414256851827,0.04209713830731796,1
,,,,,,1756197440.1500652,-2.807573197505684,2.2090839180412813,-2.6077009271325804,1.794339656829834,0.11645083129405975,2.292323350906372,0.5402135252952576,0.7778068780899048,1.7981144569190481,0.06480810392400518,0
,,,,,,1756197440.20085,-2.879178626858418,2.1544184288606876,-2.4834185396821984,1.7726645469665527,0.1293177306652069,2.5615174770355225,0.25512897968292236,0.9507356286048889,1.7773752196811263,0.0728220447705741,0
,,,,,,1756197440.2516263,-2.9409474478139446,2.0935505803597785,-2.3687905129462767,1.6655657291412354,0.1073564887046814,1.7892518043518066,2.8658319934038445e-05,0.507132887840271,1.6690220531067805,0.06436742820510853,0
,,,,,,1756197440.3035133,-2.993029774014289,2.0313424514480505,-2.281695880917305,1.551395297050476,0.10834885388612747,1.6839847564697266,2.8658319934038445e-05,0.507132887840271,1.555174215915623,0.06972639923404149,0
,,,,,,1756197440.3561506,-3.035563208008508,1.9692425573204217,-2.1915194198391856,1.4170070886611938,0.13847850263118744,2.1145143508911133,-0.004756717476993799,0.9231865406036377,1.4237574881302815,0.09741671157079566,1
,,,,,,1756197440.407608,-3.06672584964111,1.9082582769105032,-2.0856329930497837,1.284164309501648,0.15177413821220398,2.0758285522460938,0.1016526147723198,0.7833162546157837,1.2931022244308072,0.11764328630857239,1
,,,,,,1756197440.4587736,-3.0886371972054736,1.8499154910068447,-1.9897160447867681,1.1693310737609863,0.1398564726114273,1.8019253015518188,0.1016526147723198,0.7833162546157837,1.177665059766287,0.11903835961853591,1
,,,,,,1756197440.4994247,-3.100909385534133,1.8058536132929819,-1.919398058914052,1.144055962562561,0.15427346527576447,2.1995785236358643,0.722801923751831,1.0348432064056396,1.1544108226983756,0.13403927973593616,1
,,,,,,1756197440.5520382,-3.1111165827577048,1.7444763127002292,-1.8030212184035082,1.363724946975708,0.18257491290569305,2.5493969917297363,0.722801923751831,1.0348432064056396,1.3758921941149382,0.13308819171097291,1
,,,,,,1756197440.6033154,-3.1170698238941386,1.6724732562060858,-1.7045496612230766,1.5280201435089111,0.10814059525728226,1.543436884880066,0.5682836174964905,0.4146260917186737,1.5318420112112061,0.07065390517091334,1
,,,,,,1756197440.653917,-3.1199001649774383,1.5933913801307023,-1.6260220857855008,1.6539705991744995,0.10252568870782852,1.6201153993606567,0.5682836174964905,0.4146260917186737,1.6571452138477991,0.06190840005623845,1
,,,,,,1756197440.7049325,-3.1194796720515074,1.512062080966372,-1.5825117110469606,1.5789594650268555,0.04195462539792061,0.6198634505271912,0.09354668855667114,0.17538727819919586,1.5795167560966783,0.02656480859029406,1
,,,,,,1756197440.756156,-3.117411859726539,1.4346905855294156,-1.552285872888048,1.5031406879425049,0.01558850146830082,-0.059835780411958694,0.00016430688265245408,-7.653762440895662e-05,1.5032215169848702,0.010370248628642113,1
,,,,,,1756197440.807183,-3.116084928106604,1.3608397408574335,-1.5563244243577246,1.4387214183807373,-0.007047825027257204,-0.10563527792692184,0.00016430688265245408,-7.653762440895662e-05,1.43873868077045,-0.004898633302107351,1
,,,,,,1756197440.857802,-3.1147687551675625,1.2903679725385633,-1.5466851484365027,1.3592013120651245,0.0464409738779068,0.7201148271560669,0.08429239690303802,0.2390488237142563,1.3599944745381447,0.034154553665796374,1
,,,,,,1756197440.9084296,-3.1100138862723385,1.2240716128207678,-1.520285076944632,1.3014603853225708,-0.016547929495573044,-0.4986411929130554,0.2800198197364807,-0.15864251554012299,1.3015655836470803,-0.012714207830690133,0
,,,,,,1756197440.9490376,-3.109259245308988,1.172158247587737,-1.5445830337248754,1.2924590110778809,-0.049504008144140244,-0.6735925674438477,0.5840346217155457,-0.3081941306591034,1.2934067195351773,-0.038283474056931416,0
,,,,,,1756197441.0009198,-3.1127597727427188,1.104546571884078,-1.6022058090498212,1.443037986755371,-0.09515292197465897,-1.3633781671524048,-0.0037419244181364775,-0.3000538945198059,1.4461717428366903,-0.06584398571681416,0
,,,,,,1756197441.051706,-3.121232873434328,1.0346576722064325,-1.664852533519881,1.3485338687896729,-0.08638720214366913,-1.1866555213928223,-0.0037419244181364775,-0.3000538945198059,1.351298021891194,-0.06397267827745617,0
,,,,,,1756197441.1024632,-3.13113230498894,0.9679678512431359,-1.689815729146002,1.374779224395752,0.0014145366149023175,0.065119668841362,0.36138707399368286,0.04951540008187294,1.3747799521174362,0.0010289187460964092,0
,,,,,,1756197441.1530697,-3.1383370539883284,0.8993558230404273,-1.6763530389347214,1.3505804538726807,0.028300372883677483,0.3945657014846802,0.08717609196901321,0.1373390108346939,1.3508769275875174,0.020951163518853344,0
,,,,,,1756197441.2038696,-3.142667684785458,0.8324760739529709,-1.6425757647791408,1.3709633350372314,0.08053038269281387,1.1890079975128174,0.4731869101524353,0.36690065264701843,1.373326475588765,0.05867257830685843,0
,,,,,,1756197441.2544696,-3.141443537563105,0.7617787092859356,-1.5744633370022734,1.514460802078247,0.12852121889591217,2.093614101409912,0.7880721092224121,0.6445255279541016,1.519904347233068,0.08465984876607079,1
,,,,,,1756197441.3052657,-3.1311781284052165,0.6818624572485437,-1.4613228783523042,1.7304970026016235,0.09569842368364334,1.1806221008300781,0.5740593075752258,0.18960194289684296,1.733141097634217,0.055244849738977204,0
,,,,,,1756197441.356032,-3.116365023963729,0.593675885733309,-1.4159539385886457,1.8678311109542847,0.048042602837085724,0.8196812272071838,0.12810850143432617,0.4432970881462097,1.8684488622213025,0.025715393749503962,0
,,,,,,1756197441.4067647,-3.096754677416932,0.5048829368973639,-1.3474374636179918,1.7466875314712524,0.08865928649902344,1.62049400806427,0.12810850143432617,0.4432970881462097,1.7489361914259918,0.05071500252074663,0
,,,,,,1756197441.4574296,-3.073307401620042,0.42245113715866844,-1.311418483852084,1.671329140663147,3.791524432017468e-05,-0.08870050311088562,1.551280183775816e-05,1.9060842532780953e-05,1.6713291410932136,2.2685683741878932e-05,0
,,,,,,1756197441.5082123,-3.0540982087188024,0.3408171782724422,-1.3492790921910651,1.716406226158142,-0.08174571394920349,-1.4837250709533691,0.5102093815803528,-0.30643364787101746,1.718351737841674,-0.047590127714594206,0
,,,,,,1756197441.559052,-3.041680737381201,0.25357637929616933,-1.4259498606359764,1.8555644750595093,-0.0887787714600563,-1.5670390129089355,0.6926000118255615,-0.2860177457332611,1.857687054206071,-0.04780815981389963,0
,,,,,,1756197441.6097145,-3.0349003284377845,0.15868666255633945,-1.498381243436207,1.916787028312683,-0.06431929767131805,-1.1622742414474487,0.3065052032470703,-0.19747844338417053,1.9178658670409403,-0.033543201220416846,0
,,,,,,1756197441.6602015,-3.0323153780578185,0.06375641146640645,-1.537603451516939,1.8775887489318848,-0.018561048433184624,-0.1903480440378189,0.0003081650356762111,-0.00022304760932456702,1.8776804900287318,-0.009885255147217229,0
,,,,,,1756197441.7005947,-3.0304547660126135,-0.009959488027384042,-1.5434526836682747,1.809388279914856,-0.007949082180857658,-0.1324310153722763,9.713854524306953e-05,-8.154177521646488e-06,1.8094057409549575,-0.00439321461791703,0
,,,,,,1756197441.751212,-3.0286330320288006,-0.0990555372373538,-1.5499208829581572,1.7417528629302979,-0.007533025927841663,-0.12607964873313904,4.981810707249679e-05,3.262744940002449e-05,1.7417691529033112,-0.004324941338920959,0
,,,,,,1756197441.8018072,-3.02747841648248,-0.18517276798966992,-1.5571126194975098,1.7126133441925049,-0.01035283412784338,-0.17329031229019165,0.28230810165405273,-0.01024039089679718,1.7126446356091254,-0.006044976853123467,0
,,,,,,1756197441.8524477,-3.0265709261093514,-0.27037690461527525,-1.5571008975836846,1.6859105825424194,0.007082168012857437,0.12795943021774292,0.22774279117584229,0.056650638580322266,1.6859254578516463,0.004200772228184036,0
,,,,,,1756197441.9032292,-3.0250565342958513,-0.35537571493224457,-1.5545429066385563,1.7437546253204346,9.53789713094011e-05,-0.004476548638194799,0.4326372742652893,0.025620797649025917,1.7437546279289289,5.4697472814878085e-05,0
,,,,,,1756197441.953948,-3.023922021336779,-0.4439004827304538,-1.5623758142745925,1.780788540840149,-0.04659828916192055,-1.0322939157485962,0.32543888688087463,-0.23046234250068665,1.7813981104010423,-0.02616125205930487,0
,,,,,,1756197442.0044706,-3.029234123326627,-0.5344627512027731,-1.6388933123802212,1.896875262260437,-0.10310573875904083,-2.0667152404785156,0.6925630569458008,-0.3963363468647003,1.8996753812008647,-0.05430213441054352,0
,,,,,,1756197442.0565786,-3.0424515054619827,-0.6292044369587637,-1.7026014833827685,1.8930469751358032,-0.033531077206134796,-0.5693047642707825,0.22476798295974731,-0.08283059298992157,1.893343915724087,-0.01771090290285827,0
,,,,,,1756197442.107504,-3.0568625633125954,-0.7221875336083077,-1.7214836778410507,1.8708710670471191,-0.013797324150800705,-0.23280107975006104,0.2685976028442383,-0.01815684139728546,1.870921942697703,-0.007374679242363705,0
,,,,,,1756197442.1580017,-3.0697959839776945,-0.8138601074269558,-1.6983642588365613,1.8153187036514282,0.06054946407675743,1.2153630256652832,0.24939563870429993,0.31575363874435425,1.816328228439641,0.03334236815058593,0
,,,,,,1756197442.208821,-3.0781993569650328,-0.9029034255411262,-1.6776241146834967,1.7447632551193237,-0.014141019433736801,-0.32390326261520386,0.16693347692489624,-0.048763297498226166,1.7448205594975097,-0.008104658194162775,0
,,,,,,1756197442.2494838,-3.0856457670291473,-0.9712841857197577,-1.6726171644451415,1.6573036909103394,0.043505921959877014,0.7491623163223267,0.10949699580669403,0.21543319523334503,1.6578746301064544,0.026244998295101466,0
,,,,,,1756197442.3003163,-3.0907565018986562,-1.0535132208566385,-1.6402066071416361,1.6589818000793457,0.01757865399122238,0.1711883246898651,0.44185078144073486,0.054655373096466064,1.659074929613081,0.01059565339782844,0
,,,,,,1756197442.3508775,-3.096959036558102,-1.138501556953917,-1.6561573722146972,1.8004040718078613,-0.06924892961978912,-1.4335565567016602,0.7151758670806885,-0.2906993627548218,1.8017353401750802,-0.03844404263771619,0
,,,,,,1756197442.4017107,-3.1090682200178867,-1.2343376162142687,-1.6830308193156955,2.167370080947876,0.012270224280655384,0.3855034410953522,1.1348068714141846,0.0973733589053154,2.1674048136404744,0.005661281984499832,0
,,,,,,1756197442.4526978,-3.1203081501115175,-1.3495652049657325,-1.6615927128999053,2.526390552520752,0.015010473318397999,0.4709080457687378,1.1348068714141846,0.6005005240440369,2.5264351442646125,0.005941399946497608,0
,,,,,,1756197442.5034811,-3.126748183767148,-1.4736413923243288,-1.5880394656941028,2.4268651008605957,0.05362427607178688,2.23416805267334,0.31048277020454407,0.6005005240440369,2.4274574724924287,0.02209251411268111,0
,,,,,,1756197442.5544164,-3.121253269106713,-1.5931156339692676,-1.4766372438261173,2.36000657081604,0.02025263011455536,1.7651382684707642,0.35410118103027344,0.3324914574623108,2.3600934691917272,0.008581388385296549,0
,,,,,,1756197442.606038,-3.105116417231442,-1.7093061316132523,-1.395610370108003,2.327122211456299,0.034060485661029816,1.5430372953414917,0.35410118103027344,0.3324914574623108,2.327371458048053,0.014635266528695462,0
,,,,,,1756197442.6566257,-3.0788296176415293,-1.8231541299435565,-1.3078381803646912,2.371845245361328,0.052002914249897,2.061445951461792,0.6065406799316406,0.4368077218532562,2.372415261085972,0.021921575191268076,1
,,,,,,1756197442.7031002,-3.0493823648013456,-1.9136096247071015,-1.22309960801584,2.322948455810547,0.046326540410518646,2.254964590072632,-0.01722981594502926,0.9162173867225647,2.3234103547800187,0.01994034781584367,0
,,,,,,1756197442.7536616,-3.0042147130105277,-2.016677258522512,-1.1099821244932788,2.1553611755371094,0.04659983143210411,2.109541416168213,0.0467308908700943,0.554019033908844,2.1558648708354173,0.021617060322120133,0
,,,,,,1756197442.8042848,-2.9514416942955193,-2.1072996225214653,-1.0086340950784087,2.0124149322509766,0.06811145693063736,1.9648876190185547,0.6098795533180237,0.9688190817832947,2.013567240027488,0.033832718027462814,0
,,,,,,1756197442.8550239,-2.889906451774023,-2.187971245081181,-0.8861573241539724,2.055652141571045,0.10305047035217285,2.9073383808135986,0.6098795533180237,0.9688190817832947,2.0582334966143727,0.050088375664559294,0
,,,,,,1756197442.90558,-2.81659286690849,-2.260469177576153,-0.736836325074592,2.059058904647827,0.08751421421766281,3.027991533279419,0.5156704783439636,1.1357922554016113,2.060917832059212,0.04247648046430456,0
,,,,,,1756197442.956255,-2.7342180081203002,-2.3214321866058567,-0.5883618098785194,1.9912300109863281,0.0662919282913208,2.584446907043457,-0.16843794286251068,0.7714327573776245,1.992333199143455,0.03327965757920397,0
,,,,,,1756197442.9997942,-2.6665660768822192,-2.359763246476448,-0.4922947569207978,1.8643780946731567,0.08255840092897415,2.2065765857696533,-0.16843794286251068,0.7714327573776245,1.8662051252370566,0.044253095309539685,0
,,,,,,1756197443.0504177,-2.5821508798387667,-2.394780707476848,-0.3765080243725892,1.7921545505523682,0.12157491594552994,2.53116774559021,0.3776800036430359,0.9296224117279053,1.7962734739601105,0.06773352071831686,1
,,,,,,1756197443.1012065,-2.4958391763459638,-2.4171977261415374,-0.24821184568917204,1.8010445833206177,0.12944497168064117,2.5180797576904297,0.5750538110733032,0.6939775943756104,1.8056903366308243,0.07174879168592393,0
,,,,,,1756197443.1516786,-2.4043085511919027,-2.4289663065670717,-0.12248660052251252,1.9690470695495605,0.11950862407684326,2.460613489151001,0.9745132327079773,0.5392534732818604,1.9726704421495376,0.06061927319211401,0
,,,,,,1756197443.2024138,-2.3022886692813858,-2.4325180375539546,-0.03512755067277112,2.04079008102417,0.0031355926766991615,-0.06046353653073311,2.7929356747335987e-06,4.6745731197006535e-06,2.040792489879378,0.001536458961874649,0
,,,,,,1756197443.2530246,-2.202437403627718,-2.4341628574280416,-0.002585966852024547,1.9225536584854126,0.07074671238660812,1.5678470134735107,0.16150231659412384,0.25092747807502747,1.9238548976129042,0.03678170693953696,0
,,,,,,1756197443.3035948,-2.1082416966677497,-2.4290030262141493,0.05749099354325922,1.8276864290237427,0.06601818650960922,1.2626347541809082,0.17321960628032684,0.32303065061569214,1.8288783676853906,0.03610548053519404,0
,,,,,,1756197443.3542416,-2.019667243074843,-2.4178362159387152,0.12849725385641392,1.71062433719635,0.09695040434598923,1.7717121839523315,0.13599920272827148,0.5275453925132751,1.7133694884382944,0.05661488430223632,0
,,,,,,1756197443.4051018,-1.9377616109046747,-2.399974424604006,0.20316519178020928,1.621644377708435,0.07116047292947769,1.0550998449325562,-0.06914761662483215,0.2784026265144348,1.6232049472142835,0.043853542142639826,0
,,,,,,1756197443.4556918,-1.8611473278733885,-2.379511957338687,0.24305770408117536,1.5233674049377441,-0.01243574172258377,-0.5912829637527466,-0.06069624796509743,-0.24165861308574677,1.5234181625866705,-0.008163142689432109,0
,,,,,,1756197443.5062742,-1.7880869764409288,-2.3646620591571903,0.2046991931121282,1.4635109901428223,-0.050558947026729584,-0.7233681678771973,0.249312624335289,-0.15176694095134735,1.4643840430000852,-0.034532605886201474,0
,,,,,,1756197443.5569932,-1.7156257370143975,-2.3528000521168884,0.17538602181551738,1.4877222776412964,-0.03500070050358772,-0.498504638671875,0.35613492131233215,-0.09040935337543488,1.4881339403514553,-0.023522028043247108,0
,,,,,,1756197443.6077814,-1.6411749765909522,-2.3437154909524347,0.12569033324025497,1.5180432796478271,-0.0944136381149292,-1.473413348197937,0.41214656829833984,-0.3396346867084503,1.520976440956936,-0.06211429302649507,0
,,,,,,1756197443.6583781,-1.563027469094718,-2.341030233742719,0.05325622986927088,1.6925773620605469,-0.09168398380279541,-1.437351942062378,0.8032740950584412,-0.26883813738822937,1.6950587244829576,-0.054115380667927405,0
,,,,,,1756197443.7090328,-1.4740095005440805,-2.342197516880196,0.003503548638698682,1.873898983001709,-0.01348944753408432,-0.06843510270118713,0.5463827848434448,0.025071151554584503,1.8739475349351737,-0.007198474761305462,0
,,,,,,1756197443.7596636,-1.3777796641143356,-2.3413180468225097,0.021129479877858025,1.9993727207183838,0.05542866140604019,1.12301504611969,0.6239020228385925,0.29684028029441833,2.0001408982514453,0.02771592668977817,0
,,,,,,1756197443.80053,-1.2971863482824235,-2.335152055786275,0.08508671163293563,2.033283233642578,0.09149859100580215,2.1683104038238525,0.48962897062301636,0.5792163610458374,2.03534092976289,0.04497007683790136,0
,,,,,,1756197443.8510675,-1.1968319763656765,-2.3190772155698918,0.16171939225254434,2.0016582012176514,0.0008533371146768332,-0.08409728109836578,6.127857432147721e-06,8.773086301516742e-05,2.001658383112891,0.00042631507340327887,0
,,,,,,1756197443.9019752,-1.099367995722255,-2.303577902798149,0.15576079353482394,1.9321173429489136,-0.006648824084550142,-0.1346142590045929,5.674630756402621e-06,3.792142160818912e-05,1.9321287829194194,-0.003441197742993741,0
,,,,,,1756197443.9525375,-1.0052028550798964,-2.289444389550098,0.14791233094992282,1.861952543258667,-0.012903561815619469,-0.25714051723480225,0.050189707428216934,-0.026585521176457405,1.861997254362892,-0.006930012956997534,0
,,,,,,1756197444.004159,-0.9143628238086262,-2.2769790199171744,0.13710144685122877,1.7925245761871338,-0.008935920894145966,-0.14642152190208435,0.029551653191447258,-0.0030033651273697615,1.7925468492949046,-0.004985062403605028,0
,,,,,,1756197444.056115,-0.8268311396143774,-2.2655542968594213,0.13066334931090703,1.7252113819122314,-0.006405831780284643,-0.1026875376701355,0.010218708775937557,0.005098399240523577,1.7252232745242884,-0.003713053605400597,0
,,,,,,1756197444.1065607,-0.7430116796056199,-2.254036141678931,0.1452724912450711,1.6288361549377441,0.062203891575336456,1.1908290386199951,0.09192290157079697,0.3645000755786896,1.6300234795117188,0.038170615369039256,0
,,,,,,1756197444.1573787,-0.6641965202959038,-2.2391428516125065,0.17150010037722957,1.5794671773910522,0.0007543265237472951,-0.043993815779685974,0.21552254259586334,0.01187643501907587,1.5794673575177685,0.0004775828692071935,0
,,,,,,1756197444.207911,-0.5851702598896251,-2.22478417427275,0.18166690381497247,1.6804155111312866,0.02394498884677887,0.39662495255470276,0.5385463833808899,0.11441534757614136,1.6805861038761136,0.014248480947326284,0
,,,,,,1756197444.258576,-0.5026206031317987,-2.207402871844815,0.20597833532659265,1.6590683460235596,0.03363136947154999,0.5440165996551514,0.19913816452026367,0.15326106548309326,1.6594091857615716,0.020268462147522707,0
,,,,,,1756197444.2991102,-0.43874566465641246,-2.192124040270361,0.22761013848253192,1.6179455518722534,0.04101862758398056,0.7105095982551575,0.2610890567302704,0.19853922724723816,1.6184654264555929,0.02534686215964188,0
,,,,,,1756197444.3598704,-0.34558686997252425,-2.1668849058024646,0.2546997906900485,1.6076889038085938,-0.003563938196748495,-0.13688047230243683,0.3147980272769928,-0.010588043369352818,1.607692854087729,-0.0022168047252847005,0
,,,,,,1756197444.4003184,-0.28339588833450036,-2.1515519620928973,0.2411718261074606,1.565950870513916,-0.03365287184715271,-0.5537036061286926,0.10501939803361893,-0.10695001482963562,1.5663124351951152,-0.0214870678325163,0
,,,,,,1756197444.4513614,-0.2080089030494902,-2.135263983669768,0.22183594110939836,1.5253688097000122,-0.010762341320514679,-0.12360376119613647,0.24900153279304504,0.00033095545950345695,1.525406776435824,-0.007055449587425162,0
,,,,,,1756197444.5022452,-0.13378657304308814,-2.1191629215125873,0.21597202639383137,1.50937819480896,-0.007751315366476774,-0.11252178251743317,0.24900153279304504,0.00033095545950345695,1.5093980978703614,-0.00513539101940315,0
,,,,,,1756197444.555387,-0.0593372652957388,-2.103810945474852,0.2030153229804354,1.5486202239990234,-0.03101816400885582,-0.49434220790863037,0.3862285614013672,-0.08878733962774277,1.5489308327608646,-0.020026870721179067,1
,,,,,,1756197444.6078506,0.01795238696868169,-2.090390085645885,0.1776691994709014,1.5982214212417603,-0.0340498723089695,-0.5194110870361328,-0.02917957305908203,-0.057340703904628754,1.5985840938531477,-0.021301630393733412,1
,,,,,,1756197444.6588023,0.09554853558038916,-2.078536739602451,0.1578192878126567,1.5410758256912231,-0.024445250630378723,-0.35535576939582825,-0.02917957305908203,-0.057340703904628754,1.5412696943780695,-0.015861127822179324,1
,,,,,,1756197444.7097192,0.16973919971531187,-2.068206689089652,0.14727292186210356,1.4680988788604736,0.017105603590607643,0.3477466106414795,0.0455578938126564,0.14476145803928375,1.4681985287370298,0.011651006498551296,1
,,,,,,1756197444.7508144,0.22612595426695986,-2.0584787311773485,0.1640528133791501,1.393455982208252,0.030852844938635826,0.4366671144962311,0.0455578938126564,0.14476145803928375,1.39379750049739,0.02213762408333693,1
,,,,,,1756197444.8028336,0.2931060442086224,-2.0453255695097385,0.18410448190041911,1.3225345611572266,0.0275785680860281,0.3724612295627594,0.08561176806688309,0.13077086210250854,1.3228220752894222,0.02084979290379631,1
,,,,,,1756197444.8535388,0.35639331254158774,-2.031673391467949,0.20233556823860208,1.2906402349472046,0.02795219048857689,0.3821040391921997,0.47366029024124146,0.07422058284282684,1.290942888364038,0.021654230679238606,1
,,,,,,1756197444.9072263,0.42176756995370257,-2.0169746161453452,0.21338737038857175,1.4122569561004639,0.013716940768063068,0.18753905594348907,0.47366029024124146,0.07422058284282684,1.4123235693417362,0.009712474341084203,1
,,,,,,1756197444.9580147,0.4932371147008077,-2.0008897033736996,0.21286339818678485,1.5933053493499756,-0.05402715131640434,-1.1588456630706787,0.852341890335083,-0.2709462344646454,1.5942210854666972,-0.03389586222411069,1
,,,,,,1756197444.998767,0.5595970222373319,-1.9908333608795084,0.1593199377209546,1.8650082349777222,-0.08696126192808151,-1.5155954360961914,0.852341890335083,-0.2709462344646454,1.8670345410867049,-0.04659406860092311,1
,,,,,,1756197445.0497963,0.6546718075052419,-1.9826063893618162,0.08921432311908846,2.0303080081939697,-0.0376136489212513,-0.5794928073883057,0.7019956111907959,-0.06349945068359375,2.0306563950412033,-0.01852396112205436,1
,,,,,,1756197445.100511,0.7596742592765603,-1.975936617591307,0.06159707922945708,2.2111592292785645,-0.024474214762449265,-0.5487082004547119,0.05977967381477356,0.0460367277264595,2.2112946715469683,-0.011068047498702563,1
,,,,,,1756197445.15134,0.8686549731983433,-1.9699230139005546,0.05791140787187339,2.140625476837158,0.003796673147007823,0.09926573932170868,0.05977967381477356,0.0460367277264595,2.14062884377729,0.001773626076565802,1
,,,,,,1756197445.2024288,0.9740858417690871,-1.9634535770954362,0.06128055915219605,2.0705859661102295,-0.0033244802616536617,-0.09142856299877167,0.020406052470207214,0.007920799776911736,2.0705886349590643,-0.00160557323355713,1
,,,,,,1756197445.253288,1.0760558146708377,-1.957598839263213,0.05643181945144833,2.001131772994995,-0.004742378834635019,-0.09858051687479019,0.020406052470207214,0.007920799776911736,2.0011373923464384,-0.0023698439156496064,1
,,,,,,1756197445.3041675,1.1745844532086358,-1.9526419413546112,0.04872781716533354,1.9307372570037842,-0.009905709885060787,-0.19596564769744873,0.021213894709944725,-0.011947795748710632,1.930762667618893,-0.005130487297848214,1
,,,,,,1756197445.355111,1.269645058273532,-1.948886190836869,0.0389991032405343,1.8405547142028809,0.023663371801376343,0.7117681503295898,0.0911114513874054,0.7196317911148071,1.8407068237879325,0.012855943888826429,1
,,,,,,1756197445.4060879,1.358035889152326,-1.9401433144582076,0.11091333684270971,1.684502363204956,0.10708840936422348,2.006743907928467,0.0911114513874054,0.7196317911148071,1.6879028819998034,0.06348729149030814,1
,,,,,,1756197445.456383,1.4382706577618474,-1.9230403148711868,0.19316618343340278,1.5886502265930176,0.06794672459363937,0.9798520803451538,0.186303049325943,0.2617958188056946,1.5901026067009165,0.042744046265785804,1
,,,,,,1756197445.5070293,1.5121470525969158,-1.9017468055400133,0.26921511452992014,1.4570893049240112,0.12141870707273483,1.9048821926116943,-0.02561609074473381,0.7395936846733093,1.4621394410079884,0.0831375502886536,0
,,,,,,1756197445.5589395,1.5770704702228613,-1.8742531390577077,0.36746967430772726,1.3249762058258057,0.14556235074996948,2.0698063373565674,-0.03902876377105713,0.9079415798187256,1.3329479899682526,0.10942154501660745,0
,,,,,,1756197445.599577,1.6221899273488856,-1.8488495943693426,0.4494124238189089,1.2236182689666748,0.15040741860866547,1.9946293830871582,-0.03902876377105713,0.9079415798187256,1.2328276682981787,0.12230668310670956,0
,,,,,,1756197445.6504796,1.670582889083675,-1.8147257807254555,0.54621914101407,1.103027582168579,0.14845864474773407,1.9048646688461304,0.11235499382019043,0.9897781610488892,1.1129734121824273,0.13378797018876862,1
,,,,,,1756197445.7015119,1.7106035646045787,-1.7795465390054133,0.6379929296832461,0.9867469072341919,0.14262190461158752,1.7352068424224854,0.11235499382019043,0.9897781610488892,0.9970007355119049,0.1435433895106655,1
,,,,,,1756197445.7525399,1.743650627721048,-1.7450842517413918,0.7146389758682007,0.8859302401542664,0.11487377434968948,1.4244768619537354,0.13531728088855743,0.7387733459472656,0.8933467268945129,0.1289451463610859,1
,,,,,,1756197445.8034124,1.7711044943521685,-1.7124399939275399,0.7805639191241619,0.8092358708381653,0.11579952389001846,1.4705837965011597,0.3580227792263031,0.8961989879608154,0.817479188961015,0.14213246814825245,0
,,,,,,1756197445.8543859,1.7950054630655732,-1.6785953598322287,0.8533141802945763,0.8364931344985962,0.12444526702165604,1.443662405014038,0.3580227792263031,0.8961989879608154,0.8456993487920975,0.1476870116119109,0
,,,,,,1756197445.9051335,1.8169586324849671,-1.6420556554396615,0.9268234226587828,0.827667772769928,0.12030158191919327,1.4638774394989014,0.22488021850585938,0.8750871419906616,0.8363649996826705,0.14433928162200804,1
,,,,,,1756197445.9560053,1.8353744106547072,-1.6058904369333549,0.9961495983204567,0.7671783566474915,0.11338042467832565,1.287753701210022,0.22488021850585938,0.8750871419906616,0.7755112839982298,0.14672677786813335,1
,,,,,,1756197446.0066977,1.8507085689034772,-1.5698154181200057,1.0632891893762895,0.8677440285682678,0.12458033114671707,1.575368881225586,0.616116464138031,0.8195051550865173,0.8766412938166399,0.14259368891238638,1
,,,,,,1756197446.0575645,1.8663798950410335,-1.5246899219206793,1.145857021848769,1.038059949874878,0.14053049683570862,1.6977643966674805,0.4404235780239105,0.8059000968933105,1.0475291308957115,0.1345599596136538,0
,,,,,,1756197446.1083174,1.8799505872045699,-1.4730714780711227,1.2337549567335393,1.0337436199188232,0.1403813660144806,1.7346489429473877,-0.09727805852890015,0.89592045545578,1.0432319011835114,0.1349733588987774,0
,,,,,,1756197446.1590412,1.8882103690305145,-1.423841860077228,1.3171774497893245,0.9360359907150269,0.12634672224521637,1.4432402849197388,0.2388898730278015,0.7601969838142395,0.9445246794742697,0.13416969884912233,0
,,,,,,1756197446.2098598,1.8924689329007924,-1.3778979867389,1.3894474023744166,0.8937942385673523,0.11892083287239075,1.3956985473632812,0.2603515088558197,0.47534364461898804,0.9016708409321309,0.13227479710539664,0
,,,,,,1756197446.2505572,1.8948715980375008,-1.3423218480199752,1.4302215903836646,0.8760011792182922,0.08428002148866653,0.8804969191551208,0.2603515088558197,0.47534364461898804,0.8800461283444002,0.09591472746522825,0
,,,,,,1756197446.3026493,1.8946503452219514,-1.2953540781638795,1.5031650623563835,1.078883409500122,0.15345817804336548,1.9416170120239258,0.7457520961761475,0.893696129322052,1.0897425492762027,0.14129020541554235,0
,,,,,,1756197446.353296,1.8880821178885026,-1.2366874611529186,1.6080862855666687,1.2769626379013062,0.16785761713981628,2.255396842956543,0.6116968393325806,0.9105374217033386,1.2879478864564822,0.13070131725625767,0
,,,,,,1756197446.4041045,1.874018280755042,-1.170332319884137,1.7237300095384742,1.4702872037887573,0.1671331375837326,2.418910503387451,0.733134925365448,0.7918380498886108,1.4797560431718284,0.11318794324890119,0
,,,,,,1756197446.454819,1.850136779968346,-1.0961048634702637,1.8518441270955583,1.6680878400802612,0.17433306574821472,2.946906089782715,0.7691527605056763,1.0304566621780396,1.677172936830547,0.10413269126911263,0
,,,,,,1756197446.5053372,1.8136100460192637,-1.0171561554103248,1.988559674228291,1.7577433586120605,0.05416521057486534,0.4374827742576599,0.0027748597785830498,0.002205054508522153,1.7585777164462837,0.03080545029591294,0
,,,,,,1756197446.556045,1.7773242203698234,-0.9385828267928943,1.9937824157216446,1.690445899963379,0.007138797547668219,0.12610144913196564,-0.12746872007846832,0.05641188472509384,1.6904609735611835,0.004223001227439929,0
,,,,,,1756197446.6069443,1.7426331929149643,-0.8629721369037799,2.0001629384666066,1.6238418817520142,-0.0008599523571319878,-0.11022228747606277,0.07476072758436203,-2.052305353572592e-05,1.6238421094582993,-0.0005295788256254815,0
,,,,,,1756197446.6593668,1.7097623116560638,-0.7901749604443019,1.9946802391746359,1.5601403713226318,-0.0357467420399189,-0.1142115592956543,0.2742130160331726,-0.2798691391944885,1.560549841497281,-0.022908508224215685,0
,,,,,,1756197446.6999855,1.68732554480594,-0.7324762155487846,1.9510066796078234,1.5272868871688843,-0.07961700856685638,-1.2376034259796143,0.2454010546207428,-0.26416683197021484,1.5293606846558974,-0.052082556792195756,0
,,,,,,1756197446.7511551,1.6647605158756897,-0.6604219457835635,1.8915110225026441,1.4798754453659058,-0.07985026389360428,-1.1648222208023071,0.2454010546207428,-0.26416683197021484,1.482028136858682,-0.053905149328218604,0
,,,,,,1756197446.8020024,1.6473908180846986,-0.5899609113855785,1.8328156496335324,1.3943116664886475,-0.08232951909303665,-1.1582046747207642,-0.09668516367673874,-0.2827180027961731,1.3967401952476488,-0.058978232569237704,0
,,,,,,1756197446.8525863,1.6330771767995838,-0.5231897005687662,1.8081226386060802,1.3264412879943848,0.00032287242356687784,0.04477192461490631,0.013647602871060371,0.044655248522758484,1.3264413272899802,0.0002434125204880922,0
,,,,,,1756197446.9033363,1.616170110799616,-0.4579295002860276,1.8264601204634672,1.4961715936660767,0.05956962704658508,0.9342769980430603,0.861676812171936,0.25384408235549927,1.4973569975659635,0.0397936843627451,0
,,,,,,1756197446.9540052,1.591642726994216,-0.3817188063054307,1.8697075774805125,1.70283043384552,0.045870255678892136,0.6998296976089478,0.5529003143310547,0.1755639910697937,1.7034481403278965,0.026931140377494993,0
,,,,,,1756197447.004797,1.5628385486923173,-0.30019511037034946,1.9070258807457983,1.702717900276184,0.048289842903614044,0.8060286641120911,-0.05039653182029724,0.21388055384159088,1.703402523436135,0.028352848344060516,0
,,,,,,1756197447.055364,1.5341259175151205,-0.22202885356045982,1.9072132977374276,1.6089890003204346,-0.04392833262681961,-0.8087477684020996,-0.04920089617371559,-0.17351271212100983,1.6095885503940204,-0.027295042367456137,0
,,,,,,1756197447.1060536,1.5107548670136193,-0.14661478411797105,1.8786877024642847,1.5327664613723755,-0.03378358483314514,-0.5009214282035828,0.1537504345178604,-0.0921209529042244,1.5331387268320409,-0.022037353090036297,0
,,,,,,1756197447.1568274,1.4918627435407443,-0.07193790525422711,1.8244880655488855,1.5559449195861816,-0.09063829481601715,-1.4529815912246704,0.4204704761505127,-0.3276185095310211,1.5585826552586823,-0.058187136271732956,0
,,,,,,1756197447.2073684,1.4788251620772013,0.005865022738164881,1.7551002748305016,1.6243658065795898,-0.07226411998271942,-1.0380185842514038,0.5020175576210022,-0.1925097405910492,1.6259724403020608,-0.04445827564357154,0
,,,,,,1756197447.247928,1.4701678090145587,0.07119426927989818,1.721673453126939,1.639051079750061,-0.014389131218194962,-0.17022888362407684,-0.05506349727511406,0.0031351710204035044,1.6391142391935514,-0.008778714560691465,0
,,,,,,1756197447.308693,1.4574861000817314,0.1665175762695965,1.6996126093023058,1.54047429561615,-0.055716533213853836,-0.938322901725769,0.14855487644672394,-0.2116892784833908,1.5414815560127353,-0.036152668780997474,0
,,,,,,1756197447.350691,1.451808234965279,0.2275185482977034,1.682006365910103,1.5394495725631714,0.004453836940228939,0.17256426811218262,0.33409684896469116,0.07839766889810562,1.539456015327629,0.0028931279030599702,0
,,,,,,1756197447.4050417,1.4423728754638114,0.30449625930438085,1.692055866716323,1.5964112281799316,-0.02540910802781582,-0.8336260914802551,0.6990350484848022,-0.3432403802871704,1.5966134260458062,-0.015915048868639238,0
,,,,,,1756197447.4557858,1.4377560855245493,0.38773010104069944,1.6220853351695579,1.7730281352996826,-0.0996752679347992,-1.7688138484954834,0.8676552176475525,0.0865151658654213,1.7758276739599885,-0.05615842167449401,0
,,,,,,1756197447.5065968,1.4360793736468702,0.4823380378409164,1.6056053828759607,2.062619924545288,0.011117161251604557,0.3094775080680847,0.3581300973892212,0.08900090306997299,2.0626498841067296,0.005389773205039933,0
,,,,,,1756197447.5571868,1.4311455728876545,0.5857595561842415,1.621637668768254,2.064715623855591,0.0009586892556399107,-0.04462427645921707,-7.322998953895876e-06,2.7608013624558225e-05,2.064715846424992,0.00046432020742596757,0
,,,,,,1756197447.6079302,1.4263476066926655,0.6874770270275904,1.6159510202292962,1.9946247339248657,-0.006519206799566746,-0.13857336342334747,8.572974365961272e-06,-3.8752601540181786e-05,1.994635387543833,-0.0032683759883935628,0
,,,,,,1756197447.6585627,1.422518666210872,0.7857433016456253,1.609053054507567,1.9252119064331055,-0.007074539549648762,-0.1363169550895691,1.583592347742524e-05,-2.6283190891263075e-05,1.9252249047271415,-0.0036746644268633257,0
,,,,,,1756197447.7010353,1.4200447941479524,0.8618846598045329,1.6036431029767821,1.8701390027999878,-0.007252191659063101,-0.13342462480068207,1.583592347742524e-05,-2.6283190891263075e-05,1.8701530643446254,-0.0038778696640495553,0
,,,,,,1756197447.753244,1.4176276952968723,0.9539927337826729,1.5970411029696223,1.801885962486267,-0.007426468189805746,-0.12985748052597046,0.00019852917466778308,-6.837598630227149e-05,1.801901266505697,-0.004121473996884804,0
,,,,,,1756197447.803825,1.415899376937954,1.0427166946070268,1.5906361857364675,1.7343193292617798,-0.007524707820266485,-0.1256229728460312,9.699876500235405e-06,1.6803442122181877e-05,1.7343356529457643,-0.004338682316344154,0
,,,,,,1756197447.8545487,1.4147949070652681,1.1280861596937983,1.5844339770231024,1.7446675300598145,0.011664999648928642,0.38809481263160706,0.8904632329940796,0.11933375895023346,1.7447065262277845,0.006685987805399169,0
,,,,,,1756197447.9050357,1.4115670667352918,1.22121708888347,1.6092789336504203,2.0079026222229004,0.03696681931614876,0.7658741474151611,0.7251076102256775,0.17334473133087158,2.0082428852257768,0.01840858370852295,0
,,,,,,1756197447.9560354,1.4057076562717816,1.322155917120444,1.623728391045748,1.9905762672424316,-0.0043508452363312244,-0.12793584167957306,2.2389701825886732e-07,1.1065240812513366e-07,1.9905810221046225,-0.002185717964895614,0
,,,,,,1756197448.0069163,1.4010644819234697,1.420184339687327,1.6170665039393886,1.9211797714233398,-0.00695799570530653,-0.1354186087846756,2.2389701825886732e-07,1.1065240812513366e-07,1.921192371375254,-0.003621714837164728,0
,,,,,,1756197448.058192,1.3972941219781216,1.5147913527807952,1.6103514342858116,1.8524423837661743,-0.007285385392606258,-0.1323016732931137,7.644329969025421e-08,3.1661869570598355e-08,1.8524567098892286,-0.003932833698340383,1
,,,,,,1756197448.1011202,1.3948335089394963,1.5880291738698544,1.6051039606574637,1.827341914176941,0.004761051386594772,0.19290876388549805,0.4494074881076813,0.0759601965546608,1.827348116511507,0.0026054459630280645,1
,,,,,,1756197448.1520302,1.3907464123850037,1.6808739832516302,1.616372408112553,1.9049487113952637,0.013185575604438782,0.24641114473342896,0.4494074881076813,0.0759601965546608,1.904994344466801,0.006921637813835804,1
,,,,,,1756197448.2039807,1.3835072396379406,1.7781652398057388,1.6569081359999092,2.034820318222046,0.06434682756662369,1.4101306200027466,0.6638199090957642,0.3070034384727478,2.035837479188149,0.031612320165186815,0
,,,,,,1756197448.2567852,1.3683084188012156,1.8811161772468026,1.730890500017519,2.0710062980651855,0.06877415627241135,1.6464096307754517,0.1467484086751938,0.40013399720191956,2.0721479124803435,0.0331958875249141,1
,,,,,,1756197448.3090026,1.3454932707004994,1.9797436384678322,1.813041817906391,1.9541836977005005,0.07315999269485474,1.6259963512420654,0.6148310899734497,0.40013399720191956,1.9555526862985595,0.037420147216142584,1
,,,,,,1756197448.351733,1.3207024099503792,2.05444542787946,1.9016359610418792,1.98898184299469,0.11775504797697067,2.85823655128479,0.6148310899734497,1.1130790710449219,1.9924645600578725,0.05913465569231742,0
,,,,,,1756197448.4024851,1.2767654164222983,2.145841142844693,2.055240148212572,2.124054431915283,0.10582101345062256,3.3605470657348633,0.8921158313751221,0.9240599870681763,2.1266888151835173,0.04977913493773735,1
,,,,,,1756197448.453817,1.2154781485975483,2.236794833564502,2.2283307727248576,2.2459466457366943,0.038812555372714996,3.286606550216675,0.34697920083999634,0.7274583578109741,2.246281983623265,0.01727943649023463,1
,,,,,,1756197448.50463,1.1419742314562091,2.3194048050568123,2.3747694766543943,2.1621100902557373,0.009821422398090363,2.519923210144043,0.34697920083999634,0.7274583578109741,2.162132397131035,0.004542486013978074,1
,,,,,,1756197448.5569596,1.061546903795094,2.3884042748245977,2.491680753526436,2.053563356399536,0.0427585244178772,2.1413044929504395,0.26251810789108276,0.6687185168266296,2.0540084591250647,0.020818615950727124,0
,,,,,,1756197448.60138,0.9941605298810213,2.4334941169379705,2.579050900182201,2.017071485519409,0.08674914389848709,2.53071665763855,0.577093243598938,1.0795313119888306,2.018936054376809,0.042980984476375224,0
,,,,,,1756197448.6522446,0.9034254990883623,2.4786833906753842,2.717508649608536,2.018838882446289,0.09393014013767242,2.8884973526000977,0.33207735419273376,0.7428292036056519,2.021022836215183,0.04649328413674753,0
,,,,,,1756197448.7031157,0.8090646029826175,2.5105540117779555,2.8503295349655597,1.9496159553527832,0.08770642429590225,2.448044538497925,0.33207735419273376,0.7428292036056519,1.9515877613443158,0.04495620249708233,0
,,,,,,1756197448.7539046,0.7147233219299078,2.5289693610676998,2.9740082478407177,1.8800711631774902,0.10756123811006546,2.5459671020507812,0.34919315576553345,0.9009419083595276,1.883145506474561,0.057148961294791786,0
,,,,,,1756197448.8050394,0.6220322616587106,2.53416881277182,3.1021556464644156,1.8184611797332764,0.11961782723665237,2.568141460418701,0.34974440932273865,0.8846594095230103,1.822391145388321,0.06568506799629598,0
,,,,,,1756197448.8560681,0.5323671339978379,2.526959313298804,-3.052825007664558,1.763871669769287,0.12901578843593597,2.5574288368225098,0.34974440932273865,0.8846594095230103,1.7685837105097508,0.07301350166008658,0
,,,,,,1756197448.9069138,0.44862019465464925,2.509128546398645,-2.9357776846858625,1.6261266469955444,0.12731675803661346,2.181182861328125,0.14912088215351105,0.7485305666923523,1.6311031325290026,0.07813509434168527,0
,,,,,,1756197448.9578156,0.3736088466848212,2.4832205431904493,-2.8256584938081994,1.5970731973648071,0.15320685505867004,2.5419368743896484,0.649996817111969,0.8607742786407471,1.6044049171509094,0.09563711309572784,0
,,,,,,1756197449.0084608,0.2995473880623056,2.4461471011297244,-2.692614562099636,1.7274980545043945,0.15757854282855988,2.784205198287964,0.88913893699646,0.8607742786407471,1.7346701488976055,0.09096604058968881,0
,,,,,,1756197449.0592775,0.22361334047513495,2.394970161690638,-2.544832856134545,1.9668537378311157,0.14957354962825775,3.0964739322662354,0.88913893699646,0.8257110118865967,1.97253285720888,0.07590102255313544,0
,,,,,,1756197449.0999706,0.16220065787990956,2.3422096076423835,-2.4179006309819373,2.052896499633789,0.10326062887907028,3.007990598678589,0.4732736051082611,0.8170400261878967,2.055491862227911,0.0502576114976306,1
,,,,,,1756197449.1508958,0.0928074212390564,2.2667288920352506,-2.2736274715380427,2.0443148612976074,0.08339042961597443,2.7599117755889893,0.5014196634292603,0.7868908047676086,2.0460149598362647,0.04076878037622947,0
,,,,,,1756197449.2017994,0.034399671566650504,2.1827204071842923,-2.137307564089732,2.04878568649292,0.08310660719871521,2.6993446350097656,0.5014196634292603,0.7868908047676086,2.0504705551015228,0.04054160999033244,0
,,,,,,1756197449.252428,-0.011819311456085163,2.092367295518448,-2.0052760181705027,1.948438286781311,0.08111976087093353,2.4429640769958496,-0.11569324135780334,0.9451634883880615,1.950126194121562,0.041609190875051306,0
,,,,,,1756197449.3053088,-0.043178951566851885,2.003646574096325,-1.8870706173413907,1.786392331123352,0.1018272191286087,2.213536262512207,0.10383445769548416,0.6879821419715881,1.7892921346867288,0.05693998277716554,0
,,,,,,1756197449.3559394,-0.06130276565567239,1.9189152239317728,-1.7800580649383635,1.6482670307159424,0.11905931681394577,2.08598256111145,0.10383445769548416,0.6879821419715881,1.6525614437791272,0.07210779082902175,0
,,,,,,1756197449.4079432,-0.06959663403983593,1.8388405295766177,-1.6923423030857172,1.5512925386428833,0.09773462265729904,1.4817358255386353,0.1851755678653717,0.42540761828422546,1.5543682307983029,0.06291889889465282,1
,,,,,,1756197449.4587238,-0.07168683929881978,1.762005272262885,-1.6159665717307383,1.576606035232544,0.11767300963401794,1.9119889736175537,1.0627902746200562,0.4716891944408417,1.5809913116548142,0.07449878324371713,0
,,,,,,1756197449.5022497,-0.06793369807852462,1.6911910457750376,-1.5346679824237526,1.9501243829727173,0.117271788418293,2.208146810531616,1.0627902746200562,0.4716891944408417,1.9536473022077312,0.060063210683909456,0
,,,,,,1756197449.5539713,-0.053197784188888854,1.5879176024087296,-1.40434476320316,2.2784433364868164,0.10472947359085083,3.1354217529296875,1.1471346616744995,0.6524328589439392,2.280849030562916,0.04593303124612461,1
,,,,,,1756197449.605153,-0.022827380147526707,1.47283961163407,-1.257979880006492,2.422375202178955,-0.05611768737435341,0.4715881645679474,0.0,0.0,2.423025137089539,-0.023162246478260817,0
,,,,,,1756197449.657171,0.01234743965122647,1.3584463556375366,-1.2609388375913546,2.3499960899353027,-0.013605360873043537,-0.19756421446800232,0.0,0.0,2.3500354738930427,-0.005789460213782208,0
,,,,,,1756197449.7079735,0.04689733754539547,1.247649192711332,-1.2696711524144184,2.2779653072357178,-0.00606255978345871,-0.15679937601089478,1.277687563085912e-25,-8.703882622911643e-26,2.277973374647001,-0.002661386216259996,1
,,,,,,1756197449.75865,0.07964093573882032,1.1400576494279633,-1.2773588143708432,2.206327199935913,-0.0058913216926157475,-0.1513824611902237,1.209266298207723e-10,-6.561202137156386e-10,2.206335065407866,-0.0026701876726463645,1
,,,,,,1756197449.7992365,0.104503453194352,1.0562705945540338,-1.283336632452454,2.1493799686431885,-0.006229458376765251,-0.14765851199626923,1.209266298207723e-10,-6.561202137156386e-10,2.149388995914016,-0.0028982502049216805,1
,,,,,,1756197449.8501575,0.1339718945646181,0.9543939110518186,-1.2906501335505007,2.0786819458007812,-0.006497259717434645,-0.1441793441772461,3.351181590005581e-07,-1.0563187515799655e-06,2.0786920998988663,-0.0031256530474860003,1
,,,,,,1756197449.9010205,0.16172108298161827,0.8556909881478252,-1.2978002131710769,2.008542537689209,-0.006849496625363827,-0.14197960495948792,1.0951406693493482e-05,-0.0002716805029194802,2.008554216672039,-0.0034101692870842195,0
,,,,,,1756197449.9519265,0.18781915959591947,0.7601576278702022,-1.3048284150444125,1.9389888048171997,-0.0071126241236925125,-0.138383150100708,0.11848701536655426,-0.2412523776292801,1.9390018500837891,-0.003668196641617443,1
,,,,,,1756197450.002559,0.20960661064549627,0.6679546905374183,-1.3491756729364617,1.8318668603897095,-0.06342729926109314,-1.2279047966003418,0.11848701536655426,-0.2412523776292801,1.832964597717481,-0.03461057801495064,1
,,,,,,1756197450.0531316,0.22333244247951342,0.5796010905979385,-1.4195245496644915,1.7186704874038696,-0.08845001459121704,-1.5712188482284546,0.05468418821692467,-0.34401658177375793,1.720944987311983,-0.0514188441418511,0
,,,,,,1756197450.10388,0.23006474133633958,0.4957110980319802,-1.4785520976383892,1.6299806833267212,-0.05719959735870361,-0.8810195922851562,0.052531491965055466,-0.17310170829296112,1.630984004199993,-0.03507779912121303,0
,,,,,,1756197450.154618,0.23524626629509848,0.4130186989119067,-1.4941775423981276,1.746126651763916,0.005469007883220911,0.14700190722942352,0.5901141166687012,0.061733976006507874,1.746135216427265,0.003132069483210351,0
,,,,,,1756197450.2071273,0.24164935587674669,0.32138342384337504,-1.5073387883169653,1.992997646331787,-0.030841689556837082,-0.6265321969985962,0.837986946105957,-0.08617213368415833,1.9932362700138595,-0.015473790455724957,0
,,,,,,1756197450.258366,0.24650235937121698,0.2182171478576567,-1.5197892603949554,2.1483333110809326,0.0018887869082391262,0.07670815289020538,0.5758693218231201,0.0422310009598732,2.1483341413793036,0.0008791868616655726,0
,,,,,,1756197450.3092244,0.2506014636984323,0.10794498675050755,-1.5480754323494998,2.3020718097686768,-0.04642503708600998,-1.2712148427963257,0.7348350286483765,-0.18744692206382751,2.3025398805232604,-0.020163899685425174,0
,,,,,,1756197450.3498235,0.25000117053406024,0.015326949226274728,-1.5812353135269894,2.291240930557251,-0.0036121730227023363,-0.16783708333969116,3.0516530387103558e-06,-1.509943672317604e-06,2.2912437778758514,-0.0015765125273265429,0
,,,,,,1756197450.4002852,0.2482390374796843,-0.09778417768954603,-1.588936215275262,2.2194886207580566,-0.005571682471781969,-0.15001817047595978,5.786234851257177e-07,3.210095087524678e-07,2.2194956141700457,-0.0025103398664807182,0
,,,,,,1756197450.450957,0.24563431554106316,-0.20730103226874635,-1.596395547249291,2.1482579708099365,-0.006146061699837446,-0.14751286804676056,1.1852240788812196e-07,1.322802916092769e-07,2.148266762583931,-0.0028609436179628917,0
,,,,,,1756197450.5018976,0.24229747611831795,-0.3132456150039736,-1.6037041183949554,2.077568531036377,-0.006500796414911747,-0.14411233365535736,1.58904271074789e-07,1.940781224618604e-08,2.077578701639646,-0.003129030451567083,0
,,,,,,1756197450.5528584,0.23830323862898836,-0.4156417544936175,-1.6108392509434182,2.007449150085449,-0.006796559318900108,-0.14056971669197083,1.58904271074789e-07,1.940781224618604e-08,2.007460655504204,-0.003385656543123351,0
,,,,,,1756197450.603694,0.2329464432935237,-0.5147075618700914,-1.6336605354563758,1.9627259969711304,-0.0521385483443737,-1.1551252603530884,0.3193100690841675,-0.21405284106731415,1.9634183882733136,-0.02655810821285183,0
,,,,,,1756197450.6549225,0.22168470494626166,-0.6117966595362636,-1.6932888834204833,1.9442145824432373,-0.053535573184490204,-1.0322154760360718,0.6285153031349182,-0.16657817363739014,1.9449515161517839,-0.02752887937329144,1
,,,,,,1756197450.705577,0.2047360025066584,-0.7104214029755478,-1.746075518841022,2.0835132598876953,-0.051369719207286835,-1.0890302658081055,0.6285153031349182,-0.16657817363739014,2.0841464325184273,-0.024650341814600043,1
,,,,,,1756197450.7565422,0.1808109648665797,-0.8110051431653045,-1.8250989447200154,1.988887906074524,-0.09466815739870071,-2.3150551319122314,0.24875524640083313,-0.7638855576515198,1.9911396643517425,-0.04756264045305234,1
,,,,,,1756197450.8072708,0.14726754010718976,-0.9017294288486536,-1.94797254066684,1.8680092096328735,-0.05240315571427345,-1.0197968482971191,-7.558425239861943e-12,0.0,1.8687440964460722,-0.02804558746426176,1
,,,,,,1756197450.8581321,0.11134025033373798,-0.9865115699349173,-1.9657478042269831,1.8007895946502686,-0.008936766535043716,-0.13617883622646332,-7.558425239861943e-12,0.0,1.8008117697296349,-0.004962652603509291,1
,,,,,,1756197450.9090703,0.0749411195986998,-1.0674190957788063,-2.002847298337223,1.7386150360107422,-0.07480909675359726,-1.3429436683654785,0.267907053232193,-0.29807010293006897,1.740223734006557,-0.0430014575130879,0
,,,,,,1756197450.9597182,0.03345191403866257,-1.143116668980739,-2.0644559073033273,1.7200109958648682,-0.061293937265872955,-0.9467828273773193,0.3227927088737488,-0.17092519998550415,1.721102778058768,-0.035620708970822645,0
,,,,,,1756197451.0005162,-0.001982092572434176,-1.2021008612318613,-2.1016005828773148,1.7184975147247314,-0.05607970058917999,-0.9225843548774719,0.3227927088737488,-0.17092519998550415,1.719412295214051,-0.03262140688440205,0
,,,,,,1756197451.0548475,-0.04913773806347338,-1.2754772163915888,-2.1339757590276496,1.8019362688064575,-0.028155284002423286,-0.45261940360069275,0.4953635036945343,-0.0612112358212471,1.8021562187716675,-0.015623745155494586,1
,,,,,,1756197451.105662,-0.09998123492088996,-1.3503523732383438,-2.1745894675494744,1.7445032596588135,-0.08821120113134384,-1.7819099426269531,-0.013517131097614765,-0.5527542233467102,1.7467320455539999,-0.050522195969164824,1
,,,,,,1756197451.1565056,-0.15465014590503728,-1.4146944264270052,-2.274290885295831,1.6058584451675415,-0.12932950258255005,-2.240025281906128,0.209755077958107,-0.6387602090835571,1.611057871758232,-0.08036260811558783,0
,,,,,,1756197451.207161,-0.2126568295418044,-1.4670611921706924,-2.388560113563199,1.4846522808074951,-0.1514192819595337,-2.3814547061920166,0.21027693152427673,-0.7273520827293396,1.4923539103899042,-0.10163828941934562,0
,,,,,,1756197451.2579184,-0.2729981919217133,-1.507949008489301,-2.511844785800503,1.4959067106246948,-0.19010215997695923,-3.023897409439087,0.7967363595962524,-0.8522909879684448,1.5079375710286884,-0.12640400377597083,0
,,,,,,1756197451.3088062,-0.34487884161291643,-1.5418961345205702,-2.6738147879702696,1.6325159072875977,-0.18246495723724365,-3.12585186958313,0.027350587770342827,-0.8598803877830505,1.6426812375402104,-0.11130721352394213,0
,,,,,,1756197451.3594172,-0.42027519285852727,-1.5652907095266058,-2.8163091695467917,1.508215069770813,-0.16611814498901367,-2.6545605659484863,0.21196845173835754,-0.764204204082489,1.5173358015872322,-0.10970003708491856,0
,,,,,,1756197451.4000268,-0.4777352800114554,-1.5753847900939142,-2.9166476689746164,1.3920730352401733,-0.16739119589328766,-2.437875270843506,-0.0776110365986824,-0.33740055561065674,1.4021009763584698,-0.11967141388296333,0
,,,,,,1756197451.450941,-0.5457289837820529,-1.5822197399414955,-2.9954256387498743,1.306317687034607,-0.09593502432107925,-1.2811027765274048,-0.07968784868717194,-0.46609169244766235,1.3098356493663361,-0.07330767361114589,0
,,,,,,1756197451.501434,-0.6088953047098069,-1.5841672927167103,-3.0706743900465456,1.1936582326889038,-0.11754457652568817,-1.5328000783920288,0.0296408049762249,-0.9560155272483826,1.1994318254642908,-0.09815776300745617,0
,,,,,,1756197451.5521815,-0.6653889283956003,-1.5788676376455115,3.113799972563276,1.0324746370315552,-0.1751592457294464,-2.2470974922180176,-0.055150650441646576,-1.0612705945968628,1.0472271183835675,-0.16804989640803394,0
,,,,,,1756197451.6026742,-0.7141945874979558,-1.5663685675711698,3.0021694003612143,1.0507625341415405,-0.1889592409133911,-2.378093719482422,0.7366814613342285,-0.8831468224525452,1.0676176740210501,-0.17792883489356826,0
,,,,,,1756197451.6532602,-0.7697436570360209,-1.5453918251745609,2.87123489848593,1.4047735929489136,-0.2160491943359375,-3.0685508251190186,0.447187602519989,-0.9225832223892212,1.4212902947040087,-0.15260077527664512,0
,,,,,,1756197451.7048192,-0.8335864460181931,-1.5126445846668317,2.726318385828152,1.4836087226867676,-0.17677681148052216,-2.504612922668457,0.611477255821228,-0.616486668586731,1.4941033709584761,-0.11859411964250105,0
,,,,,,1756197451.755307,-0.8979245171873003,-1.4761489584163052,2.665655970951812,1.4617424011230469,-0.0547998882830143,-0.77541184425354,0.2963653802871704,-0.15827931463718414,1.4627692487186084,-0.03747188075056489,0
,,,,,,1756197451.805907,-0.9610262354739292,-1.4393622916792248,2.627668653100423,1.4486054182052612,-0.07249472290277481,-1.2772082090377808,0.2911599576473236,-0.3520756959915161,1.4504182646748454,-0.05000277711168071,0
,,,,,,1756197451.856906,-1.020228996606472,-1.3983478173067088,2.55282072959217,1.4477803707122803,-0.13848327100276947,-2.2436301708221436,0.5210618376731873,-0.6716496348381042,1.4543884000387977,-0.09536199980915806,0
,,,,,,1756197451.908736,-1.074841446978616,-1.3483495879670393,2.4312746257904148,1.514923095703125,-0.16749750077724457,-2.580012083053589,0.5210618376731873,-0.6716496348381042,1.524154650506753,-0.11011775638720264,0
,,,,,,1756197451.9593763,-1.1268750780744567,-1.28907801596983,2.3264124322386865,1.618677020072937,-0.07964706420898438,-1.1439543962478638,0.34947407245635986,-0.17067460715770721,1.6206353538502465,-0.04916538484972269,0
,,,,,,1756197452.0102217,-1.179229330938964,-1.2265788878407036,2.282573450569689,1.6476598978042603,-0.04968782886862755,-0.6621508598327637,0.45450422167778015,-0.11293809115886688,1.6484089356619078,-0.030147468398126813,0
,,,,,,1756197452.0507624,-1.2214734275090886,-1.1738876701703542,2.2557388723815914,1.6985493898391724,-0.022754918783903122,-0.17500415444374084,0.003994722850620747,0.0006751887267455459,1.698701803157896,-0.013395876377868843,0
,,,,,,1756197452.1013517,-1.273631928011532,-1.1085486924136403,2.2485607623600514,1.632305383682251,-0.007892955094575882,-0.11599241942167282,0.005183703266084194,0.0014002935495227575,1.6323244666236507,-0.004835427033071954,0
,,,,,,1756197452.1522195,-1.3235493468589512,-1.045648338883492,2.2429097247693703,1.5666842460632324,-0.007275779265910387,-0.1097952276468277,0.005183703266084194,0.0014002935495227575,1.5667011405582894,-0.0046440289283109434,0
,,,,,,1756197452.2029693,-1.3700387286573097,-0.984788578062066,2.218069944854818,1.4574782848358154,-0.08450020849704742,-1.4842066764831543,-0.18867160379886627,-0.4694776237010956,1.459925763867463,-0.05791216385171247,0
,,,,,,1756197452.2536492,-1.4064136434317835,-0.9243449874642616,2.1366366208466103,1.3254151344299316,-0.1326356679201126,-2.0125937461853027,-0.16687287390232086,-0.8321446776390076,1.3320350967525323,-0.09973898637850799,0
,,,,,,1756197452.306891,-1.431434409737864,-0.8659232438672955,2.0281894017951028,1.1753838062286377,-0.16900543868541718,-2.2330985069274902,-0.16687287390232086,-0.8321446776390076,1.187472075566314,-0.14280863530452706,0
,,,,,,1756197452.3576033,-1.4482545420575594,-0.8111806455782735,1.9449364842715664,1.0865111351013184,-0.11847229301929474,-1.7601925134658813,0.259024053812027,-0.6144358515739441,1.0929511109433967,-0.10861010374522628,0
,,,,,,1756197452.3982785,-1.4579473072892737,-0.7692297029836332,1.8760784579413958,1.1286427974700928,-0.06033482402563095,-0.6275647282600403,0.5469964146614075,-0.11226470023393631,1.1302543321179177,-0.0534070201069251,0
,,,,,,1756197452.4591446,-1.475101583040687,-0.7004938585438135,1.8430760984186079,1.2846441268920898,-0.07344069331884384,-1.4146603345870972,0.5914691686630249,-0.5336470603942871,1.286741647804054,-0.05710596588741663,0
,,,,,,1756197452.5098035,-1.4852311631150588,-0.6348498055369625,1.754746222882477,1.3135515451431274,-0.13323453068733215,-1.8407033681869507,-0.17146015167236328,-0.5266529321670532,1.3202912943420368,-0.10108504432820158,0
,,,,,,1756197452.5503297,-1.488009329018465,-0.583493747468839,1.6832943771712199,1.2602765560150146,-0.1473611295223236,-2.156233549118042,0.5265156030654907,-0.6736363768577576,1.268862600967954,-0.11639906148467599,0
,,,,,,1756197452.6009178,-1.4843372539975095,-0.5183072120488279,1.5699195158033874,1.3270530700683594,-0.16371570527553558,-2.1917669773101807,0.30060145258903503,-0.6369414925575256,1.3371135639622105,-0.12274764876881689,0
,,,,,,1756197452.6514094,-1.4734707187316831,-0.45318380507664563,1.4618015617018822,1.3225141763687134,-0.11498747766017914,-1.0161287784576416,0.46642836928367615,-0.19867752492427826,1.327503622109886,-0.08672801602500034,0
,,,,,,1756197452.7021525,-1.460612894663625,-0.38605683692804293,1.4142111489249782,1.4292497634887695,-0.06303660571575165,-0.8374624848365784,0.5128019452095032,-0.17730894684791565,1.4306391928410416,-0.044076117097570956,0
,,,,,,1756197452.752786,-1.4448047095403402,-0.3138482969766898,1.37088323840463,1.5472427606582642,-0.06072203069925308,-0.8985294699668884,0.5128019452095032,-0.17730894684791565,1.5484338298492601,-0.03922518588178361,0
,,,,,,1756197452.8044245,-1.4272917681351218,-0.23776973616930164,1.3628199211623122,1.5958327054977417,0.029216861352324486,0.5240411162376404,0.6219040155410767,0.15301920473575592,1.5961001374987482,0.018306178021061863,0
,,,,,,1756197452.8552115,-1.412676516458097,-0.1557336392869379,1.3911741612806146,1.7801487445831299,0.07247662544250488,1.554862380027771,0.8944376111030579,0.7074458003044128,1.7816235332068404,0.040691329508552865,0
,,,,,,1756197452.9058022,-1.4050251110416876,-0.06239530183522782,1.505329968871766,1.9714864492416382,0.08267322182655334,1.755082607269287,0.3919439911842346,0.3080926537513733,1.9732191163554502,0.04190990643862222,0
,,,,,,1756197452.9563138,-1.404807070771542,0.03639512355898491,1.5685826588997336,1.9542430639266968,0.010655856691300869,0.016690265387296677,0.08007530868053436,0.009793000295758247,1.954272115184431,0.005452623209640193,0
,,,,,,1756197453.0071855,-1.4047105794514354,0.13273244153415248,1.5681954695579488,1.8852300643920898,0.006739078555256128,0.15243768692016602,0.05668102577328682,0.06039586663246155,1.8852421093503025,0.0035746564719905554,0
,,,,,,1756197453.0578146,-1.405152744854918,0.2256119909883224,1.576006509784834,1.8163059949874878,0.008804673328995705,0.1568666696548462,0.046444542706012726,0.23046039044857025,1.8163273355042362,0.004847533613502456,0
,,,,,,1756197453.109485,-1.4082534581925872,0.3144891142938726,1.6102272903397075,1.7272350788116455,0.03598405793309212,0.49365490674972534,0.15934902429580688,0.13186532258987427,1.727609872020533,0.02083031644311988,0
,,,,,,1756197453.1500738,-1.4127171190515193,0.3825299606019597,1.6293617642352856,1.6782313585281372,0.006105182692408562,0.02301599457859993,0.2523703873157501,0.02304297685623169,1.6782424634131101,0.003637851080213233,0
,,,,,,1756197453.2008574,-1.417847884982783,0.4659457562260723,1.6294873239006151,1.65151047706604,0.0033407090231776237,0.08908043056726456,-0.011257610283792019,0.047721147537231445,1.6515138558897036,0.0020228176042920466,0
,,,,,,1756197453.2515543,-1.4229928090625497,0.5470454318927606,1.633840838953041,1.5853670835494995,-0.004618281032890081,-0.18469341099262238,0.137844055891037,-0.017373664304614067,1.5853738102169923,-0.002913059074683725,0
,,,,,,1756197453.302207,-1.4271535078389928,0.624858082172994,1.6247945616192339,1.5425970554351807,0.014331931248307228,0.521277904510498,0.41575556993484497,0.1876111477613449,1.5426636314150262,0.009290513584461152,0
,,,,,,1756197453.352912,-1.4339507799678972,0.7029018692531211,1.6559245563447464,1.598157525062561,0.04392144829034805,0.6782131791114807,0.3732169270515442,0.18645179271697998,1.5987609479012213,0.0274756366563986,0
,,,,,,1756197453.4037988,-1.4441151369328713,0.7829179035078528,1.6902218496833552,1.6340560913085938,0.044618938118219376,0.6947121620178223,0.3732169270515442,0.18645179271697998,1.6346651520056077,0.027298851033941404,0
,,,,,,1756197453.4543524,-1.4564808006856313,0.8637718409969358,1.714105363593926,1.6463971138000488,0.04378461092710495,0.9071446657180786,0.49154132604599,0.2711237668991089,1.6469792192019819,0.02658793112318049,0
,,,,,,1756197453.5048702,-1.4729726371119627,0.9460866195079892,1.7660763362320784,1.7071248292922974,0.0700049176812172,1.1798436641693115,0.38257914781570435,0.30052122473716736,1.7085595896209793,0.04098453469165765,0
,,,,,,1756197453.5554366,-1.4951018849116569,1.0290702761874368,1.825670664322968,1.7130731344223022,0.0351373553276062,0.22685065865516663,0.0803459882736206,0.00965272169560194,1.7134334529297803,0.020508423300720093,0
,,,,,,1756197453.606446,-1.517108961529305,1.1104759493414242,1.8286635295889435,1.646461009979248,0.00732487952336669,0.13341175019741058,0.05695512145757675,0.059653736650943756,1.6464773035914944,0.004448833682631596,0
,,,,,,1756197453.6580038,-1.5383792599340318,1.1886272397916753,1.8355285085679285,1.5801360607147217,0.008976546116173267,0.13734865188598633,0.05695512145757675,0.059653736650943756,1.5801615578007253,0.0056808079865382855,0
,,,,,,1756197453.6985798,-1.556224580325427,1.2481252098806639,1.8589271453078944,1.4973677396774292,0.03230445832014084,0.44425737857818604,0.15940161049365997,0.13135720789432526,1.4977161699915147,0.02157081850041294,0
,,,,,,1756197453.759524,-1.5840160827263965,1.3321956395695007,1.8837061652599811,1.4389328956604004,0.028262484818696976,0.39824044704437256,0.25239649415016174,0.02312571182847023,1.4392104245945943,0.01963875548240842,0
,,,,,,1756197453.8100796,-1.6065333403542652,1.3995449934205655,1.8874903149341116,1.4139564037322998,0.00019708725449163467,-0.007612360175698996,0.25239649415016174,0.02312571182847023,1.4139564174680084,0.00013938707918788264,0
,,,,,,1756197453.85066,-1.6240639711602718,1.4525214000885485,1.889855608171885,1.3628302812576294,-0.005487252492457628,-0.2168765515089035,0.1473776400089264,-0.02259402722120285,1.3628413280542475,-0.004026343496910103,0
,,,,,,1756197453.9016223,-1.6442832376371102,1.5162281605454706,1.880700550011132,1.32522714138031,0.01410243846476078,0.5482067465782166,0.4277441203594208,0.19473347067832947,1.325302174985645,0.0106411238729118,0
,,,,,,1756197453.9522605,-1.6673409270038735,1.5800309110816855,1.9102049397976455,1.3981664180755615,0.05536313354969025,0.8954043388366699,0.40320536494255066,0.2649855315685272,1.3992620945307874,0.03957628008857304,0
,,,,,,1756197454.0033107,-1.6950422447705207,1.6454735794848525,1.9551512656851417,1.4397637844085693,0.05340924113988876,0.6259833574295044,0.2708714008331299,0.1943429410457611,1.4407540740645588,0.03707883410345872,0
,,,,,,1756197454.0539198,-1.7250077167346585,1.7106307679422543,1.9875442167354467,1.424174427986145,0.045580603182315826,0.6407665014266968,0.2708714008331299,0.1943429410457611,1.4249036433093034,0.031994009210606196,0
,,,,,,1756197454.1046717,-1.758461930030463,1.7765277439799207,2.029876094275657,1.55375075340271,0.0670509859919548,1.010365605354309,0.442993700504303,0.3246913552284241,1.5551968487693069,0.043127515444383625,0
,,,,,,1756197454.1563725,-1.7983424442937068,1.8447016132358158,2.0884201242208404,1.588235855102539,0.0899953618645668,1.5127452611923218,0.24870581924915314,0.4639893174171448,1.59078354800093,0.05660319802811634,0
,,,,,,1756197454.2072153,-1.8432461758095349,1.9088075963230657,2.1667597683839115,1.5262866020202637,0.1037607192993164,1.5768811702728271,0.24870581924915314,0.4639893174171448,1.5298094908765842,0.06787802080590313,0
,,,,,,1756197454.2579694,-1.8914104673294858,1.9666449303497688,2.240584670115646,1.457438349723816,0.08308391273021698,1.1511585712432861,0.10310348123311996,0.3295605778694153,1.459804603294647,0.056945178125343957,1
,,,,,,1756197454.3089178,-1.9399672751972195,2.0187211013881874,2.30133768715782,1.3765058517456055,0.11528202146291733,1.8174567222595215,0.2983894646167755,0.7307426929473877,1.3813248366559083,0.0835547628061463,0
,,,,,,1756197454.3494241,-1.9811440671778133,2.054720862761192,2.3776069164679763,1.3400509357452393,0.14024214446544647,1.9661829471588135,0.15354731678962708,0.3694857656955719,1.3473694257611601,0.10427475340159421,0
,,,,,,1756197454.4102995,-2.0433172026307442,2.102177966288181,2.45407468593776,1.2554893493652344,0.083519846200943,1.0923320055007935,0.28197288513183594,0.5980654954910278,1.2582643089108776,0.0664258675058901,0
,,,,,,1756197454.4508712,-2.084868918095333,2.129011300419222,2.5170223695995886,1.2134140729904175,0.12150038778781891,1.5994222164154053,0.28197288513183594,0.5980654954910278,1.219481880457346,0.09979837274517299,0
,,,,,,1756197454.5015762,-2.13929906281422,2.1570208673013878,2.613045120869818,1.2419676780700684,0.16574425995349884,2.238572835922241,0.45733267068862915,1.03898024559021,1.252978400882589,0.1326690652705823,0
,,,,,,1756197454.553098,-2.1975353301147686,2.1783766870563035,2.722100236730499,1.1842962503433228,0.16015495359897614,2.079810380935669,0.22347217798233032,1.034024715423584,1.1950762393000474,0.13441673681149718,0
,,,,,,1756197454.6039095,-2.253675982790568,2.1924120412745007,2.820783803269808,1.0831801891326904,0.14437931776046753,1.7916069030761719,0.16022086143493652,0.8842620253562927,1.0927601335730128,0.1325109787683926,0
,,,,,,1756197454.6545062,-2.305757721975096,2.2003900963808176,2.9079644773647106,1.0387409925460815,0.1401497721672058,1.7382535934448242,0.4221740961074829,0.8206552267074585,1.0481530461884554,0.13411284181282637,0
,,,,,,1756197454.7050734,-2.358900300246852,2.2042943366962975,2.9898291301419806,1.0712958574295044,0.11758407950401306,1.3994357585906982,0.331717312335968,0.5977917313575745,1.077729478996665,0.10932114120720494,0
,,,,,,1756197454.7557817,-2.4118163442078537,2.2056844886400957,3.0534861556519632,1.0991277694702148,0.1339533030986786,2.1383554935455322,0.9226847290992737,1.142802357673645,1.10726028603559,0.12127430301741915,0
,,,,,,1756197454.8062763,-2.473513013153356,2.1998741906646986,-3.1122794719614317,1.4029961824417114,0.18211443722248077,2.5705978870391846,0.4116945266723633,0.674639105796814,1.4147663963322272,0.12908220102621026,0
,,,,,,1756197454.8571575,-2.543765402007117,2.1867186397316067,-3.0040592622093536,1.4409828186035156,0.14346098899841309,2.0558319091796875,0.4116945266723633,0.674639105796814,1.4481065357476068,0.09923074954459224,0
,,,,,,1756197454.9079897,-2.6135377624853082,2.1670029559920643,-2.903301691754142,1.4270248413085938,0.1346248984336853,1.9417603015899658,0.2881999909877777,0.6407883167266846,1.4333610016287235,0.09406117448079915,0
,,,,,,1756197454.9586287,-2.6794423375425898,2.1411336216820516,-2.803742105295915,1.3863600492477417,0.1478772908449173,2.1308252811431885,0.31900453567504883,0.8065350651741028,1.3942244723493535,0.10626406809652161,0
,,,,,,1756197454.9992337,-2.728605140177894,2.115662097122907,-2.7185217633464736,1.345824122428894,0.13864488899707794,1.8748493194580078,0.16459757089614868,0.6888633370399475,1.3529467741772085,0.10265644295428987,0
,,,,,,1756197455.0510833,-2.783814391905955,2.080675521857293,-2.626684795922743,1.232645034790039,0.1325370818376541,1.7484725713729858,0.20146355032920837,0.542884349822998,1.2397499182716558,0.10711099659198463,0
,,,,,,1756197455.1020527,-2.83213082258136,2.0443323087170917,-2.550653715633484,1.1575838327407837,0.11109927296638489,1.4167063236236572,0.20146355032920837,0.542884349822998,1.1629029960734052,0.09568207723517459,0
,,,,,,1756197455.1528578,-2.876088356217314,2.0045247046106853,-2.462335048430476,1.2159053087234497,0.14575980603694916,1.9200623035430908,0.4488722085952759,0.7590113878250122,1.2246108119879542,0.11930825840585664,0
,,,,,,1756197455.2035859,-2.9206926743185266,1.9554485728419928,-2.3609238439468117,1.5278528928756714,0.15486732125282288,2.2825915813446045,0.9712507724761963,0.6467931270599365,1.5356817214060285,0.10101769496275248,0
,,,,,,1756197455.2543457,-2.9681429138590936,1.8919426185293173,-2.235822582875998,1.5836437940597534,0.16297326982021332,2.670546531677246,0.3994660973548889,1.087550163269043,1.5920075229532877,0.10254930703848494,0
,,,,,,1756197455.3060813,-3.00711140765685,1.8219896114662941,-2.1007012586041585,1.6226922273635864,0.1655472218990326,2.755960464477539,0.5107868909835815,1.019669771194458,1.6311149399796097,0.10166834801856915,0
,,,,,,1756197455.3568423,-3.0374420471333856,1.7454808985540076,-1.9665234595096457,1.6590914726257324,0.15427570044994354,2.608851432800293,0.4666503369808197,0.8640075922012329,1.6662489328694985,0.09272142803030349,0
,,,,,,1756197455.4073586,-3.0582622592745694,1.6644573371794642,-1.834993753206974,1.7269914150238037,0.12286829948425293,1.874127984046936,0.7842167615890503,0.41588956117630005,1.7313566838130354,0.07102618858617438,0
,,,,,,1756197455.4580662,-3.0742178096783963,1.5749813755467894,-1.7632463216239926,1.89618980884552,0.04523186385631561,0.6840867400169373,0.32034751772880554,0.07515716552734375,1.8967292143786696,0.023849557326945686,0
,,,,,,1756197455.508861,-3.0903052305320204,1.4813154157132182,-1.745302266652673,1.9064356088638306,0.014302823692560196,0.24612639844417572,0.32034751772880554,0.07515716552734375,1.9064892607905204,0.007502249373765528,0
,,,,,,1756197455.5495343,-3.102750864095378,1.4059666071161288,-1.7355650331754162,1.9312117099761963,0.02379578724503517,0.5258114337921143,0.5138729810714722,0.14286884665489197,1.9313583065396733,0.0123210640111264,1
,,,,,,1756197455.6015294,-3.116417657043072,1.3084312671706146,-1.706614411221687,2.026235818862915,0.030182505026459694,0.6117987036705017,0.5138729810714722,0.14286884665489197,2.026460603429719,0.01489474851875202,1
,,,,,,1756197455.6532478,-3.127396222583388,1.2062429949276074,-1.6704433718208245,2.0464372634887695,0.05877673253417015,1.3785256147384644,0.23784014582633972,0.36415594816207886,2.04728116722711,0.02871359873196106,1
,,,,,,1756197455.7056108,-3.1312787898833627,1.1055045731639446,-1.596128454302314,1.9709349870681763,0.07009553164243698,1.5245294570922852,0.23784014582633972,0.36415594816207886,1.9721810532518733,0.03554962556689977,1
,,,,,,1756197455.7562127,-3.1292288238815593,1.0046480784889675,-1.5490966801268484,2.0825204849243164,0.036782242357730865,0.7627045512199402,0.5544652938842773,0.16745956242084503,2.0828452903377803,0.017660531306369333,1
,,,,,,1756197455.8068736,-3.124300952805568,0.8996000648632148,-1.5259636600366917,2.081566095352173,-0.0030865364242345095,-0.12346179783344269,8.551045175408944e-05,3.072730032727122e-05,2.0815683837017676,-0.0014827942139456142,0
,,,,,,1756197455.8575063,-3.1202232028372903,0.7970091509115635,-1.5327070245798537,2.0113797187805176,-0.0065796105191111565,-0.13981564342975616,4.291023651603609e-05,8.001253263500985e-06,2.0113904803384592,-0.003271180965489446,0
,,,,,,1756197455.9081583,-3.1170990190132266,0.6978878844532056,-1.5402741950095773,1.9414831399917603,-0.008099463768303394,-0.15907108783721924,0.022002633661031723,-0.004361510742455721,1.9415000345571973,-0.004171767765930256,0
,,,,,,1756197455.9590335,-3.1145419446935305,0.5998979602647673,-1.5435508694900308,2.0268077850341797,-0.000525523500982672,0.004379197955131531,0.5458677411079407,0.02864209935069084,2.026807853164702,-0.0002592862989210078,0
,,,,,,1756197456.009548,-3.1128099571514953,0.49976313397326516,-1.5573979071026978,1.9678298234939575,-0.01756463758647442,-0.36982589960098267,0.19790256023406982,-0.04517992585897446,1.9679082119666569,-0.00892565552758934,0
,,,,,,1756197456.0500257,-3.1127904729294387,0.4219167155512466,-1.5697396693569352,1.9099135398864746,-0.014866910874843597,-0.27996179461479187,0.13322563469409943,-0.028511613607406616,1.909971401587114,-0.007783918122040764,0
,,,,,,1756197456.1019123,-3.112683104951126,0.32796285207529485,-1.5628920859725184,1.8322010040283203,0.02460990473628044,0.4842756986618042,0.16704526543617249,0.1336485892534256,1.8323662752227006,0.013431072704544933,0
,,,,,,1756197456.1525908,-3.1105628711773927,0.2377875302459327,-1.551109045268739,1.7634974718093872,0.0038532684557139874,0.046813320368528366,0.14333978295326233,0.035683199763298035,1.7635016815290798,0.0021850115382191105,0
,,,,,,1756197456.203398,-3.108691069713639,0.15051207387973392,-1.5501081984667813,1.727138876914978,0.0002100426354445517,0.0008986108005046844,0.23313386738300323,0.027000313624739647,1.7271388896869413,0.00012161305452416138,0
,,,,,,1756197456.2540574,-3.106558277161462,0.0650318064888258,-1.5432372249926596,1.6710597276687622,0.020233001559972763,0.35928547382354736,0.08886731415987015,0.11218845099210739,1.6711822126233045,0.012107294901802223,0
,,,,,,1756197456.3046834,-3.1033170671964956,-0.017095174756506615,-1.5359831140998752,1.6044974327087402,0.0002572604571469128,-0.010723652318120003,0.10901578515768051,0.023214686661958694,1.6044974533329373,0.00016033709353342626,0
,,,,,,1756197456.3554223,-3.0994623975374953,-0.09787029609550224,-1.5200406215072675,1.6690870523452759,0.035209812223911285,0.5844292044639587,0.37852615118026733,-0.0009256205521523952,1.6694583909710012,0.021092123784868466,0
,,,,,,1756197456.4070146,-3.094434304878505,-0.18218571634106856,-1.517782431906938,1.6792173385620117,0.02731257677078247,0.7729419469833374,-0.0071069528348743916,0.5597280263900757,1.6794394442721492,0.016263629484357476,0
,,,,,,1756197456.457712,-3.0849071608373593,-0.2628398029885451,-1.450029074249895,1.5724985599517822,0.06666195392608643,0.7003807425498962,0.29284366965293884,0.17325736582279205,1.5739109050869662,0.042367011066523824,0
,,,,,,1756197456.508414,-3.0718838235767096,-0.3403447218039073,-1.41744893489959,1.5679808855056763,0.04135376214981079,0.6146013736724854,0.29284366965293884,0.17325736582279205,1.56852612058426,0.026367781786547823,0
,,,,,,1756197456.5500991,-3.0615711522458127,-0.403356039312588,-1.4262689261710415,1.6830555200576782,-0.08903113007545471,-1.9236985445022583,0.8321491479873657,-0.6178748607635498,1.6854086821062522,-0.0528492520334633,0
,,,,,,1756197456.6006958,-3.058703017007844,-0.49132047347947855,-1.5424848584986932,1.8214157819747925,-0.10369386523962021,-1.8875831365585327,0.4295938014984131,-0.3597750961780548,1.8243650590041396,-0.05686897927216816,0
,,,,,,1756197456.6516354,-3.0618787144870647,-0.581889523476976,-1.590557006113916,1.775678277015686,-0.014166856184601784,-0.15743811428546906,5.7679964970969166e-11,0.0,1.775734789679909,-0.007978109431278028,0
,,,,,,1756197456.7025359,-3.064372263282644,-0.669292891850455,-1.597484563380406,1.7084534168243408,-0.007845394313335419,-0.1254153698682785,1.3467789358401205e-05,2.254867240480962e-06,1.7084714301593389,-0.004592070869724801,1
,,,,,,1756197456.7533443,-3.0672083526942586,-0.7533340135631794,-1.6036405524176025,1.641874074935913,-0.00763710867613554,-0.12031866610050201,1.3467789358401205e-05,2.254867240480962e-06,1.641891836685837,-0.004651424682589515,1
,,,,,,1756197456.8050387,-3.0695803886433883,-0.8345202197427863,-1.5926788921057353,1.6225122213363647,0.04840530455112457,0.8771831393241882,0.3566403090953827,0.24604520201683044,1.6232341118564975,0.02982470682120411,0
,,,,,,1756197456.8560827,-3.0671388810051217,-0.916012455390453,-1.5470411136273234,1.6667568683624268,0.038260843604803085,0.38069042563438416,0.5490195155143738,0.10187269002199173,1.6671959544056827,0.022951233027749648,1
,,,,,,1756197456.9067295,-3.062998211307999,-1.0020332229276525,-1.528215743557628,1.8030914068222046,0.022482289001345634,0.3705217242240906,0.5490195155143738,0.10187269002199173,1.803231564351849,0.012468100020094372,1
,,,,,,1756197456.9575815,-3.0541851961974817,-1.0898032887881,-1.4601637085727226,1.7106267213821411,0.10829919576644897,2.0305259227752686,0.2710352838039398,0.652315080165863,1.7140514857233062,0.06322527853707774,0
,,,,,,1756197457.0084817,-3.036259398024508,-1.172074147575384,-1.3701206195873228,1.641263723373413,0.03372960165143013,0.12312004715204239,3.0522986360637105e-09,6.095929316884963e-10,1.6416102752142858,0.020548101979497257,1
,,,,,,1756197457.0493834,-3.022816994324688,-1.235519635208699,-1.370786465431519,1.5882375240325928,-0.004875278566032648,-0.10520047694444656,3.0522986360637105e-09,6.095929316884963e-10,1.5882450066303617,-0.0030696058869325426,1
,,,,,,1756197457.1002173,-3.007364645256633,-1.3133409583044726,-1.372961931025526,1.6458853483200073,0.0028015393763780594,0.0574764721095562,0.5289297699928284,0.04046930745244026,1.6458877326346864,0.0017021457014632243,1
,,,,,,1756197457.1509311,-2.9903875959057675,-1.3966084359940079,-1.369870978190218,1.7759541273117065,0.036219093948602676,0.9201135635375977,0.6112909317016602,0.3594757318496704,1.7763234179287124,0.020391333992020064,0
,,,,,,1756197457.2015903,-2.9669185425621505,-1.4848515609199358,-1.3033466966061171,1.9009897708892822,0.0812455490231514,1.5701910257339478,0.01947138085961342,0.04523322731256485,1.902725137339011,0.04271255802759017,0
,,,,,,1756197457.2541683,-2.9390469600483504,-1.5743971117453626,-1.278467105740696,1.8350293636322021,0.007633727043867111,0.09927432239055634,0.01947138085961342,0.04523322731256485,1.8350452417259322,0.004159978668542458,0
,,,,,,1756197457.3048255,-2.912750817940785,-1.660897513133917,-1.2773580007730923,1.7681111097335815,-0.0015773335471749306,-0.03418409824371338,0.03923049569129944,0.019191328436136246,1.7681118133037956,-0.0008921006830705505,0
,,,,,,1756197457.3553221,-2.8867908422064534,-1.7438474329378104,-1.2631500717247988,1.7204209566116333,0.0470769889652729,0.964185357093811,0.47261083126068115,0.27655431628227234,1.7210649351022536,0.027356818765195304,0
,,,,,,1756197457.4059913,-2.8554094419807057,-1.8236575923321592,-1.1916750054948304,1.7078344821929932,0.10126101225614548,1.7616069316864014,0.5058227777481079,0.45019522309303284,1.710833835055453,0.059222717627962655,0
,,,,,,1756197457.456469,-2.8161575493299966,-1.8999708365975958,-1.101721899715632,1.6638680696487427,0.10837463289499283,1.8446898460388184,-0.014309401623904705,0.5429741144180298,1.6673937790011566,0.06504227441260846,0
,,,,,,1756197457.5072618,-2.772642787497933,-1.9685251876732337,-1.0210290717380068,1.5598621368408203,0.09263774007558823,1.4146909713745117,0.019048243761062622,0.40355926752090454,1.562610519878809,0.05931874181855562,0
,,,,,,1756197457.5278714,-2.7546951135492748,-1.9938595434572057,-0.992908742965718,1.508966088294983,0.10685205459594727,1.7739886045455933,0.15428107976913452,0.7691906094551086,1.512744531371916,0.07069343451752023,0
,,,,,,1756197457.6017194,-2.7077567969155925,-2.0496201674439365,-0.896298981210564,1.3740898370742798,0.1381014734506607,1.989129900932312,0.15428107976913452,0.7691906094551086,1.3810122726898788,0.10016760032136723,0
,,,,,,1756197457.652342,-2.6579051639613294,-2.0966604619499285,-0.8005470860545401,1.446715235710144,0.13403938710689545,1.9000931978225708,0.6798127889633179,0.5628446936607361,1.4529113980321888,0.0923870903143537,1
,,,,,,1756197457.703012,-2.598198286160011,-2.144259352410807,-0.7016451403585123,1.632519245147705,0.1245395839214325,1.863068699836731,0.6728785037994385,0.4757004976272583,1.6372627137209705,0.07613927455297166,0
,,,,,,1756197457.7555044,-2.527522453881134,-2.1919163372574184,-0.6064116456493424,1.7997491359710693,0.11360520869493484,1.9750488996505737,0.6728785037994385,0.4757004976272583,1.803331110991886,0.06303916469446999,0
,,,,,,1756197457.8060718,-2.4465950213388017,-2.2363788303156276,-0.4973976797195804,1.8685572147369385,0.128395676612854,2.661742687225342,0.49952399730682373,0.8923222422599792,1.8729632976965505,0.06860596455503418,1
,,,,,,1756197457.856687,-2.3591677855211444,-2.2707695235563126,-0.35992099639726477,1.8548171520233154,0.11849416047334671,2.6228394508361816,-0.011169672012329102,0.8057168126106262,1.8585982711458027,0.06379785364047677,1
,,,,,,1756197457.8991964,-2.2890334499188394,-2.2893115674999613,-0.26115487169646984,1.7368050813674927,0.11726085096597672,2.3057057857513428,-0.011169672012329102,0.8057168126106262,1.7407590292263913,0.06741295697033751,1
,,,,,,1756197457.959895,-2.189339077968539,-2.305545370049292,-0.1758797096380683,1.6269980669021606,0.027577117085456848,0.35303062200546265,-0.0221757460385561,0.10257641971111298,1.6272317619472996,0.016948069703195023,0
,,,,,,1756197458.0006456,-2.125878882391601,-2.3155164203349403,-0.16251671681331886,1.5974712371826172,0.04796654358506203,1.0254956483840942,0.4851777255535126,0.3508552610874176,1.5981912097522184,0.03001752696467691,1
,,,,,,1756197458.052196,-2.0448327195396088,-2.323316980838044,-0.10026033234238059,1.665933609008789,0.09907441586256027,1.767891764640808,0.5650720000267029,0.5635088086128235,1.6688770264772528,0.05940084358456769,0
,,,,,,1756197458.1028502,-1.959532478104252,-2.3229160550901966,-0.00039787251730134734,1.7488473653793335,0.12447181344032288,2.231935501098633,0.4868628978729248,0.6414476633071899,1.7532713251905303,0.07105381182181204,0
,,,,,,1756197458.1535065,-1.8716651106298932,-2.312638650231223,0.11422540708756938,1.8224114179611206,0.10064537823200226,1.6706829071044922,0.6879364848136902,0.35146865248680115,1.8251884473868787,0.05517044201027737,0
,,,,,,1756197458.2041757,-1.7788092197338183,-2.2942541506743965,0.19496270821023315,1.9453212022781372,0.03877899795770645,0.46775105595588684,0.0002522453432902694,1.7479298549005762e-05,1.9457076837786966,0.019931856197925143,0
,,,,,,1756197458.2562268,-1.684915915266267,-2.2748286301531477,0.19689068828671025,1.8761497735977173,-0.005221904255449772,-0.12459070235490799,0.0002522453432902694,1.7479298549005762e-05,1.8761570406697887,-0.00278330165567512,0
,,,,,,1756197458.3068378,-1.5941563909412777,-2.25729052899925,0.19048330108126804,1.8078278303146362,-0.007280808873474598,-0.12912359833717346,0.00017291170661337674,6.414216477423906e-05,1.8078424915456484,-0.004027357797784718,1
,,,,,,1756197458.357427,-1.5066190011479803,-2.2410200866889483,0.18407783421310878,1.7401984930038452,-0.007516084238886833,-0.12604361772537231,0.00011885596177307889,-6.8568824644898996e-06,1.740214724272594,-0.004319069079267448,0
,,,,,,1756197458.4079444,-1.4222909816235623,-2.2259196922776283,0.17786065763924977,1.6732680797576904,-0.007678779307752848,-0.12429049611091614,0.0003475686244200915,-0.0004955490585416555,1.6732856989730251,-0.004589058679193656,0
,,,,,,1756197458.4585037,-1.3410972193695831,-2.212787073065392,0.15490056228845644,1.600480079650879,-0.06518277525901794,-1.1670242547988892,0.22322818636894226,-0.26799947023391724,1.6018068796049514,-0.04070451896216891,0
,,,,,,1756197458.5090802,-1.2610876746284654,-2.2060058387359853,0.09384940645440236,1.6219524145126343,-0.08164729923009872,-1.302392601966858,0.32327863574028015,-0.27459001541137695,1.624006131889573,-0.050296444139152074,0
,,,,,,1756197458.5596883,-1.1790189600091063,-2.203150519834013,0.05691202374804687,1.7264176607131958,0.014567539095878601,0.481464147567749,0.6415770649909973,0.15039435029029846,1.7264791201800658,0.008437815312808246,0
,,,,,,1756197458.600086,-1.1085433966422438,-2.1978441477555437,0.07154927931415782,1.7672898769378662,-0.006387296598404646,-0.2543492317199707,0.13287866115570068,-0.03826500102877617,1.7673014193071013,-0.003614160229803299,0
,,,,,,1756197458.6519535,-1.021648282737852,-2.1927338435796884,0.058063035493695,1.719957947731018,-0.01447167620062828,-0.23202040791511536,0.27305611968040466,-0.021795740351080894,1.7200188287850664,-0.008413772399048346,0
,,,,,,1756197458.7028406,-0.935937394715116,-2.188859978040415,0.046550241711013005,1.7099087238311768,-0.014063769951462746,-0.2288665473461151,0.27305611968040466,-0.021795740351080894,1.7099665591640123,-0.008224680439212543,0
,,,,,,1756197458.7536325,-0.8501636623620131,-2.185322016743729,0.04495704167591368,1.7537736892700195,0.006030402611941099,0.11660956591367722,0.43419960141181946,0.05270833894610405,1.75378405709809,0.003438515973989518,0
,,,,,,1756197458.8044698,-0.7612938493332817,-2.1807694429006785,0.05100954046647315,1.7819645404815674,0.010242905467748642,0.20482368767261505,0.2094356268644333,0.07286588847637177,1.7819939788467594,0.005748033940429128,1
,,,,,,1756197458.8574436,-0.6732633719984712,-2.1753315192221017,0.06141479918433672,1.7370765209197998,0.012469010427594185,0.20896556973457336,0.2094356268644333,0.07286588847637177,1.7371212726093361,0.00717803512097225,1
,,,,,,1756197458.9082081,-0.5862304571083756,-2.1699387788400606,0.056962728857210695,1.7538045644760132,-0.01767783984541893,-0.31359434127807617,0.32962894439697266,-0.04207083582878113,1.753893655954801,-0.010079367762694757,1
,,,,,,1756197458.958845,-0.4988190672219466,-2.1665300260120484,0.039488595909858024,1.7158631086349487,-0.022728146985173225,-0.3816499412059784,0.005122034810483456,-0.05607948452234268,1.7160136293863666,-0.013245122972872059,1
,,,,,,1756197459.0002222,-0.43058438569775453,-2.1664207128966693,0.0036233897479426716,1.7161595821380615,-0.052492693066596985,-0.7660162448883057,0.48947674036026,-0.12981906533241272,1.716962199406169,-0.030577769323220892,0
,,,,,,1756197459.050914,-0.34330291005161,-2.17004521350348,-0.038964327105578914,1.7410794496536255,-0.06837528944015503,-1.266950011253357,0.223201721906662,-0.26796770095825195,1.7424215420535287,-0.03925160958679847,0
,,,,,,1756197459.1015828,-0.2573455721978963,-2.179323680380756,-0.10394124177129956,1.745516300201416,-0.07872935384511948,-1.3367780447006226,0.4475831389427185,-0.2577035427093506,1.7472908931902866,-0.045073214861611755,0
,,,,,,1756197459.1523964,-0.17117525090274582,-2.1936606524320617,-0.1558075967689348,1.7563470602035522,-0.0063369395211339,0.3446446359157562,0.5900729298591614,0.3551965355873108,1.7563584920761919,-0.0036080067358041355,0
,,,,,,1756197459.2031977,-0.08176769359014283,-2.2040787498381875,-0.1025592855795779,1.86865234375,0.07746688276529312,1.5083156824111938,0.5900729298591614,0.3551965355873108,1.8702573886307037,0.041432292368470985,0
,,,,,,1756197459.2556527,0.01367010814829598,-2.2078594893532393,-0.04381513848141767,1.9547404050827026,0.03212311118841171,0.5278328061103821,0.4392123818397522,0.12477745860815048,1.9550043338916954,0.016431961948744234,0
,,,,,,1756197459.3068814,0.11261250707227616,-2.209730326145709,-0.017957914496890506,1.9890096187591553,0.006481173448264599,-0.0012093903496861458,0.0002657289442140609,-5.518679608940147e-05,1.9890201781595143,0.003258481230425963,0
,,,,,,1756197459.3573165,0.21064913021106516,-2.211703707398934,-0.022788108511648655,1.9195185899734497,-0.006490219850093126,-0.13355429470539093,0.000191772123798728,-9.071400563698262e-05,1.9195295622124091,-0.0033811577295571964,0
,,,,,,1756197459.407898,0.3052081952887273,-2.2144563440569387,-0.029459182047337176,1.8507914543151855,-0.007260570768266916,-0.13200856745243073,6.625352398259565e-05,2.0058096197317354e-05,1.8508056957049814,-0.003922934432180001,0
,,,,,,1756197459.4592476,0.39631060981052724,-2.2173756605006987,-0.028768510574473563,1.7803195714950562,0.012773457914590836,0.24728184938430786,0.08429159224033356,0.08533143252134323,1.7803653944837945,0.007174688714415585,0
,,,,,,1756197459.5100775,0.483902553339607,-2.218718349174695,-0.015744053427927465,1.7237615585327148,0.015561702661216259,0.2612379193305969,0.08429159224033356,0.08533143252134323,1.7238318007464795,0.009027513024115696,0
,,,,,,1756197459.55092,0.5520957959238161,-2.218728071089905,-0.0022536392281019136,1.7179608345031738,0.02508915215730667,0.4242829382419586,0.3701948821544647,0.12061890214681625,1.7181440261057317,0.014602992239071301,0
,,,,,,1756197459.6018205,0.6387162797357342,-2.216887417542412,0.019279693108749264,1.7666336297988892,0.03998582437634468,0.8011752367019653,0.5167970061302185,0.214947909116745,1.7670860896083855,0.022630044869744487,0
,,,,,,1756197459.6526313,0.7288790431621902,-2.211259771013749,0.0627089637880253,1.8649457693099976,0.05091286823153496,0.9174357056617737,0.5167970061302185,0.214947909116745,1.8656405984590978,0.027293139839974983,0
,,,,,,1756197459.7033668,0.8212246416245277,-2.201062262893356,0.11136419849257634,1.8092660903930664,0.0553249716758728,0.9992296695709229,0.1427876353263855,0.2507816553115845,1.8101117750948827,0.030569156001758437,0
,,,,,,1756197459.7555027,0.9098139807224925,-2.1861061860334554,0.16957544724885235,1.8362804651260376,0.0817999616265297,1.5306297540664673,0.5720042586326599,0.36531221866607666,1.83810151523946,0.044517120174763045,0
,,,,,,1756197459.8069077,1.001006400562217,-2.163269593349824,0.24832276289927363,1.909499168395996,0.08821707963943481,1.763016700744629,0.2986447215080261,0.4658395051956177,1.9115358556001796,0.04616624044558695,0
,,,,,,1756197459.85785,1.0903637158632695,-2.1324463001084757,0.33918009480997496,1.8591113090515137,0.09298239648342133,1.8282508850097656,0.2986447215080261,0.4658395051956177,1.8614350876404564,0.04997279190206768,0
,,,,,,1756197459.9088404,1.1754115799799616,-2.093041690735311,0.444298856067369,1.922072172164917,0.1159917563199997,2.4703421592712402,0.613885760307312,0.6441965699195862,1.9255688828356572,0.060274145273283584,0
,,,,,,1756197459.9595594,1.2587562760730426,-2.0416264663443155,0.570067974130022,1.9844183921813965,0.10813877731561661,2.5108530521392822,0.5148770213127136,0.6235806345939636,1.987362662018967,0.05444009462305101,0
,,,,,,1756197460.0002706,1.3221932458244468,-1.9925707228050165,0.6689955975724288,2.020137071609497,0.09792347997426987,2.462888479232788,0.5148770213127136,0.6235806345939636,2.022509034842926,0.04843576826381765,0
,,,,,,1756197460.0510874,1.396305332927679,-1.9217558142029199,0.7872990791011666,2.10329008102417,0.08466760814189911,2.267202377319336,0.6208634376525879,0.5096026062965393,2.1049935317722785,0.040233118601860275,0
,,,,,,1756197460.1028936,1.465243836274895,-1.840073823555972,0.897637469256039,2.177236557006836,0.058618269860744476,1.7814308404922485,0.5044972896575928,0.35641729831695557,2.178025511037106,0.02691674106894905,0
,,,,,,1756197460.153501,1.5283230343718075,-1.7502187935180737,0.9833425547299043,2.2051842212677,0.06530357897281647,1.9006638526916504,0.384673148393631,0.5252349972724915,2.2061509484064534,0.029605009252582734,0
,,,,,,1756197460.2041843,1.5819672154802984,-1.6555435974615285,1.0880756693629963,2.0988948345184326,0.07418405264616013,2.269486665725708,0.18166007101535797,0.6340164542198181,2.100205418532951,0.035329633370380135,0
,,,,,,1756197460.2547736,1.6227598313220803,-1.560532411023571,1.1894632791411113,2.080188512802124,0.06144408509135246,1.5906347036361694,0.5067010521888733,0.344291627407074,2.0810957749192194,0.029529162627563343,0
,,,,,,1756197460.3056781,1.6593024282351965,-1.463202847983824,1.2068809106990053,2.0435967445373535,-0.005480966065078974,-0.1367218941450119,3.063115946133621e-05,4.975735009793425e-06,2.0436040945527285,-0.0026820129449905013,0
,,,,,,1756197460.3565903,1.6953728842977263,-1.3692398820573424,1.2085462815709704,1.9481594562530518,0.04743204265832901,1.1713802814483643,0.06091149151325226,0.4195966422557831,1.9487367871672479,0.024342295780115132,1
,,,,,,1756197460.4074552,1.7235005999336643,-1.2785062111464802,1.281283974763901,1.8288359642028809,0.08129344880580902,1.5963187217712402,0.06091149151325226,0.4195966422557831,1.8306418570492218,0.04442168221911619,1
,,,,,,1756197460.4581444,1.7419982405866083,-1.1893475001332345,1.3716739439514136,1.837454915046692,0.10681741684675217,2.0611608028411865,0.4816901385784149,0.5303936004638672,1.8405571236370413,0.05806799939695165,1
,,,,,,1756197460.5089657,1.7513054148736755,-1.097277381847133,1.4729243308827364,1.8202778100967407,0.09119581431150436,1.6844006776809692,0.05539998039603233,0.42362180352211,1.8225608309404997,0.05005808887051864,0
,,,,,,1756197460.5598886,1.752611684652727,-1.0084041513906365,1.5540208989103583,1.731560230255127,0.09004766494035721,1.578142523765564,0.05539998039603233,0.42362180352211,1.7339000585277107,0.05195696926474402,0
,,,,,,1756197460.6005545,1.7481844285249992,-0.9405884230685262,1.6224846742137686,1.6727381944656372,0.11097383499145508,1.91424560546875,0.30425146222114563,0.5543009638786316,1.6764153003587359,0.06624554437146592,0
,,,,,,1756197460.6514325,1.7350728415694348,-0.8587017868018888,1.7185225089163965,1.664063572883606,0.11148412525653839,1.7643228769302368,0.579236626625061,0.44787314534187317,1.6677938376137407,0.06689514856144088,1
,,,,,,1756197460.7024512,1.7140916399150194,-0.7755746840773479,1.8078344708127352,1.780624270439148,0.10595159977674484,1.8323638439178467,0.579236626625061,0.44787314534187317,1.7837736779009268,0.05943242730127508,1
,,,,,,1756197460.7535384,1.6851247266200067,-0.6904651651074991,1.8944519288522301,1.7933790683746338,0.09184480458498001,1.6293987035751343,0.343258798122406,0.4066982567310333,1.7957293646353065,0.051168565257825,0
,,,,,,1756197460.8059103,1.6510726012754764,-0.6080556123306469,1.9477659221321444,1.7483893632888794,0.007033816073089838,-0.06115221604704857,0.0,0.0,1.7484035118445178,0.004023004414417757,0
,,,,,,1756197460.8566658,1.6195988157743137,-0.527944626012756,1.942833522698144,1.6812416315078735,-0.007004974409937859,-0.12006665021181107,0.03528427332639694,0.03908539190888405,1.6812562247265408,-0.004166524158894939,1
,,,,,,1756197460.9075372,1.5895691396767802,-0.4508353645930901,1.9434995172863792,1.615820288658142,0.003057013265788555,0.05094510689377785,0.03528427332639694,0.03908539190888405,1.6158231804777987,0.0018919242689574964,1
,,,,,,1756197460.95832,1.5608381943754763,-0.37673218457881347,1.9400233305151877,1.5503835678100586,-0.006603396963328123,-0.10191425681114197,0.06115090847015381,0.002736856695264578,1.550397630347422,-0.004259176355166819,0
,,,,,,1756197461.0089715,1.534291385626286,-0.30503408141049715,1.925670674547962,1.50161874294281,-0.02768518030643463,-0.4172322452068329,0.21592120826244354,-0.07446597516536713,1.501873935577066,-0.018434801889977665,0
,,,,,,1756197461.049716,1.5153599839435323,-0.24884559282659402,1.901789247814196,1.4263157844543457,-0.09786682575941086,-1.4314602613449097,0.1829146444797516,-0.49212631583213806,1.4296694137344614,-0.06850774031353107,0
,,,,,,1756197461.100808,1.4999752140861529,-0.18001230015506614,1.8126351484224579,1.45359468460083,-0.14828702807426453,-2.2373476028442383,0.6048597097396851,-0.5721897482872009,1.4611387852613058,-0.10166232527009635,0
,,,,,,1756197461.1516426,1.4922849124878796,-0.10362345850854371,1.708069743971353,1.7105075120925903,-0.06407362222671509,-0.5236757397651672,0.9058183431625366,-0.02023521065711975,1.7117071531048864,-0.03744133151655088,0
,,,,,,1756197461.202316,1.4814273156783584,-0.012040455423469081,1.7054999160436877,2.044264793395996,0.025969572365283966,0.648189127445221,0.985598087310791,0.15060727298259735,2.044429740589588,0.012702941212212573,0
,,,,,,1756197461.2531207,1.464942676136977,0.09289778524327368,1.7259294745829685,2.1280415058135986,-0.003925195429474115,-0.1293923258781433,7.75298394728452e-06,2.4587818643340142e-06,2.1280451258430984,-0.0018445086561049851,0
,,,,,,1756197461.3037376,1.449268111212715,0.19670964165753377,1.7189773073571992,2.0574872493743896,-0.006454797461628914,-0.14248420298099518,3.656625949588488e-06,-2.008139432518874e-07,2.0574973744207945,-0.003137213262103319,0
,,,,,,1756197461.3543463,1.4348987260318797,0.297160324653934,1.7119064471611083,1.987534523010254,-0.006864259485155344,-0.13950729370117188,3.2956830864350195e-07,-4.2655358356569195e-07,1.987546376368581,-0.0034536417426663654,0
,,,,,,1756197461.4050632,1.4217303672772807,0.3942591980000817,1.7049965050209395,1.918186902999878,-0.007124023046344519,-0.1362263709306717,8.045923459576443e-05,-6.779276009183377e-05,1.918200132036443,-0.003713918743180262,0
,,,,,,1756197461.4575355,1.4097201032426507,0.48802227545082866,1.697699595519164,1.8491050004959106,-0.008812064304947853,-0.16215676069259644,0.014458891935646534,-0.006267109885811806,1.8491259976908812,-0.00476554743719657,0
,,,,,,1756197461.5082185,1.3989248688771123,0.5784618863402275,1.6897423660206414,1.7805477380752563,-0.008954589255154133,-0.1540084332227707,0.016614628955721855,-0.00535167520865798,1.7805702547873925,-0.005029078171564203,0
,,,,,,1756197461.5592687,1.3892493573492795,0.6655931019407015,1.6818284755793578,1.7125060558319092,-0.00994354672729969,-0.16517020761966705,0.006940495688468218,-0.008894434198737144,1.7125349238431546,-0.005806364858115163,0
,,,,,,1756197461.6100836,1.380828982814407,0.7494130724853327,1.669904573272773,1.6389963626861572,-0.024319861084222794,-0.5369759798049927,0.08663717657327652,-0.10636494308710098,1.6391767850178973,-0.014837175362853654,0
,,,,,,1756197461.6505303,1.3763322839927592,0.8138761161510251,1.647177813955902,1.635809302330017,-0.024466032162308693,-0.23898831009864807,0.6769288778305054,-0.022855831310153008,1.6359922555804425,-0.014955415670797629,0
,,,,,,1756197461.701013,1.3710125485674136,0.8994170335704087,1.639082872140768,1.7792891263961792,0.009342698380351067,0.2641856372356415,0.3769688010215759,0.09065859019756317,1.7793136545659127,0.005250755698351268,0
,,,,,,1756197461.7518919,1.3620421745268807,0.9899175604480753,1.679513877325646,1.950582504272461,0.0709376409649849,1.4255528450012207,0.8838839530944824,0.3098548948764801,1.951871987318713,0.03635139340561379,0
,,,,,,1756197461.8026588,1.344310358464144,1.0910697110544822,1.7546467514537405,2.2004079818725586,0.06724071502685547,1.5927927494049072,0.8838839530944824,0.3098548948764801,2.2014351229245412,0.030548787905048204,0
,,,,,,1756197461.8535497,1.3219581285992013,1.1973823736893867,1.773326103279213,2.130079984664917,-0.0049587576650083065,-0.133273184299469,0.003966198768466711,0.0014932837802916765,2.1300857565712406,-0.002327963617727979,0
,,,,,,1756197461.9042413,1.301379808314821,1.3004399913156057,1.7663636949309833,2.0595321655273438,-0.00665671844035387,-0.14651529490947723,0.0028186470735818148,-0.0007111791055649519,2.0595429232580087,-0.003232139498209453,1
,,,,,,1756197461.9552417,1.282266021074255,1.400199297478081,1.7590966362350353,1.9894987344741821,-0.007040560711175203,-0.14331591129302979,0.0028186470735818148,-0.0007111791055649519,1.9895111922202144,-0.003538846845428443,1
,,,,,,1756197462.0058439,1.2645235292399086,1.496666485767708,1.752090121478541,1.9201182126998901,-0.007154344581067562,-0.13678346574306488,2.642248546180781e-05,-0.00013320037396624684,1.9201315411680013,-0.0037259744874391914,0
,,,,,,1756197462.0564373,1.248068665740577,1.589853935721922,1.7453307488269971,1.8513823747634888,-0.007324153557419777,-0.1327575445175171,5.183822850085562e-06,-9.495866106590256e-05,1.8513968620504433,-0.003956025210792613,0
,,,,,,1756197462.1069946,1.2326960424270155,1.679769364716769,1.740451114555767,1.7839171886444092,-0.0058303894475102425,-0.10351766645908356,0.07207461446523666,0.005019376985728741,1.7839267163709618,-0.0032682955941058006,0
,,,,,,1756197462.1583188,1.21709759130126,1.7659741390063757,1.756026124272821,1.7018640041351318,0.03710940107703209,0.6569355130195618,0.10533124953508377,0.18146836757659912,1.7022685440961307,0.021801695824112084,0
,,,,,,1756197462.199218,1.2019964259717113,1.8310969811169644,1.7950288130807543,1.6125084161758423,0.08376952260732651,1.4658879041671753,0.03123846836388111,0.4414454996585846,1.6146828559056985,0.05190316214644054,0
,,,,,,1756197462.2497747,1.1778983130475098,1.905846788172298,1.869342474107575,1.5013353824615479,0.10303865373134613,1.5573725700378418,0.25041091442108154,0.468247652053833,1.504867068811638,0.06852388279588181,0
,,,,,,1756197462.3004563,1.1488943540620218,1.9742458235966478,1.949666940401186,1.4201964139938354,0.11463617533445358,1.6707656383514404,0.0796646997332573,0.5529151558876038,1.424815534381999,0.08054391140218947,0
,,,,,,1756197462.3512115,1.1161173399593591,2.0357694210511204,2.025227230642361,1.3788167238235474,0.09497230499982834,1.2914271354675293,0.32415473461151123,0.39448657631874084,1.3820836793090645,0.06877094981659018,0
,,,,,,1756197462.4020696,1.0793163167753457,2.094816029840299,2.102913241608227,1.4287394285202026,0.13959644734859467,2.115190267562866,0.5378542542457581,0.7313085794448853,1.4355429365646242,0.0973968759815407,0
,,,,,,1756197462.4527025,1.032185728704446,2.1529773008475352,2.2231110370559923,1.642283320426941,0.17979513108730316,2.9975709915161133,0.9349055886268616,1.010069489479065,1.6520958790927474,0.10904448298506995,0
,,,,,,1756197462.5033338,0.9681965679489346,2.2131238305225494,2.380882597029088,1.8639887571334839,0.15803243219852448,3.203554630279541,0.6972811818122864,0.9898270964622498,1.870675903609872,0.08457959441667924,0
,,,,,,1756197462.5540817,0.8930342979596216,2.2677265288065147,2.521472517551309,1.7843470573425293,0.11265792697668076,2.280782461166382,0.04367224499583244,0.7041038870811462,1.7878999495379004,0.06305308667283585,0
,,,,,,1756197462.6046896,0.8171551790620895,2.31021602462634,2.6291045815695773,1.721156358718872,0.11000455915927887,1.8742432594299316,0.45689910650253296,0.48516565561294556,1.7246681461064426,0.06382635663550647,0
,,,,,,1756197462.655868,0.7393439668538894,2.3434637979284516,2.7330379918491863,1.6023310422897339,0.1347075253725052,2.323086977005005,0.04326640069484711,1.0048514604568481,1.6079834845163334,0.0838724973760918,0
,,,,,,1756197462.7062223,0.6647946887841288,2.364155197304888,2.85008865166954,1.4517489671707153,0.15347199141979218,2.3582499027252197,0.031482942402362823,1.1653943061828613,1.4598385923901296,0.10532404607503354,0
,,,,,,1756197462.7569776,0.595226911987414,2.373588792280484,2.9642448004952966,1.3162424564361572,0.1569421887397766,2.1774415969848633,0.029415950179100037,0.9953895807266235,1.3255659375268818,0.11867473209652932,0
,,,,,,1756197462.8081965,0.5293774693931782,2.375766319074558,3.0543803245222234,1.3340888023376465,0.11685765534639359,1.5827442407608032,0.4068637788295746,0.5070481896400452,1.3391970146829602,0.08737061174816994,0
,,,,,,1756197462.8588173,0.46070588392166933,2.3725054261194622,-3.1292172985052895,1.4404182434082031,0.16412252187728882,2.4383676052093506,0.6059862971305847,0.9000909924507141,1.4497382240013315,0.1134516052820207,0
,,,,,,1756197462.8996124,0.4029484909473804,2.3631551849120678,-3.033497887500574,1.442704677581787,0.15715083479881287,2.2860331535339355,0.31103360652923584,0.853129506111145,1.4512384957664028,0.10850015115369958,0
,,,,,,1756197462.9517002,0.3337014637453385,2.3445694931963343,-2.920528900281945,1.437407374382019,0.16010455787181854,2.3533873558044434,0.6169998645782471,0.8299481868743896,1.4462964527990587,0.11092703167895931,0
,,,,,,1756197463.0034196,0.26568113384006736,2.317273408089207,-2.798167722194088,1.4593437910079956,0.167950838804245,2.506249189376831,0.3882872760295868,1.0348957777023315,1.4689764411346553,0.11458244396755726,0
,,,,,,1756197463.0540519,0.19855317077435716,2.27959159531387,-2.6617039459103546,1.6947234869003296,0.18277646601200104,3.077855110168457,0.926337718963623,0.9861623644828796,1.7045512411128767,0.10743505122422939,0
,,,,,,1756197463.1058261,0.12580643348329687,2.2254331021376155,-2.502829802415264,1.9683597087860107,0.15313774347305298,3.325545310974121,0.9514454007148743,0.8885478973388672,1.974307755049391,0.07764327316707641,0
,,,,,,1756197463.1563258,0.05194843341859829,2.1535004165708296,-2.3321683335321035,2.154247283935547,0.09592705965042114,3.4329938888549805,0.7310664057731628,0.9394495487213135,2.156382007232683,0.04449987358044149,0
,,,,,,1756197463.207269,-0.01375467934136858,2.0694202577556102,-2.173437846902602,2.053377866744995,0.0430765226483345,2.6793551445007324,0.2144436538219452,0.9720572233200073,2.0538296546796913,0.020975294319793863,0
,,,,,,1756197463.2579677,-0.06442230341721075,1.9818824781136157,-2.045313900140191,2.007462501525879,0.07218582183122635,2.5368611812591553,0.46655258536338806,0.8078510761260986,2.008759937848719,0.035943253265052856,0
,,,,,,1756197463.308783,-0.10291178054194745,1.887169264528022,-1.9215642105411004,2.1332786083221436,0.07937037199735641,2.421133041381836,0.7671732902526855,0.5351278781890869,2.1347546174387024,0.03718866286902727,0
,,,,,,1756197463.3498762,-0.12653150395397045,1.8045094199878162,-1.8239095744041736,2.133976459503174,0.07340072840452194,2.4482126235961914,0.38209792971611023,0.660378098487854,2.135238440231914,0.03438266706531922,0
,,,,,,1756197463.400548,-0.14442945842039925,1.700303442147154,-1.702416155229398,2.0861387252807617,0.07417111843824387,2.403470516204834,0.42873021960258484,0.13572092354297638,2.087456858458738,0.035539289814502384,0
,,,,,,1756197463.4513392,-0.1536816815686268,1.5955477756087468,-1.6540512900158302,2.0894689559936523,-0.004106664098799229,-0.1117541566491127,0.0006246378761716187,0.0002826667041517794,2.0894729916300006,-0.0019654079086643206,0
,,,,,,1756197463.5020385,-0.1627837650308535,1.4928828525832378,-1.6605222882470416,2.0193512439727783,-0.0061590103432536125,-0.129786416888237,0.0018149064853787422,0.0021188727114349604,2.0193606364250085,-0.0030499851196004084,0
,,,,,,1756197463.5530045,-0.17227160827554078,1.3937590534137954,-1.6669043410790652,1.9499331712722778,-0.006328132934868336,-0.12409872561693192,0.002307307906448841,0.0026402364019304514,1.9499434396141864,-0.0032452962041100643,0
,,,,,,1756197463.6034367,-0.18173492648748354,1.2981793189009203,-1.6649052195360536,1.8677873611450195,0.04409577697515488,1.0550401210784912,0.1941869705915451,0.33294790983200073,1.8683078076163249,0.023604179019818067,0
,,,,,,1756197463.6540194,-0.18557365759976022,1.206506451551019,-1.6100684782959478,1.7936978340148926,0.054020173847675323,0.9450892210006714,0.21422122418880463,0.23616014420986176,1.7945111030395577,0.03010755177229357,0
,,,,,,1756197463.7047107,-0.18343825119743518,1.1190251123157333,-1.5419616244350687,1.6701138019561768,0.10321973264217377,1.8579732179641724,-0.007127264514565468,0.5878111720085144,1.6733004585821512,0.061725499704136454,0
,,,,,,1756197463.755355,-0.17234453155299342,1.0388506410279135,-1.4432966250575143,1.5333881378173828,0.12935315072536469,2.07084321975708,0.15698979794979095,0.7354010343551636,1.5388344351494219,0.08415848247636365,0
,,,,,,1756197463.8063633,-0.15505054984529903,0.9637661725058208,-1.374486174451314,1.585511565208435,0.06036568433046341,0.8616964817047119,0.4661315977573395,0.22411471605300903,1.586660309976394,0.03805493618086487,0
,,,,,,1756197463.8571463,-0.1356755889173392,0.881249133721478,-1.3534545467042252,1.9129583835601807,0.00794734712690115,0.08546256273984909,1.0022261142730713,0.039234984666109085,1.9129748920358405,0.004154455984365617,0
,,,,,,1756197463.9078968,-0.11310170911283303,0.7810968446674901,-1.3494986501337796,2.203010320663452,0.01914345659315586,0.48721083998680115,0.48950234055519104,0.14320586621761322,2.2030934943574274,0.008689462137829384,0
,,,,,,1756197463.958546,-0.08704580182553438,0.6735402391861055,-1.3325273146971464,2.187052011489868,-0.005004995036870241,-0.1369251012802124,0.0,0.0,2.18705773836385,-0.0022884624020918024,0
,,,,,,1756197464.009051,-0.06214782893169253,0.5685208175445304,-1.3397447535467262,2.1160542964935303,-0.006278644315898418,-0.14581479132175446,9.532278005008994e-18,-8.230181569925996e-18,2.1160636113035864,-0.0029671383672676874,0
,,,,,,1756197464.0499632,-0.043384885283231256,0.4868530584679002,-1.3455394409081984,2.0456199645996094,-0.0065765101462602615,-0.14319981634616852,1.9267879934788124e-13,3.404526281117898e-14,2.0456305360583102,-0.0032149116661628367,0
,,,,,,1756197464.1008618,-0.02130296263344417,0.38770058255531636,-1.3526290186526682,1.9896912574768066,-0.0068640392273664474,-0.13965287804603577,1.9267879934788124e-13,3.404526281117898e-14,1.989703097226858,-0.0034497874842796634,0
,,,,,,1756197464.151606,-0.0006756850080766432,0.2917985975184123,-1.359539011973369,1.9203283786773682,-0.007101589348167181,-0.13600420951843262,9.091468200495001e-06,7.813542879375746e-07,1.9203415098687318,-0.0036980951036454787,1
,,,,,,1756197464.2025723,0.01856920685034473,0.19913620756851988,-1.3662651105607653,1.8516004085540771,-0.007294632960110903,-0.13228434324264526,0.008917691186070442,-0.007414797320961952,1.851614777600257,-0.0039396163380616515,1
,,,,,,1756197464.253373,0.03639984875149112,0.10969433365313658,-1.374166538021638,1.7828185558319092,-0.009431129321455956,-0.16364219784736633,0.008917691186070442,-0.007414797320961952,1.782843501045129,-0.005289961402878791,1
,,,,,,1756197464.3041153,0.05276853820388598,0.023461095604313774,-1.3829009748058612,1.71427583694458,-0.011464639566838741,-0.1920716017484665,6.058665530872531e-05,-0.014788907952606678,1.7143141728086013,-0.006687645244785826,1
,,,,,,1756197464.3548682,0.06763658723051427,-0.05956923584803622,-1.3924130338796108,1.6461598873138428,-0.012123867869377136,-0.19521696865558624,0.0031979649793356657,-0.01670636609196663,1.6462045324847208,-0.0073648062748845385,1
,,,,,,1756197464.4056737,0.08108944818054911,-0.13940055995845052,-1.4020447196495711,1.6382827758789062,-0.03367648646235466,-0.7518662810325623,0.7408214807510376,-0.15137800574302673,1.6386288656928831,-0.020553072309731753,0
,,,,,,1756197464.4564989,0.0919133027088905,-0.22522291014713822,-1.4444562433215866,1.8626422882080078,-0.05315154790878296,-0.9376498460769653,0.5027791261672974,-0.37356072664260864,1.8634004885868904,-0.028527822314740905,0
,,,,,,1756197464.5072129,0.09728931908393443,-0.3191772406575126,-1.5235048349832931,1.9122265577316284,-0.09494124352931976,-1.9314993619918823,0.5027791261672974,-0.37356072664260864,1.9145820034192962,-0.049608842487088224,0
,,,,,,1756197464.5578823,0.0949883022150674,-0.4148199423032732,-1.5925709254919564,1.8906234502792358,-0.05044212192296982,-0.9185234308242798,0.24866749346256256,-0.1559331864118576,1.8912962323258231,-0.026673824593254732,0
,,,,,,1756197464.6086462,0.08948546365430021,-0.5079380926243856,-1.6267410035012917,1.820292353630066,-0.029060840606689453,-0.49871477484703064,0.13853506743907928,-0.075018510222435,1.8205243159982378,-0.015963574162641592,0
,,,,,,1756197464.6594396,0.08149094553307182,-0.5970858845814805,-1.665415703608791,1.7478446960449219,-0.06492346525192261,-1.3057513236999512,0.2521730959415436,-0.300171822309494,1.7490500672744285,-0.03712780139744139,0
,,,,,,1756197464.7102299,0.06682548820769665,-0.6823060921799442,-1.739829921732235,1.7200822830200195,-0.09661966562271118,-1.758268117904663,0.4763972759246826,-0.4155403673648834,1.7227937834065943,-0.056112570347089524,0
,,,,,,1756197464.7508876,0.048856977873087716,-0.7498008573803221,-1.817668796041514,1.7910704612731934,-0.06637798994779587,-0.7894195318222046,0.5816174149513245,-0.04251899570226669,1.7923000403935945,-0.03704355956504902,0
,,,,,,1756197464.8014677,0.023312679208264405,-0.8387634623579616,-1.8421761474684513,1.9135946035385132,-0.01576651819050312,-0.20664449036121368,0.3442692458629608,-0.005507382098585367,1.9136595543062436,-0.008239029002057245,0
,,,,,,1756197464.8522232,-0.003381671816027443,-0.9311196541564324,-1.8513261635792029,1.9179127216339111,-0.00821676291525364,-0.14176763594150543,0.00014146709872875363,0.00019487837562337518,1.917930322769313,-0.004284195287643116,0
,,,,,,1756197464.9046001,-0.030165835001414606,-1.0217656028855984,-1.8581237522601137,1.845952033996582,-0.021422097459435463,-0.5049893260002136,0.01558932475745678,-0.0960557758808136,1.846076330511737,-0.011604383796241713,0
,,,,,,1756197464.9553165,-0.05815440209934518,-1.1080165499388106,-1.8860949675073337,1.765196681022644,-0.033082228153944016,-0.575381875038147,0.01558932475745678,-0.0960557758808136,1.7655066571703963,-0.018739189838905667,0
,,,,,,1756197465.0064228,-0.08936725976863324,-1.1879974392284502,-1.9462934021126348,1.6477657556533813,-0.0878378227353096,-1.493741750717163,0.017394965514540672,-0.3371889889240265,1.6501052901578248,-0.053256818968841095,0
,,,,,,1756197465.0573013,-0.12571676684654212,-1.2588731320172823,-2.03655413179347,1.4967643022537231,-0.13620522618293762,-2.2100841999053955,-0.020651979371905327,-0.6961772441864014,1.5029488481450792,-0.09074983483068821,0
,,,,,,1756197465.1088507,-0.1671704814212526,-1.3177956139462832,-2.151887242177268,1.3678597211837769,-0.16949409246444702,-2.448354721069336,0.009397490881383419,-0.9865752458572388,1.3783208857944895,-0.12328348820596995,0
,,,,,,1756197465.1596267,-0.2130790635492869,-1.3655218327509424,-2.2776435636405497,1.3887511491775513,-0.1870952546596527,-2.584782600402832,0.7015126347541809,-0.7247737050056458,1.4012973947945986,-0.13391563883673555,0
,,,,,,1756197465.20014,-0.25787549190414394,-1.4027453398864278,-2.387017079094737,1.5474075078964233,-0.12615162134170532,-1.2345794439315796,0.6714096069335938,0.10319803655147552,1.552541215897781,-0.08134460494495824,0
,,,,,,1756197465.2510424,-0.3195116847195044,-1.4563130612358708,-2.3981460388397275,1.7090340852737427,-0.02849039062857628,-0.8194071650505066,0.4334716200828552,-0.6018469929695129,1.7092715427882217,-0.01666891966215246,0
,,,,,,1756197465.3016982,-0.38614320436358074,-1.509196545753452,-2.4807355052421025,1.659352421760559,-0.12481436878442764,-2.315068483352661,-0.079458087682724,-0.8148768544197083,1.66403998938057,-0.07507734289300706,0
,,,,,,1756197465.352418,-0.45505194850533204,-1.5494435135611593,-2.600599556268066,1.5173907279968262,-0.13694354891777039,-2.038186550140381,0.27766919136047363,-0.48932504653930664,1.523557730117547,-0.09000552956673719,0
,,,,,,1756197465.4031062,-0.523861592093521,-1.5795697614622117,-2.699211497830853,1.4661765098571777,-0.13064299523830414,-1.9210829734802246,0.27766919136047363,-0.48932504653930664,1.4719854449897967,-0.08886984631709609,0
,,,,,,1756197465.4541616,-0.5953226759474034,-1.6026991885528399,-2.799632214083272,1.5837459564208984,-0.13905839622020721,-2.1486384868621826,0.6454771161079407,-0.4807058274745941,1.589839140302843,-0.08757887275476696,0
,,,,,,1756197465.50496,-0.6743487331406124,-1.6200982677168847,-2.9039151358074244,1.6300324201583862,-0.12618236243724823,-2.017120599746704,0.40559184551239014,-0.45377159118652344,1.6349090737278484,-0.07725687897234036,0
,,,,,,1756197465.5568871,-0.7560087391054601,-1.6297474029635277,-3.0108844298086597,1.666664481163025,-0.14173325896263123,-2.428867816925049,0.5081323385238647,-0.5721824169158936,1.672680127659375,-0.08483595387270997,0
,,,,,,1756197465.607497,-0.8402506432722627,-1.6292736171514397,-3.1385409370140787,1.678990364074707,-0.15532194077968597,-2.797644853591919,0.43179625272750854,-0.7561934590339661,1.6861594076312254,-0.0922465827045417,0
,,,,,,1756197465.658159,-0.9211889558412609,-1.617229098214219,3.0054407257232603,1.5509647130966187,-0.16857577860355377,-2.889023542404175,0.42977967858314514,-1.1860992908477783,1.5600991424914863,-0.10826591206062686,0
,,,,,,1756197465.7092361,-0.9946579784511301,-1.5935017244005174,2.853693896947891,1.510840654373169,-0.1868673712015152,-3.026071071624756,0.37071672081947327,-0.9719410538673401,1.5223530790610007,-0.12305939379041834,0
,,,,,,1756197465.760036,-1.0613680245181945,-1.5592901565839121,2.7035084587685487,1.461458683013916,-0.19188694655895233,-2.999250888824463,0.32368314266204834,-1.096325397491455,1.474002063233457,-0.13055145160512185,0
,,,,,,1756197465.8003836,-1.1086318928068863,-1.5255346231480473,2.5815990173258028,1.450170874595642,-0.20649108290672302,-3.1675915718078613,0.4997757077217102,-1.05222487449646,1.4647983249736056,-0.14144007093344926,0
,,,,,,1756197465.8512897,-1.1622028436988856,-1.47492800168609,2.4378567270123765,1.4554071426391602,-0.09126272797584534,-0.7291733026504517,0.025596031919121742,-0.013885438442230225,1.458265694708162,-0.06262398369168415,0
,,,,,,1756197465.9021156,-1.2149979046332318,-1.4265677862323984,2.4221675682828865,1.3979532718658447,-0.0060079642571508884,-0.056938882917165756,0.18416938185691833,0.018604688346385956,1.3979661819782823,-0.004297659577918459,0
,,,,,,1756197465.9535265,-1.266658595267638,-1.3809892275801652,2.4202215540535934,1.347852110862732,-0.0023746038787066936,-0.03175598382949829,0.18416938185691833,0.018604688346385956,1.3478542026126947,-0.0017617670386722148,0
,,,,,,1756197466.003734,-1.3147953017814626,-1.3361934852232789,2.3935468794024883,1.2586482763290405,-0.06935782730579376,-0.9611276388168335,-0.017862362787127495,-0.2580752670764923,1.2605578097471948,-0.05504933595638759,1
,,,,,,1756197466.0543356,-1.3564205116982921,-1.2912095308708706,2.3470979646194077,1.1650447845458984,-0.0955248549580574,-1.5857994556427002,0.2840890884399414,-1.0067123174667358,1.1689543823059805,-0.08180943087713967,0
,,,,,,1756197466.1056132,-1.389315275113727,-1.2446958803863877,2.2449169892052363,1.1479614973068237,-0.19383256137371063,-2.5977275371551514,0.5800396800041199,-0.9788421392440796,1.1642107460196447,-0.16727162209798557,0
,,,,,,1756197466.1562161,-1.4163260942518268,-1.1914706866558207,2.1301395302634947,1.176966667175293,-0.13374413549900055,-1.6195611953735352,0.23911991715431213,-0.5031954646110535,1.1845412738364551,-0.11314923965019417,0
,,,,,,1756197466.2071788,-1.43984888901821,-1.137008849993269,2.037635224469951,1.2476387023925781,-0.16830220818519592,-2.297405958175659,0.6340233087539673,-0.6933996677398682,1.2589392221183073,-0.13408716879746635,0
,,,,,,1756197466.2576644,-1.4585036797488942,-1.07355202936068,1.916929060218691,1.372029185295105,-0.17402738332748413,-2.4032602310180664,0.3421264886856079,-0.6896725296974182,1.38302191430554,-0.1261657018927781,0
,,,,,,1756197466.308402,-1.4706635469289346,-1.0060388741090285,1.8033767717092841,1.3430231809616089,-0.15126268565654755,-2.0700037479400635,0.2956077456474304,-0.5824788808822632,1.3515145817460756,-0.11215585411142515,0
,,,,,,1756197466.359033,-1.4775090822860555,-0.9397985114544709,1.729892361102482,1.3065096139907837,-0.05759912729263306,-0.43139541149139404,0.0874437689781189,-0.03620006516575813,1.3077786628153936,-0.04405773490251747,0
,,,,,,1756197466.4094849,-1.4872753758266812,-0.8771958915899143,1.7401225413377928,1.2268078327178955,0.08612720668315887,1.4162269830703735,0.29801011085510254,0.6971427798271179,1.229827367620766,0.07008932003187363,0
,,,,,,1756197466.4502614,-1.5005173409991006,-0.8303202451013201,1.7947049689722896,1.1954903602600098,0.07562235742807388,1.0052998065948486,0.22513563930988312,0.2948446273803711,1.1978797696002663,0.06317218203065933,0
,,,,,,1756197466.5010512,-1.5179457137926444,-0.7739351752990917,1.838092074447455,1.1521382331848145,0.0645618662238121,0.8159246444702148,0.22513563930988312,0.2948446273803711,1.1539457278990757,0.05597801945391094,0
,,,,,,1756197466.5516388,-1.536788537251274,-0.7179999630307831,1.8683716961095298,1.2784661054611206,0.0022099718917161226,-0.428968608379364,0.7139067053794861,-0.12739813327789307,1.2784680155516945,0.001728610309709876,0
,,,,,,1756197466.602088,-1.553869401323802,-0.652594091802294,1.8269665414034855,1.3961156606674194,-0.09616778790950775,-1.4690673351287842,0.41254886984825134,-0.37634676694869995,1.3994238748114285,-0.06877375828777127,0
,,,,,,1756197466.6529946,-1.5644516487611044,-0.5830778320278133,1.749906793771852,1.3900631666183472,-0.11279545724391937,-1.5960875749588013,0.28476524353027344,-0.40866097807884216,1.3946320024880727,-0.08096672949810078,0
,,,,,,1756197466.7035291,-1.5689537679521304,-0.514191296448084,1.670559712264306,1.399224042892456,-0.11762160062789917,-1.6793501377105713,0.647212564945221,-0.40197405219078064,1.404159094669325,-0.08386485018165528,0
,,,,,,1756197466.7546568,-1.5681875312026463,-0.4415290033523434,1.5931147604293967,1.4672648906707764,-0.09189005196094513,-1.2898138761520386,0.3071208596229553,-0.2928563058376312,1.470139463127397,-0.06254507970436646,0
,,,,,,1756197466.80633,-1.5635364465835364,-0.3683013967301345,1.5311186146330364,1.4805697202682495,-0.07844659686088562,-1.1106573343276978,0.40253591537475586,-0.2373320609331131,1.4826464734164573,-0.052934563767133486,0
,,,,,,1756197466.8572433,-1.5562904735982201,-0.29430144843229394,1.4978815341762577,1.4588489532470703,0.0022588097490370274,0.16124826669692993,0.13449732959270477,0.08220043778419495,1.4588507019608121,0.001548349429136958,0
,,,,,,1756197466.9077182,-1.552128158342539,-0.22293502582066832,1.514785144725308,1.3699584007263184,0.06476335972547531,1.141579508781433,0.16044245660305023,0.4320279657840729,1.3714883566707896,0.04723879155988601,0
,,,,,,1756197466.9588165,-1.5536766855240096,-0.15632100453304354,1.5699660706891223,1.2759243249893188,0.07754247635602951,1.0355722904205322,-0.061450641602277756,0.3436010777950287,1.2782784198831154,0.06069891452002933,0
,,,,,,1756197467.0010722,-1.5574857217704998,-0.10628611722324412,1.610841144085526,1.2305545806884766,0.07120118290185928,0.848673939704895,0.26117488741874695,0.29615235328674316,1.232612747175696,0.05779661062496882,0
,,,,,,1756197467.0519145,-1.5644000135232636,-0.04552956507133646,1.654480892499641,1.2070730924606323,0.06666554510593414,0.8663570284843445,0.26117488741874695,0.29615235328674316,1.2089126293685353,0.05517303555593413,0
,,,,,,1756197467.1025367,-1.5745926610961565,0.01542213437323608,1.7071857773107937,1.3044664859771729,0.0904172956943512,1.219852328300476,0.5257900357246399,0.38220179080963135,1.3075963063569405,0.06920293699911595,0
,,,,,,1756197467.1531603,-1.587534217261521,0.08589547794174149,1.7213020056130222,1.6804267168045044,-0.03664582222700119,-0.7147973775863647,1.0680420398712158,-0.12502017617225647,1.680826245284461,-0.021803994403397156,0
,,,,,,1756197467.204047,-1.5975276597676642,0.17699424906305494,1.6777128334011797,1.9935725927352905,-0.06378985196352005,-1.3134111166000366,0.7295882701873779,-0.22174738347530365,1.9945928977409995,-0.03198684362393168,0
,,,,,,1756197467.2546751,-1.6025156175512985,0.2801571423544214,1.6088006844546563,2.1445627212524414,-0.07262198626995087,-1.7329314947128296,0.5378886461257935,-0.35210829973220825,2.145791979264409,-0.033850372161910544,0
,,,,,,1756197467.3052866,-1.5988683314653402,0.38837920030730766,1.5126528130629986,2.1734206676483154,-0.02448090724647045,-0.7961456179618835,0.0,0.0,2.1735585369114077,-0.011263292178937413,0
,,,,,,1756197467.3566194,-1.591176290726401,0.49537021213714433,1.497252958458023,2.1029043197631836,-0.006098145619034767,-0.14416548609733582,1.646681018554623e-16,-1.6642172475407472e-16,2.1029131616542442,-0.0028998601925099895,0
,,,,,,1756197467.407219,-1.5829401496039786,0.5987792735740698,1.4900825528580512,2.032573699951172,-0.006677744910120964,-0.14176970720291138,4.762420502402165e-08,5.5133138054941355e-09,2.0325846693336738,-0.003285352400634204,0
,,,,,,1756197467.4584534,-1.5742402707694205,0.6986328463832386,1.4830633470494974,1.9628347158432007,-0.0069602858275175095,-0.1389726847410202,1.2987794839602884e-08,7.784259348220246e-10,1.9628470565222496,-0.0035460227994697805,0
,,,,,,1756197467.5088947,-1.565148051923228,0.7949619364029207,1.4762238874071187,1.8937135934829712,-0.0071814656257629395,-0.13457994163036346,2.653217645587347e-09,7.37516758775314e-09,1.8937272104478833,-0.00379224779531002,0
,,,,,,1756197467.5596344,-1.555703017216959,0.8882805397983288,1.4699988976608787,1.873278260231018,-0.006275615189224482,-0.10981468111276627,0.3178563117980957,0.005456700921058655,1.8732887720797755,-0.0033500584753398755,0
,,,,,,1756197467.6004305,-1.5477842929280976,0.9629311892304389,1.465628234784087,1.882427453994751,-0.006018996704369783,-0.10927168279886246,0.3178563117980957,0.005456700921058655,1.882437076737092,-0.003197454531069893,0
,,,,,,1756197467.6512663,-1.5374115153855181,1.0565461450292364,1.4606253642227278,1.8620904684066772,-0.003674048464745283,-0.05829999968409538,-0.013673686422407627,0.015688743442296982,1.8620940929939929,-0.0019730747562271673,1
,,,,,,1756197467.7021284,-1.5270543973316166,1.147717979576877,1.4578263636713473,1.7948967218399048,-0.003126756753772497,-0.05397501587867737,0.036726899445056915,0.21334172785282135,1.7948994452836164,-0.0017420242361897741,1
,,,,,,1756197467.7531173,-1.5191438636344823,1.2352600127424258,1.4861955984387294,1.7048344612121582,0.04617028310894966,0.7953972816467285,0.036726899445056915,0.21334172785282135,1.7054595378310535,0.02707535629737284,1
,,,,,,1756197467.8042047,-1.5154828426484481,1.3188039866320245,1.5200713997668265,1.6257576942443848,0.03277847543358803,0.49087050557136536,0.0414719432592392,0.14052248001098633,1.6260880999646266,0.02015923719434778,1
,,,,,,1756197467.8549693,-1.5139110460401795,1.3985871904380918,1.5474282650653521,1.5522114038467407,0.04994713142514229,0.8241649866104126,0.19894693791866302,0.24046579003334045,1.553014796506933,0.03216694783884511,0
,,,,,,1756197467.9059775,-1.5160855959226318,1.4748847214606666,1.5890222568323749,1.4866846799850464,0.05643093213438988,0.8255724310874939,0.19894693791866302,0.24046579003334045,1.487755284918792,0.03793935246532434,0
,,,,,,1756197467.958693,-1.5225307344803471,1.5497634267948799,1.6457863659986203,1.5599215030670166,0.09233197569847107,1.4216158390045166,0.5333333611488342,0.3844888508319855,1.5626516852668233,0.059121163525073156,1
,,,,,,1756197468.009569,-1.5355453204639238,1.6289666772871207,1.7188759863731236,1.64308500289917,0.0948830172419548,1.4974188804626465,0.35786983370780945,0.4769076704978943,1.6458223214287446,0.05768280932776484,1
,,,,,,1756197468.0502627,-1.550992262963259,1.692902211961197,1.787480414740112,1.6391243934631348,0.1071937158703804,1.7363457679748535,0.35786983370780945,0.4769076704978943,1.6426257242500462,0.06530394722905435,1
,,,,,,1756197468.1020155,-1.576477375403873,1.7712936042805778,1.8702814717641223,1.6740589141845703,0.09620774537324905,1.5331482887268066,0.4539497196674347,0.3917369246482849,1.676821152786017,0.057406604116953044,1
,,,,,,1756197468.1526415,-1.608469001174976,1.8499606380763312,1.9474601584472275,1.6878501176834106,0.10472916066646576,1.8643354177474976,0.05114969611167908,0.7146151065826416,1.6910961583711925,0.061969403967674475,0
,,,,,,1756197468.203358,-1.6466979480082107,1.9222202698933983,2.04805805863906,1.555480718612671,0.13376379013061523,2.2130088806152344,0.24221257865428925,0.920605480670929,1.561221642665095,0.08578409800784638,0
,,,,,,1756197468.2540774,-1.6906442535980626,1.984322332786504,2.161995679384364,1.4825108051300049,0.15715336799621582,2.4401471614837646,0.45811495184898376,0.9925351142883301,1.4908170472595788,0.10561046759386876,0
,,,,,,1756197468.3049538,-1.7418568621073303,2.0393033221181818,2.2878121020624453,1.554497480392456,0.16460539400577545,2.4991438388824463,0.7757402062416077,0.758721649646759,1.56318820117166,0.10549665183424482,0
,,,,,,1756197468.3555999,-1.8047372189685627,2.0926009482639576,2.4175657327081512,1.7116708755493164,0.1264805942773819,1.9515403509140015,0.1817149519920349,0.4780421555042267,1.7163375329265869,0.07375900640960831,0
,,,,,,1756197468.4073043,-1.8729295557791295,2.141286136693023,2.506864257861614,1.6009454727172852,0.11652633547782898,1.9789663553237915,0.1656883805990219,0.8618200421333313,1.6051806108578135,0.07265782100267351,0
,,,,,,1756197468.4586334,-1.9404280912373997,2.1790725396023527,2.612768386156179,1.4588319063186646,0.14222095906734467,2.1699366569519043,0.1656883805990219,0.8618200421333313,1.4657480452285736,0.09718250872883075,0
,,,,,,1756197468.5000298,-1.9930812238101931,2.201395663701469,2.6934656386338345,1.363830327987671,0.1358412802219391,1.9063549041748047,0.3191719651222229,0.9467681050300598,1.3705787160726282,0.09927534127932668,0
,,,,,,1756197468.551879,-2.057787697543114,2.2211496567297666,2.800320255238236,1.322627067565918,0.1599550098180771,2.2217142581939697,0.3191719651222229,0.9467681050300598,1.3322642249283436,0.1203528650083442,0
,,,,,,1756197468.6025321,-2.1256160871660943,2.2341617834662877,2.901984855924172,1.495200514793396,0.13857842981815338,2.005148410797119,0.7124637961387634,0.5783064961433411,1.5016086576233172,0.0924181509639768,0
,,,,,,1756197468.6531305,-2.20342901276158,2.2446569830812915,2.9769648102308173,1.6571478843688965,0.07542656362056732,1.1298329830169678,0.574912965297699,0.2781117558479309,1.6588635498942996,0.045484499000309875,0
,,,,,,1756197468.7038918,-2.287510682707276,2.250436628433311,3.0713743012638473,1.7268812656402588,0.1300542652606964,2.329723834991455,0.5485460758209229,0.6657728552818298,1.7317716412771638,0.07516974024228318,0
,,,,,,1756197468.7544966,-2.372935700718904,2.246730844959753,-3.107765681972105,1.6742596626281738,0.11626691371202469,1.9574244022369385,0.6947781443595886,0.2422526478767395,1.6782918140561627,0.06933246888853417,0
,,,,,,1756197468.8050945,-2.460270400948424,2.237102810740465,-3.044911629460814,1.834541916847229,0.08729847520589828,1.7239165306091309,0.5671234726905823,0.6658498644828796,1.8366178340751187,0.047550110551152484,0
,,,,,,1756197468.85643,-2.5505800982432287,2.2196701687916174,-2.944573889050969,1.7876778841018677,0.09983735531568527,1.8864645957946777,0.13997915387153625,0.5159759521484375,1.7904635474712578,0.05578955487351058,0
,,,,,,1756197468.906955,-2.633420944572574,2.1942042564889364,-2.843092325930667,1.6563125848770142,0.12818799912929535,2.288508176803589,0.30319008231163025,0.8621091842651367,1.6612656446043625,0.07723963297707125,0
,,,,,,1756197468.9574347,-2.7080512597570956,2.1601058378603675,-2.724245883532732,1.6643362045288086,0.1492765098810196,2.550539493560791,0.6315515637397766,0.7885397672653198,1.6710171986271172,0.0894519652479499,0
,,,,,,1756197469.0081801,-2.777284229261385,2.117926809527807,-2.613532837666825,1.5507466793060303,0.108121857047081,1.456621527671814,0.011859340593218803,0.4054461717605591,1.5545113699648483,0.06960979917519937,0
,,,,,,1756197469.0590036,-2.8386503525978917,2.0737550361772503,-2.5388701143179206,1.4833403825759888,0.13007423281669617,2.146561622619629,0.6211560964584351,0.8225454688072205,1.4890325707060719,0.08746634291608794,0
,,,,,,1756197469.1095996,-2.895211143120378,2.0215692464926462,-2.419931254413364,1.5977774858474731,0.16499875485897064,2.7273476123809814,0.5697101354598999,1.183785319328308,1.606274410985272,0.10290290962356713,0
,,,,,,1756197469.1502268,-2.9373359499376517,1.9718811470831463,-2.3062957933666306,1.6419177055358887,0.16261230409145355,2.73691987991333,0.38362619280815125,0.9254964590072632,1.6499504577999209,0.09871612200714387,0
,,,,,,1756197469.200981,-2.9827433806607906,1.9034947520472476,-2.17425931768176,1.6243360042572021,0.1540195643901825,2.5783426761627197,0.38362619280815125,0.9254964590072632,1.6316217334116372,0.09453736786540619,0
,,,,,,1756197469.2516265,-3.01833787913941,1.831352419414862,-2.0490088427475763,1.5347208976745605,0.14691583812236786,2.321267604827881,0.17818625271320343,0.44151708483695984,1.5417368443577544,0.09543723407050397,0
,,,,,,1756197469.3023832,-3.0451457920024105,1.7609680806026178,-1.9652014024050795,1.447062611579895,0.10102162510156631,1.4469406604766846,0.9688044190406799,0.7233583927154541,1.4505845616752535,0.06969842766806345,0
,,,,,,1756197469.353066,-3.066041676134492,1.6847923565064098,-1.8536304970505357,1.7408467531204224,0.10429593175649643,1.3699970245361328,0.6084975004196167,0.21992114186286926,1.7439681932967908,0.059839509347859386,0
,,,,,,1756197469.4035985,-3.0855803634668715,1.5966781023298693,-1.8003114560410802,1.8923152685165405,0.056115586310625076,0.9779022932052612,0.6165265440940857,0.7219421863555908,1.8931471243640343,0.029645771406385718,0
,,,,,,1756197469.4543033,-3.099993232384094,1.5017053398876192,-1.704052941525281,1.9659483432769775,0.11461271345615387,2.6032254695892334,0.6165265440940857,0.7219421863555908,1.9692864094689921,0.0582330307399153,0
,,,,,,1756197469.505396,-3.1021586286312606,1.403220031663991,-1.5671442065006262,1.9450485706329346,0.049145858734846115,1.2032380104064941,-2.2351857777852535e-14,0.0,1.9456693597710808,0.025261787679226183,0
,,,,,,1756197469.556125,-3.1001994256945506,1.30735673779632,-1.5561233407433843,1.8761862516403198,-0.005546678323298693,-0.12610964477062225,3.628130684774078e-09,8.848717314435817e-10,1.8761944506059536,-0.002956349434451623,0
,,,,,,1756197469.6080186,-3.09940752576598,1.2149197619676202,-1.5625716217934287,1.807862401008606,-0.007313302252441645,-0.12950152158737183,3.628130684774078e-09,8.848717314435817e-10,1.8078771931108695,-0.004045253862517364,0
,,,,,,1756197469.6585596,-3.0991364489521,1.1258670989348123,-1.56724738459926,1.7408721446990967,-0.005593042820692062,-0.09596055001020432,0.0037441947497427464,0.006244210992008448,1.7408811292897706,-0.003212771020608413,0
,,,,,,1756197469.709107,-3.0990070563002172,1.039799358417009,-1.5647502121298313,1.7463213205337524,0.03669406473636627,0.8043431639671326,0.5476188063621521,0.2196357250213623,1.7467067896294515,0.021009115238369434,0
,,,,,,1756197469.759757,-3.094813428432703,0.9504537979929092,-1.5262678402230574,1.819084644317627,0.02448032796382904,0.33096885681152344,0.31066715717315674,0.08935441821813583,1.8192493588426528,0.013456685685496045,0
,,,,,,1756197469.80047,-3.090388358444695,0.877752247229842,-1.5136649353269018,1.816767930984497,0.02921833097934723,0.6052892804145813,0.2730041742324829,0.16937656700611115,1.81700286899028,0.016081202099747584,0
,,,,,,1756197469.851405,-3.082382415902879,0.787760106938135,-1.4815221826498377,1.7920721769332886,0.03767665848135948,0.6579475998878479,0.2730041742324829,0.16937656700611115,1.7924681916097525,0.02102097742680271,0
,,,,,,1756197469.9019,-3.0727837044736366,0.6996750837428628,-1.4701289207768058,1.7331396341323853,-0.004471719730645418,-0.11278833448886871,3.573379945009947e-05,-4.329658167989692e-06,1.7331454029243731,-0.0025801209087794315,0
,,,,,,1756197469.952603,-3.0647208165441624,0.6147403765800198,-1.4760678815307395,1.666260004043579,-0.007488972507417202,-0.12122990190982819,0.6217384338378906,0.3076306879520416,1.6662768334777163,-0.004494449883708613,0
,,,,,,1756197470.0033786,-3.05372611382389,0.5292995214080428,-1.4342937992953833,1.8066565990447998,0.03401092439889908,0.3111613988876343,0.5269497036933899,0.04152172431349754,1.8069767042910627,0.018823116424959055,0
,,,,,,1756197470.054282,-3.039925173516235,0.4375293999562007,-1.4268536501630902,1.8908097743988037,-9.970208338927478e-05,-0.06674894690513611,0.031690798699855804,0.007397184148430824,1.8908097770274406,-5.272983281915321e-05,0
,,,,,,1756197470.1049373,-3.0268591005129104,0.34527120304189374,-1.4311139943880997,1.8228777647018433,-0.00509042339399457,-0.09362313151359558,0.031690798699855804,0.007397184148430824,1.822884872243642,-0.002792513168261094,0
,,,,,,1756197470.155767,-3.0170262290145433,0.2551588598335771,-1.4690094836015295,1.8005597591400146,-0.056437455117702484,-1.0307319164276123,0.3057957887649536,-0.1913897544145584,1.8014440409223125,-0.031334135396985624,0
,,,,,,1756197470.207687,-3.0125698615137595,0.16567761352879629,-1.5181783664718627,1.7575966119766235,-0.04652116820216179,-0.7510479688644409,0.13240791857242584,-0.13074252009391785,1.758212179892575,-0.026462447861693397,1
,,,,,,1756197470.2583945,-3.010567787173819,0.0781107479028228,-1.540528305871445,1.7522131204605103,0.0032717876601964235,0.25843384861946106,0.24617323279380798,0.106283999979496,1.7522161750504566,0.0018672294023933153,0
,,,,,,1756197470.3091474,-3.006490506410331,-0.009605226697367651,-1.5196310215401756,1.8803646564483643,0.0460105761885643,0.9191602468490601,1.0195063352584839,0.21020278334617615,1.8809274877946194,0.0244640829039371,0
,,,,,,1756197470.3600507,-2.9968586483288404,-0.11005185664025,-1.4696536480503157,2.180152177810669,0.04993024095892906,1.0647763013839722,0.640742838382721,-0.060859315097332,2.1807238585788022,0.022898178658220577,0
,,,,,,1756197470.4006436,-2.9884248578136434,-0.19855262541395013,-1.482236377095714,2.292280673980713,-0.019091617316007614,-0.5261875987052917,1.082394828699762e-05,2.349145461266744e-06,2.2923601763591193,-0.008328463486800792,0
,,,,,,1756197470.4515312,-2.979611999316789,-0.31139543718458224,-1.4948091029795247,2.2207553386688232,-0.005691365338861942,-0.15091706812381744,1.366843207506463e-06,-1.049182060341991e-06,2.220762631589765,-0.0025628004938508526,0
,,,,,,1756197470.5025065,-2.9719109441149465,-0.4207356003384047,-1.502287829533885,2.1495168209075928,-0.006147726904600859,-0.14761386811733246,-2.2235313679175306e-07,1.584809155019684e-07,2.1495256122946707,-0.0028600428162789404,0
,,,,,,1756197470.5533555,-2.9652734704367774,-0.5265875658317151,-1.5096003327070493,2.07881760597229,-0.006495646201074123,-0.14417630434036255,-2.2235313679175306e-07,1.584809155019684e-07,2.07882775436541,-0.0031246729112469483,0
,,,,,,1756197470.604013,-2.9596246319570207,-0.6289681042899702,-1.5167386402993452,2.008687734603882,-0.006791776046156883,-0.14063379168510437,2.795641478314792e-07,3.041081342303187e-08,2.0086992167494704,-0.0033811876515035225,0
,,,,,,1756197470.6546147,-2.9548924374794217,-0.7278966965671086,-1.5236981280328559,1.9391567707061768,-0.007041580509394407,-0.1370088756084442,2.8787906103389105e-07,-6.56168026580417e-08,1.9391695555653916,-0.00363124305668321,0
,,,,,,1756197470.7053697,-2.9510069474692417,-0.8233953610464181,-1.5304748592982742,1.8796629905700684,-0.018067171797156334,-0.4196326434612274,0.27656206488609314,-0.06838936358690262,1.879749818676826,-0.009611624805010351,0
,,,,,,1756197470.756066,-2.949209425152712,-0.9169770986161168,-1.5533884103814168,1.8605281114578247,-0.025915946811437607,-0.47461381554603577,0.27656206488609314,-0.06838936358690262,1.8607085988472116,-0.013928448980518149,0
,,,,,,1756197470.8065667,-2.949054674265935,-1.0100546755973836,-1.565537660439003,1.8695918321609497,-0.004783925134688616,-0.06579089909791946,0.324045330286026,0.015240051783621311,1.8695979527220903,-0.0025588016654374698,0
,,,,,,1756197470.8571494,-2.9493322416154975,-1.102773452856056,-1.575839751448961,1.8116997480392456,0.007811931427568197,0.3444334864616394,0.010155532509088516,0.14501185715198517,1.8117165902309595,0.004311908207406519,0
,,,,,,1756197470.9077666,-2.9479903263355,-1.1917567016890607,-1.5536267231284286,1.7343974113464355,0.022925294935703278,0.37068280577659607,0.10590606182813644,0.10829168558120728,1.734548918201244,0.013217247550773472,0
,,,,,,1756197470.9586303,-2.944787477873239,-1.2769627475423666,-1.5354832630466868,1.6615689992904663,0.022151969373226166,0.3537173569202423,0.10590606182813644,0.10829168558120728,1.6617166573005862,0.013331168963783209,0
,,,,,,1756197471.0095398,-2.939452537046159,-1.3595401903587312,-1.5067258146750764,1.6651710271835327,0.0443754568696022,-0.030538085848093033,0.3387979567050934,-0.01019120030105114,1.6657622072024107,0.026642882788786286,0
,,,,,,1756197471.050135,-2.935151858035835,-1.4263440368591926,-1.5111221185680863,1.687556266784668,-0.008904868736863136,-0.16546472907066345,0.21532128751277924,0.16380909085273743,1.6875797611524694,-0.0052767343306680805,0
,,,,,,1756197471.1007125,-2.9288668856196614,-1.5093866012361536,-1.491548506119725,1.6160452365875244,0.05853938311338425,1.1891899108886719,-0.12805509567260742,0.5370466113090515,1.6171051499740279,0.03620802031861366,0
,,,,,,1756197471.1518133,-2.9162436589058918,-1.5866740367468262,-1.4158208472076919,1.4845362901687622,0.11828616261482239,1.9246317148208618,0.06253573298454285,0.8633658289909363,1.489241287734856,0.07951088206889878,0
,,,,,,1756197471.2021835,-2.895946429497754,-1.6554048246548785,-1.313805286536103,1.3472975492477417,0.14585764706134796,2.0735275745391846,0.28618916869163513,1.045408010482788,1.3551697825052194,0.10783942922574546,0
,,,,,,1756197471.2527158,-2.8689741439306773,-1.7161766916123329,-1.2035031532178282,1.3249545097351074,0.14602844417095184,1.7647552490234375,0.5279093384742737,0.6020082831382751,1.332977403924908,0.10977089468418756,0
,,,,,,1756197471.3034894,-2.8356330962516205,-1.7763705444029567,-1.1101885471391963,1.4653136730194092,0.1516932100057602,2.3564908504486084,0.8532030582427979,0.8035445213317871,1.4731445924618138,0.10315523207934867,0
,,,,,,1756197471.3542771,-2.7901361395475375,-1.8408575539240475,-0.981682456316297,1.7239978313446045,0.16495724022388458,2.8073904514312744,0.8532030582427979,0.8035445213317871,1.731871650435788,0.09539256797161708,0
,,,,,,1756197471.4050448,-2.7303615426191334,-1.9076180184992277,-0.8459675482874661,1.8209524154663086,0.08122988045215607,1.1794109344482422,0.11858811974525452,0.12181907147169113,1.8227632849250766,0.04457890487806946,0
,,,,,,1756197471.4556656,-2.6681578339360805,-1.972187270020895,-0.8141459442181802,1.7473279237747192,0.030542312189936638,0.5172445774078369,0.06640895456075668,0.1417142152786255,1.7475948346332393,0.017477659348045706,0
,,,,,,1756197471.5065286,-2.607510040720235,-2.0329207979991226,-0.788693894163239,1.6701351404190063,0.03090617246925831,0.49787136912345886,0.06640895456075668,0.1417142152786255,1.6704210782791007,0.018503080731194922,0
,,,,,,1756197471.5572004,-2.5475619946173187,-2.0883476110285115,-0.7463483760277373,1.5969054698944092,0.08554444462060928,1.5226505994796753,0.4307262897491455,0.48076701164245605,1.5991950887193633,0.05351773163441542,0
,,,,,,1756197471.6079772,-2.483598582136474,-2.1370251153969737,-0.6598744869205514,1.5809431076049805,0.12867657840251923,2.1850664615631104,0.278358519077301,0.8646937012672424,1.5861711040468087,0.08121326681157907,0
,,,,,,1756197471.6585147,-2.4163684738066786,-2.1760704916300777,-0.5464472196828335,1.5057178735733032,0.14822566509246826,2.3040502071380615,0.278358519077301,0.8646937012672424,1.5129960880948157,0.09812570082660117,0
,,,,,,1756197471.7090955,-2.3459667494857515,-2.2094920487028205,-0.4717701270579236,1.6067780256271362,0.07061037421226501,0.9148224592208862,0.4262525737285614,0.23642687499523163,1.6083287750284871,0.04391706361404051,0
,,,,,,1756197471.7598174,-2.271255012188929,-2.2423545900808954,-0.4256614987997952,1.6667847633361816,0.05920229107141495,0.9244250059127808,0.4262525737285614,0.23642687499523163,1.6678358308172168,0.035503932407233756,0
,,,,,,1756197471.800347,-2.2093836338686867,-2.265027930147195,-0.3600524261728291,1.596185326576233,0.1239946261048317,2.162055730819702,0.16174548864364624,0.8394913673400879,1.6009941486714288,0.07752615519499548,0
,,,,,,1756197471.8511941,-2.13423626959525,-2.2827321495020603,-0.25141886014422804,1.4813649654388428,0.1244463101029396,1.6879006624221802,0.29845160245895386,0.5035673975944519,1.4865830097669825,0.0838110755075647,0
,,,,,,1756197471.9017417,-2.061200564546997,-2.2928581128753063,-0.1677206831957153,1.453232765197754,0.1138136088848114,1.6442776918411255,0.29845160245895386,0.5035673975944519,1.4576827526631764,0.07815799859510421,0
,,,,,,1756197471.952489,-1.987119217470035,-2.2961532073735196,-0.06903929320778089,1.5556294918060303,0.10091335326433182,1.0453283786773682,0.5401753783226013,0.19136519730091095,1.5588991694922862,0.06477902310372616,0
,,,,,,1756197472.0041845,-1.9065329678798522,-2.296841052158523,-0.027391481715107618,1.687923550605774,0.0492820180952549,0.7600927948951721,0.37233856320381165,0.7896497249603271,1.6886428367174462,0.029188538585988893,0
,,,,,,1756197472.0548024,-1.8231462053325396,-2.29240242626577,0.056131550782622684,1.6597697734832764,0.08378978073596954,1.0916895866394043,0.34395551681518555,0.23633690178394318,1.6618833979327514,0.05043995318426484,0
,,,,,,1756197472.1054432,-1.7403516437152353,-2.282675905307938,0.10459426444273748,1.7478609085083008,0.04867535084486008,0.6681132912635803,0.996782124042511,0.15707895159721375,1.748538545549206,0.02784133063784759,0
,,,,,,1756197472.15615,-1.6467266652245127,-2.26930162256624,0.13988416496736888,2.0164430141448975,0.014225956052541733,0.11397315561771393,0.03644926846027374,0.01027297880500555,2.0164931954061656,0.007054858450491213,0
,,,,,,1756197472.2068462,-1.5482839074726191,-2.255250510445326,0.13858681295233213,1.9473322629928589,-0.005186598282307386,-0.12662595510482788,0.010925224982202053,-0.0002876757935155183,1.9473391700714673,-0.002663431462889598,0
,,,,,,1756197472.2574122,-1.4531436046209658,-2.242554688048493,0.13193525515053295,1.878310203552246,-0.0071868132799863815,-0.13426874577999115,0.008200276643037796,-0.00017780323105398566,1.87832395263799,-0.0038261934558495325,0
,,,,,,1756197472.3081567,-1.3613230263795406,-2.2309857614389497,0.12528701021524827,1.8099738359451294,-0.00737893907353282,-0.12931254506111145,0.0024780926760286093,0.0001703933230601251,1.809988877188967,-0.004076798264662866,0
,,,,,,1756197472.3497825,-1.2902455968122382,-2.2224706943348647,0.12016307987944587,1.7558106184005737,-0.007449628785252571,-0.12613332271575928,0.0024780926760286093,0.0001703933230601251,1.7558264221321092,-0.0042428175371702955,0
,,,,,,1756197472.4025517,-1.2043534378373062,-2.2126933858885147,0.11393358492079289,1.6887297630310059,-0.007588879205286503,-0.12361300736665726,-0.00011391036241548136,-0.0001385983923682943,1.6887468145445454,-0.004493808475031296,1
,,,,,,1756197472.4535189,-1.1217211466259618,-2.2038259201255714,0.10783059758443415,1.6223514080047607,-0.0076767317950725555,-0.11972556263208389,-0.00011391036241548136,-0.0001385983923682943,1.622369570494369,-0.004731819791198335,1
,,,,,,1756197472.5042803,-1.042322357150844,-2.1958027793432047,0.10203223856269163,1.5568008422851562,-0.0071415286511182785,-0.10598479956388474,-6.115920405136421e-05,0.0023478809744119644,1.5568172224032104,-0.004587278194951565,1
,,,,,,1756197472.5562534,-0.9661259859960628,-2.1885149259569667,0.09683739292939365,1.4921211004257202,-0.006969407666474581,-0.10141783207654953,-6.115920405136421e-05,0.0023478809744119644,1.492137376711301,-0.004670771683765275,1
,,,,,,1756197472.6068609,-0.8898601072338804,-2.181504901800023,0.09334218253951833,1.643255352973938,-0.003469404298812151,-0.051061470061540604,0.6377293467521667,0.01640232279896736,1.6432590154457363,-0.0021112964199333185,1
,,,,,,1756197472.658824,-0.8048824706654684,-2.175043629337799,0.06547792758687523,1.7560971975326538,-0.09330965578556061,-1.9356482028961182,0.5740768909454346,-0.535219669342041,1.7585744394380527,-0.05308475569968387,0
,,,,,,1756197472.7094376,-0.7159894158597196,-2.178618665449168,-0.045679747389386724,1.7629461288452148,-0.06684273481369019,-2.2986018657684326,3.191827033788286e-07,-5.58567762709572e-07,1.7642128568876554,-0.03789720562145488,0
,,,,,,1756197472.7600946,-0.6293607913762214,-2.1849666376569834,-0.06222272545046179,1.7103347778320312,-0.011833875440061092,-0.14282526075839996,3.191827033788286e-07,-5.58567762709572e-07,1.7103757168732474,-0.006918929999757998,0
,,,,,,1756197472.8008347,-0.5624413162369615,-2.189614193208276,-0.0673083634944308,1.6437746286392212,-0.00779572082683444,-0.1212393119931221,0.00014841262600384653,-3.4692016924964264e-05,1.6437931144220126,-0.004742537233931984,0
,,,,,,1756197472.854046,-0.4817958519037006,-2.1956284420642516,-0.07322225495264788,1.577945351600647,-0.007423894014209509,-0.11221270263195038,0.0030200930777937174,0.001067573088221252,1.5779628154175316,-0.004704750536152073,1
,,,,,,1756197472.8954194,-0.4196576133225463,-2.20058647940959,-0.0776548988168183,1.5258647203445435,-0.007348228245973587,-0.10874196887016296,-0.063306525349617,0.22947187721729279,1.5258824139659277,-0.00481574240674129,0
,,,,,,1756197472.9505835,-0.34528013972273686,-2.2044621977082217,-0.05110676490386821,1.437843918800354,0.05113385245203972,0.7510309219360352,-0.063306525349617,0.22947187721729279,1.4387528647053134,0.035547886318036,0
,,,,,,1756197473.0061352,-0.2720176876729762,-2.2069900756773904,-0.052057408297046505,1.559578537940979,-0.044637229293584824,-0.7569534182548523,0.6163113713264465,-0.1497947722673416,1.5602171958561184,-0.02861352957617085,0
,,,,,,1756197473.0601072,-0.19091214688190503,-2.2149492259365364,-0.0901149188721365,1.7036741971969604,-0.04400596767663956,-0.6093001961708069,0.6848987340927124,-0.09501947462558746,1.7042424403194123,-0.025824294851956482,0
,,,,,,1756197473.10223,-0.1192540611142342,-2.2236960688706824,-0.11555950130589662,1.901177167892456,-0.037073906511068344,-0.6561264991760254,0.3835611045360565,0.24926631152629852,1.9015386134022028,-0.019498029352603155,0
,,,,,,1756197473.1532342,-0.024537364481956744,-2.2337562675859277,-0.09141587121068281,1.9138131141662598,0.050664935261011124,1.0439034700393677,0.3835611045360565,0.24926631152629852,1.9144836305436932,0.026467111096986542,0
,,,,,,1756197473.2038584,0.07171132360130722,-2.237961014541311,-0.04154572870492955,1.9830883741378784,0.039360806345939636,0.7097442746162415,0.608044445514679,0.15834642946720123,1.9834789569635007,0.01984563034012736,1
,,,,,,1756197473.2553563,0.1736273681717398,-2.2388957362644217,-0.005890054553174465,2.072676658630371,0.04187232628464699,0.936758816242218,-0.006522065028548241,0.2338676154613495,2.0730995689883414,0.02019930660757997,0
