mppi_config,mppi_model,sim_model,track_choice,dt,V_target,t,x,y,yaw,vx,vy,omega,throttle,steering,speed,beta,comp_sat
"{'device': 'cpu', 'mppi_mode': 'simple', 'sampling_method': 'random', 'num_samples': 30, 'horizon': 12, 'lambda_': 0.1, 'u_min': [0.0, -1.0], 'u_max': [1.0, 1.0], 'noise_sigma': [[0.5, 0.0], [0.0, 0.5]], 'update_cov': False, 'rollout_var_discount': 0.95, 'sample_null_action': True, 'noise_abs_cost': False, 'filter_u': True, 'use_priors': True, 'u_per_command': 12}",Dynamic_Bicycle,dynamic,racetrack_vicon_2,0.05,2.5,1756197490.7278223,-1.4888422073715313,-2.199350355985512,0.007805854505778308,0.2149658352136612,0.0167053434997797,0.16362139582633972,0.7527211904525757,0.30784305930137634,0.21561395782869108,0.07755574935850545,1
,,,,,,1756197490.7797165,-1.4702598981291752,-2.197723831030741,0.02442160922723941,0.5945143103599548,0.041312504559755325,0.5382850766181946,0.7527211904525757,0.30784305930137634,0.5959479744539556,0.0693779768658887,1
,,,,,,1756197490.8308094,-1.4338321557497424,-2.1938963227411965,0.055119063996175124,0.8960078954696655,0.05649938806891441,0.5933187007904053,0.509791910648346,0.2905046045780182,0.8977874634879577,0.06297342129289991,1
,,,,,,1756197490.8813453,-1.3863099801219017,-2.187696116970818,0.09005487588255896,1.0456782579421997,0.06158066168427467,0.805413544178009,0.509791910648346,0.2905046045780182,1.0474899507997708,0.05882270147242332,1
,,,,,,1756197490.9334257,-1.3328449359019297,-2.1778532738902974,0.1473879188193574,1.1033262014389038,0.14042708277702332,1.9202040433883667,0.4071626663208008,1.040812373161316,1.1122268079662825,0.12659547017388048,1
,,,,,,1756197490.983996,-1.2797489304315501,-2.1617973070905405,0.21610259673408178,1.0694854259490967,0.00973569881170988,-0.1852877289056778,0.08770482242107391,-0.10661083459854126,1.0695297378515816,0.009102910300929063,0
,,,,,,1756197491.034638,-1.228477666058592,-2.152889868924637,0.1802801247175609,1.0018996000289917,-0.1273091435432434,-1.795630931854248,0.3429263234138489,-0.8800361752510071,1.009955655743344,-0.12639042756251723,0
,,,,,,1756197491.085177,-1.1770400358495507,-2.152475543885497,0.09345008485651103,1.1158511638641357,-0.1180245578289032,-1.3689794540405273,0.6121642589569092,-0.4352397918701172,1.1220755839726906,-0.10537906864722182,0
,,,,,,1756197491.1359088,-1.1169303739888137,-2.1526225611619196,0.055723043892359464,1.3438798189163208,0.05864005535840988,1.3532741069793701,0.8771610856056213,0.9414684772491455,1.3451585868524947,0.04360723334331002,0
,,,,,,1756197491.1865282,-1.0474756798034814,-2.1411778988830905,0.1410197559327105,1.3894027471542358,0.10620896518230438,1.4733524322509766,0.10568301379680634,0.4699256718158722,1.3934562562509214,0.07629379866051367,0
,,,,,,1756197491.2270393,-0.9944152905574125,-2.1284702876690846,0.19242289986377875,1.3188523054122925,0.06942147761583328,0.9138211011886597,0.06409046798944473,0.26596173644065857,1.3206781383235222,0.05258926073834794,0
,,,,,,1756197491.277498,-0.9318378931416365,-2.11237357064862,0.2224901313088958,1.2855085134506226,-0.027098294347524643,-0.7722370028495789,0.4366932511329651,-0.34972551465034485,1.2857940953786398,-0.02107670337718402,0
,,,,,,1756197491.3281827,-0.8673130112527218,-2.1022641888370424,0.1778858304912422,1.3273417949676514,0.004425246734172106,0.533275306224823,0.4219951629638672,0.4596443772315979,1.327349171648743,0.00333390416509194,0
,,,,,,1756197491.378799,-0.8014861744731723,-2.0865743719244394,0.22102562368877543,1.4828097820281982,0.024732304736971855,0.12114152312278748,0.8327265977859497,0.027854163199663162,1.4830160270799895,0.016677804465707984,0
,,,,,,1756197491.4294019,-0.7237744733722282,-2.0681769426023324,0.2318121518898574,1.6754963397979736,0.05578179284930229,1.1743285655975342,0.39662647247314453,0.3657722473144531,1.6764246458131928,0.03328040511828439,0
,,,,,,1756197491.480855,-0.642998150277875,-2.043101542898717,0.29883725870191835,1.7641371488571167,0.08716919273138046,1.4936792850494385,0.7019919157028198,0.3551275432109833,1.7662894293232798,0.049371645838363246,0
,,,,,,1756197491.5314162,-0.5576579818779834,-2.0111081503502235,0.3404485867835804,1.8669109344482422,-0.03550119698047638,-1.0284613370895386,0.4901473820209503,-0.27450597286224365,1.867248449497135,-0.01901371836967451,0
,,,,,,1756197491.5822256,-0.467162172140878,-1.9853208354232244,0.25968102367469864,1.8869633674621582,-0.12213978916406631,-2.727513313293457,0.6231054663658142,-1.354372501373291,1.890912181525406,-0.06463805322481926,0
,,,,,,1756197491.632723,-0.3739473524843235,-1.9729282437360443,0.10799269017829419,1.8344736099243164,-0.1273912638425827,-3.1008379459381104,0.36914703249931335,-1.0705868005752563,1.8388915029474044,-0.06933164895073969,0
,,,,,,1756197491.6833894,-0.2818688853306638,-1.9754779117054375,-0.053689581659834874,1.9502633810043335,-0.14818066358566284,-3.797170877456665,1.0159952640533447,-0.8864734768867493,1.9558846500617415,-0.07583411704969094,0
,,,,,,1756197491.734047,-0.1810140484756296,-1.9931549134712983,-0.1963397762519929,2.176788330078125,0.04468321055173874,0.7366513609886169,0.8233356475830078,0.2573171555995941,2.1772468907474694,0.020524244627229137,0
,,,,,,1756197491.7845173,-0.06921149167933797,-2.010619017444853,-0.1436562085158836,2.3979060649871826,0.03555925562977791,1.010421872138977,0.8731793761253357,0.188420370221138,2.398169709833576,0.014828207787117532,0
,,,,,,1756197491.835152,0.053737324992981214,-2.0240509865552654,-0.08706671335909005,2.513178586959839,0.047336917370557785,1.956269383430481,0.493110328912735,0.6275360584259033,2.5136243541348016,0.018833249980511987,0
,,,,,,1756197491.8858662,0.17855887122113806,-2.0286244260447828,-0.009067437921383183,2.4612698554992676,-0.02488255500793457,-0.00010020483750849962,0.005107109900563955,0.023140432313084602,2.4613956291366708,-0.010109296751201553,0
,,,,,,1756197491.92746,0.2761247322955255,-2.030067196926302,-0.007917413006150122,2.4006896018981934,0.009254995733499527,0.35626453161239624,-0.0001178054662887007,0.09940607100725174,2.4007074414863907,0.0038551214105345013,0
,,,,,,1756197491.978184,0.39441644804715653,-2.0288563546880907,0.02640791051244178,2.307767391204834,0.04888373613357544,1.4521698951721191,0.2074611485004425,0.34146973490715027,2.3082850672234447,0.02117909590937456,0
,,,,,,1756197492.028769,0.5079393447650937,-2.0205000419831975,0.08880227980732085,2.2816944122314453,-0.02770245634019375,-0.5978174209594727,0.5562132000923157,-0.15005415678024292,2.281862576251138,-0.012140580755453628,0
,,,,,,1756197492.0792074,0.6234638225424103,-2.0139354718756115,0.042318619556816865,2.3267414569854736,-0.03689885511994362,-1.101591944694519,-0.12950251996517181,-0.17170941829681396,2.3270340206288447,-0.015857267760504713,0
,,,,,,1756197492.1299922,0.7376590092944736,-2.013578900916812,-0.016915463958278483,2.1958742141723633,-0.06377459317445755,-1.8161123991012573,-0.05266829580068588,-0.6016350984573364,2.1968001190826763,-0.029034755603454813,0
,,,,,,1756197492.1804488,0.8436286783500903,-2.023185808313125,-0.12219543265299183,2.0311992168426514,-0.08681993186473846,-2.4487433433532715,0.3210934102535248,-1.2664920091629028,2.0330538505094244,-0.04271718709950489,0
,,,,,,1756197492.2311697,0.9398847217259575,-2.044641308416103,-0.25057335597961855,1.9511425495147705,-0.10482210665941238,-2.6927523612976074,0.8197280764579773,-0.5257805585861206,1.9539562232996717,-0.05367185231903458,0
,,,,,,1756197492.2822428,1.0347341811972903,-2.080126020767411,-0.38928225922119564,2.0683627128601074,-0.03165473788976669,-1.1488624811172485,0.03339654952287674,0.4684504568576813,2.06860492467288,-0.015303054270382714,0
,,,,,,1756197492.3328185,1.128266814506314,-2.1171359252530557,-0.36038686478388143,1.9286327362060547,0.08377844095230103,1.9017647504806519,0.2615039348602295,1.233437418937683,1.9304515167012228,0.04341200017049204,0
,,,,,,1756197492.3843226,1.2188521920328645,-2.1417212521643507,-0.24839626297206377,1.8031775951385498,0.11641059815883636,2.449547290802002,0.2506887912750244,0.8422659635543823,1.8069313398614077,0.06446912156615567,0
,,,,,,1756197492.434824,1.306304000309468,-2.153313688854652,-0.12749704044683133,1.73259699344635,0.1311429738998413,2.461184024810791,0.5423011779785156,0.7600096464157104,1.7375531132321183,0.07554750651742281,0
,,,,,,1756197492.4853187,1.3944006333884431,-2.1533521130387854,-0.0008459482196945603,1.7861427068710327,0.09273402392864227,1.449824333190918,0.30916067957878113,0.28103137016296387,1.7885483970255258,0.05187202304343062,0
,,,,,,1756197492.5361314,1.483085345643184,-2.148276869765871,0.04149227979932204,1.755944013595581,0.019831141456961632,0.10825788974761963,0.06969253718852997,0.032459940761327744,1.7560559937125138,0.011293240687785996,0
,,,,,,1756197492.586576,1.5687071514581703,-2.144965143379158,0.031835755385751785,1.6649454832077026,-0.034335047006607056,-0.6296876668930054,0.0895959883928299,-0.12073695659637451,1.6652994798253784,-0.020619402409785628,0
,,,,,,1756197492.627267,1.6342230895415857,-2.143654170856687,0.03347147686103269,1.5922539234161377,0.06331310421228409,1.3279520273208618,0.2558135986328125,0.5438692569732666,1.593512191920438,0.03974225878023073,0
,,,,,,1756197492.6777773,1.7116945942177555,-2.1347228612190836,0.09973215987190771,1.48166024684906,0.012181118130683899,-0.31191688776016235,0.10254950076341629,-0.5654790997505188,1.48171031808911,0.008221077490966051,0
,,,,,,1756197492.728359,1.782945971152442,-2.1295433272791153,0.07702923996053769,1.378616452217102,0.0009750809986144304,0.09279264509677887,0.14885172247886658,0.059547483921051025,1.3786167970493552,0.000707289423718126,0
,,,,,,1756197492.778941,1.8501388352725816,-2.124937863770573,0.06357911130347177,1.287256121635437,-0.06656093150377274,-1.0349228382110596,0.005867724772542715,-0.2934926450252533,1.2889758261079054,-0.05166159598631654,0
,,,,,,1756197492.829477,1.912875736740671,-2.1249339427990046,0.030434056611075965,1.2132617235183716,-0.003942177630960941,0.03615989908576012,0.030093658715486526,0.043041128665208817,1.2132681280406419,-0.003249227830548705,0
,,,,,,1756197492.879981,1.9739035356964219,-2.12169484402457,0.05593459630723877,1.3203697204589844,0.09964647144079208,1.540122151374817,0.7251377701759338,0.508756160736084,1.3241244722364802,0.07532582318051698,0
,,,,,,1756197492.9305663,2.0412374350717055,-2.1087885351977036,0.1589716778609391,1.4017382860183716,0.17575135827064514,2.6485869884490967,0.5136647820472717,1.5667366981506348,1.4127132626346006,0.12473012258651595,0
,,,,,,1756197492.9812052,2.1088743620414525,-2.0847940830896152,0.2951254087687083,1.4558987617492676,0.1865057498216629,2.7781624794006348,0.4889822006225586,1.454145073890686,1.467796170856019,0.1274095875392341,0
,,,,,,1756197493.0317738,2.1731158825988834,-2.051818265868575,0.42756572089724254,1.3653159141540527,0.17259633541107178,2.454861879348755,0.18683654069900513,1.4151803255081177,1.3761820520700188,0.12574792712043134,0
,,,,,,1756197493.0823677,2.227794533911615,-2.0142117542290516,0.5440168199210632,1.2493871450424194,0.160727396607399,2.1362369060516357,0.18608354032039642,1.00634765625,1.2596831086497269,0.12794228293831397,0
,,,,,,1756197493.1329668,2.2757195271452315,-1.9724068352250568,0.6546848421356939,1.327627420425415,0.1711050271987915,2.3544883728027344,0.5718029141426086,0.9507530927658081,1.3386080448727853,0.12817376046698864,0
,,,,,,1756197493.183608,2.3221511700280706,-1.9222250186381273,0.769025536808707,1.3546408414840698,0.15266774594783783,2.098660707473755,0.29465654492378235,0.7852230072021484,1.3632165088750439,0.11222625658547228,0
,,,,,,1756197493.2343807,2.3639970111898077,-1.8676814082305804,0.8677459959775277,1.4559242725372314,0.13285839557647705,1.876498818397522,0.6621525287628174,0.5496907234191895,1.461973611471227,0.09100160567435225,0
,,,,,,1756197493.2851248,2.4058600136653663,-1.8027024364608297,0.9747435727435357,1.697621464729309,0.1575872004032135,2.6735968589782715,0.9102752208709717,0.7531039714813232,1.7049200459964706,0.092562966742148,0
,,,,,,1756197493.3356688,2.4455919713192027,-1.7212178916222816,1.1164004336693594,1.9713244438171387,0.14438995718955994,3.0541958808898926,0.957722008228302,0.7555565237998962,1.9766053026662036,0.07311458819795559,0
,,,,,,1756197493.3864412,2.4778247440323127,-1.6277014627115094,1.2620459205841696,1.8977550268173218,0.10192614793777466,2.668694019317627,0.12334203720092773,0.9140686392784119,1.9004902213491779,0.05365724721481179,0
,,,,,,1756197493.4267082,2.4936663918495126,-1.5553483584788645,1.3607202255632451,1.8124878406524658,0.11974604427814484,2.593478202819824,0.5992476344108582,1.1030402183532715,1.816439178071565,0.06597135209545352,0
,,,,,,1756197493.4772563,2.501394762385077,-1.4636898814767567,1.5023437845538334,1.916696310043335,0.14516915380954742,3.2997348308563232,1.0403238534927368,1.3024102449417114,1.9221859504614833,0.07559492867408778,0
,,,,,,1756197493.5280895,2.4941610499622544,-1.3626418411818928,1.6849809174984571,2.1629798412323,0.10196582973003387,3.9028472900390625,0.8889485597610474,1.0633260011672974,2.1653819118136735,0.047106494088417036,0
,,,,,,1756197493.5787234,2.4697725453591617,-1.254365216992485,1.8779453019958388,2.251859426498413,0.0036052283830940723,3.6261584758758545,0.5486031174659729,1.168002724647522,2.2518623124830377,0.0016009992721410912,0
,,,,,,1756197493.6294048,2.4292795925079096,-1.1494875463079726,2.0497350910272862,2.269196033477783,-0.04422291740775108,3.228139877319336,0.6897477507591248,0.8753196597099304,2.269626908717677,-0.019485896971353427,0
,,,,,,1756197493.6799386,2.3719059089960006,-1.0491303106538872,2.2011778240101463,2.4442765712738037,-0.06840895861387253,2.584932327270508,1.0787179470062256,0.40489816665649414,2.4452336785053195,-0.027980101084250635,0
,,,,,,1756197493.7312007,2.29533487118372,-0.9478937475872735,2.299326681242578,2.669170618057251,-0.0840042307972908,0.5854488611221313,0.8995710015296936,0.10330638289451599,2.670492182930325,-0.03146165015155841,0
,,,,,,1756197493.7830386,2.2074868963127674,-0.8463892763760388,2.3038612943479477,2.651296854019165,-0.0230060163885355,-0.25294387340545654,0.0,0.0,2.6513966668384406,-0.008677051370946504,0
,,,,,,1756197493.833488,2.121200851771544,-0.7478649897959209,2.282803180526833,2.56941294670105,-0.0154417734593153,-0.583121657371521,0.007041283417493105,-0.06541966646909714,2.5694593476143073,-0.00600977261101402,0
,,,,,,1756197493.8840249,2.0398919110898763,-0.6505338356755489,2.2564733503357592,2.488436698913574,-0.008922979235649109,-0.42057374119758606,0.08528318256139755,-0.04257522523403168,2.488452696769285,-0.0035857616938996975,0
,,,,,,1756197493.934683,1.9636820472537229,-0.5536687087278961,2.2173650527415703,2.452828884124756,-0.0544874370098114,-1.8071142435073853,0.47728416323661804,-0.34969574213027954,2.4534340047347087,-0.022210467851293613,0
,,,,,,1756197493.985377,1.8947232627802504,-0.45146031492055627,2.133564321552614,2.5157930850982666,-0.013342011719942093,-1.0701578855514526,0.6254444122314453,-0.1364336460828781,2.5158284632114705,-0.005303252767345566,0
,,,,,,1756197494.0359895,1.8298574702019441,-0.3418598541879522,2.0779198401966523,2.545515298843384,-0.037021126598119736,-1.6256928443908691,0.327009916305542,-0.32023897767066956,2.5457844960758784,-0.014542641614275745,0
,,,,,,1756197494.0771255,1.7839721029058009,-0.25183892679529546,2.017863070036862,2.4915900230407715,0.0135643957182765,-0.3162095248699188,3.221811653020268e-07,-1.642965941073271e-07,2.4916269455413094,0.005444018312963042,0
,,,,,,1756197494.1275434,1.7310176381571236,-0.14047273727248016,2.001174682409188,2.460005760192871,-0.046511195600032806,-1.4358305931091309,0.5652344226837158,-0.3340888023376465,2.4604454132327853,-0.01890469338797295,0
,,,,,,1756197494.1781437,1.6860680088511002,-0.02624631852270646,1.904676554073748,2.400177240371704,-0.05366319790482521,-2.509627342224121,0.380667120218277,-0.8926959037780762,2.4007770667031334,-0.022354290320242293,0
,,,,,,1756197494.228763,1.6548794889507037,0.08723192650592881,1.7881174890104368,2.300654172897339,0.03268911689519882,-0.4157324731349945,-9.346866949042423e-14,0.0,2.3008863947690523,0.014207662209466466,0
,,,,,,1756197494.279993,1.6303823444867815,0.1980087711103238,1.7726756345427428,2.2035346031188965,-0.04203301668167114,-1.2162634134292603,-0.13361594080924988,-0.31789037585258484,2.203935462220642,-0.019072956516140188,0
,,,,,,1756197494.3306003,1.6144415802739343,0.3045027938211844,1.6971218375464052,2.0797224044799805,-0.06521156430244446,-1.6946437358856201,-0.04637812450528145,-0.33137935400009155,2.080744536894129,-0.03134562811048903,0
,,,,,,1756197494.381057,1.6084654084126644,0.4059111385639741,1.6119213381144122,1.9562325477600098,-0.07853233069181442,-1.7942631244659424,-0.04955984279513359,-0.38204026222229004,1.957808240834507,-0.04012313570861098,0
,,,,,,1756197494.4317284,1.611834586515558,0.5018775994261582,1.5293115159073418,1.9598227739334106,-0.05379344895482063,-0.9555029273033142,0.6995989084243774,-0.1421256959438324,1.9605608994312071,-0.027441229104489113,0
,,,,,,1756197494.4822946,1.6188414142875356,0.6031569886230891,1.5164309687695932,2.1297264099121094,0.06402189284563065,1.712300419807434,0.8161128759384155,0.5387194752693176,2.130688476488447,0.030052037731474437,0
,,,,,,1756197494.5335894,1.6173048745862248,0.7135902980421638,1.6068920281401486,2.352287530899048,0.04259897395968437,1.354006290435791,0.9315856695175171,0.24695666134357452,2.3526732243568285,0.018107615430971766,0
,,,,,,1756197494.5842292,1.6084465570837991,0.8350453325188413,1.656768101034646,2.5285894870758057,0.00035256677074357867,0.25081226229667664,0.6533505916595459,0.0647256076335907,2.528589511655384,0.00013943218947197152,0
,,,,,,1756197494.6347742,1.5979440947091206,0.9622234672775256,1.6420131438850352,2.519536256790161,-0.06067867577075958,-1.8672226667404175,0.3507728576660156,-0.5336115956306458,2.5202668213848844,-0.02407861700628526,0
,,,,,,1756197494.685418,1.595095954561713,1.0862298281702565,1.5750934240108705,2.4158551692962646,0.05451427027583122,0.9926082491874695,-0.056292105466127396,0.264096200466156,2.4164701538978686,0.02256137748399055,0
,,,,,,1756197494.7364657,1.5890225467178847,1.2063021321312226,1.6440255746479726,2.4619991779327393,0.05460623279213905,1.8786952495574951,0.7779173254966736,0.3619862198829651,2.4626046765165603,0.022175994884919385,0
,,,,,,1756197494.777064,1.5768541316152633,1.3057287729044145,1.7238805397747914,2.601757764816284,0.03948371857404709,2.551438570022583,0.8715446591377258,0.539882481098175,2.6020573457966414,0.015174620956017858,0
,,,,,,1756197494.8275728,1.5490771523023956,1.433541491170396,1.851936211215275,2.596583604812622,-0.016794806346297264,2.329989433288574,0.13145288825035095,0.4648900628089905,2.5966379189832995,-0.006467949699154753,0
,,,,,,1756197494.8782666,1.5097325316585148,1.554003359193164,1.9572438337334361,2.432638168334961,-0.012391519732773304,1.9648770093917847,0.1638946235179901,0.777551531791687,2.43266972846734,-0.005093816548538055,0
,,,,,,1756197494.9288037,1.4609127784711489,1.6614413893172102,2.056753584794242,2.269744634628296,0.026793094351887703,2.0985453128814697,0.2659904956817627,0.7807362675666809,2.2699027680341035,0.011803904964270336,0
,,,,,,1756197494.980119,1.403258381773159,1.7563168605483008,2.1662967564640114,2.1723990440368652,0.056439004838466644,2.363210439682007,0.41572561860084534,0.7451940774917603,2.173132064049362,0.02597419293994822,0
,,,,,,1756197495.030844,1.3360446760380267,1.8406701824444847,2.2899071976907805,2.1671926975250244,0.07540769129991531,2.793790817260742,0.6719688177108765,0.9722526669502258,2.1685042098444205,0.03478107021330024,0
,,,,,,1756197495.0813825,1.2568553790109167,1.9161384667900767,2.4363359375422897,2.20345139503479,0.050329651683568954,2.8014419078826904,0.49973416328430176,0.661393940448761,2.2040261169322273,0.022837309597609056,0
,,,,,,1756197495.13198,1.1679632294164768,1.982761803297858,2.5363406492965628,2.2943341732025146,-0.011768058873713017,0.3716140389442444,0.6523008942604065,0.09266208857297897,2.2943643532653053,-0.0051291376002428205,0
,,,,,,1756197495.1825278,1.0715030853219607,2.0477362958798837,2.5669055799735343,2.312474250793457,0.04112539067864418,1.259595274925232,0.2694687843322754,0.2835213840007782,2.312839911956993,0.017782276204304642,0
,,,,,,1756197495.2332864,0.9728127310366443,2.107454876168121,2.5977216198939543,2.3441333770751953,-0.04581664502620697,-1.1758925914764404,0.619177520275116,-0.20817960798740387,2.344581082939854,-0.019542749817713614,0
,,,,,,1756197495.2838588,0.8731475454912557,2.1725165001327715,2.5581669703568863,2.428081512451172,0.018616506829857826,0.40817317366600037,0.5205377340316772,0.10231584310531616,2.428152879337237,0.007667016924268398,0
,,,,,,1756197495.3344588,0.7712490506051847,2.239030167277969,2.5529356417073057,2.382803201675415,-0.060861703008413315,-1.7479541301727295,0.31067511439323425,-0.6107563376426697,2.383580341588614,-0.025536507931661453,0
,,,,,,1756197495.3851206,0.6776589747725649,2.3085547890922156,2.490354742018693,2.2406866550445557,0.05584680289030075,1.2298333644866943,-0.08305686712265015,0.5742197036743164,2.24138250896357,0.024918809144316108,0
,,,,,,1756197495.4356961,0.5872316834221303,2.370274275969736,2.5543505297846947,2.1333208084106445,0.024994423612952232,0.6184799075126648,0.06162362918257713,0.14260786771774292,2.1334672232798866,0.011715668806876581,0
,,,,,,1756197495.4863086,0.4983802785260275,2.4254114802008915,2.6015993541024014,2.0078907012939453,0.08037201315164566,1.9435937404632568,0.2272026389837265,0.9490166902542114,2.0094986262350965,0.040006723990365936,0
,,,,,,1756197495.526718,0.4280340639243619,2.460622231634204,2.686698972536513,1.8689454793930054,0.09486786276102066,2.1188597679138184,0.15992145240306854,0.5982679128646851,1.8713516816270515,0.05071657310133392,0
,,,,,,1756197495.5874023,0.325020076118931,2.4980420510832535,2.8136184438094984,1.7169904708862305,0.11376573890447617,2.242621421813965,-0.033018700778484344,0.9559961557388306,1.7207553342827682,0.06616209705854813,0
,,,,,,1756197495.6279304,0.25961684572538596,2.5126283502010462,2.9051274685980686,1.6010160446166992,0.1292901337146759,2.1734094619750977,-0.0885840356349945,0.7445229291915894,1.6062279769061611,0.08058019080434826,0
,,,,,,1756197495.6785986,0.1823523578194027,2.5215932888550876,2.9979716406547716,1.4998400211334229,0.04760805517435074,0.3094719648361206,0.026285318657755852,0.05744844675064087,1.5005954204618215,0.0317314345768126,0
,,,,,,1756197495.7292528,0.10934542352010561,2.5312003015695854,2.9973133640703344,1.428170084953308,-0.02487664669752121,-0.4096626341342926,0.15569467842578888,-0.08220243453979492,1.428386726032713,-0.017416784955500406,0
,,,,,,1756197495.779884,0.03997899790500261,2.5424252962599856,2.9920420763658644,1.3887226581573486,0.025209808722138405,0.42404067516326904,0.26643821597099304,0.1468362957239151,1.388951459099784,0.018151241292516558,0
,,,,,,1756197495.8316574,-0.028490693797077436,2.550357136135796,3.021120217602516,1.3232779502868652,0.08367054909467697,1.4084893465042114,0.13009095191955566,0.6439222097396851,1.3259205460740142,0.06314569872915744,0
,,,,,,1756197495.882195,-0.09251950246149455,2.552463431214689,3.0686825613757613,1.2292568683624268,-0.012626065872609615,-0.43629878759384155,0.18978726863861084,-0.1483451873064041,1.2293217097064626,-0.010270938654640238,0
,,,,,,1756197495.9329605,-0.1531402870253478,2.557762710695765,3.068616314336348,1.23513925075531,0.07492634654045105,1.2587922811508179,0.4622056782245636,0.5071856379508972,1.237409764856528,0.06058801991008885,0
,,,,,,1756197495.9834661,-0.21829919577562873,2.5555305863428157,-3.1392649885933688,1.4875359535217285,0.12529638409614563,1.8235446214675903,0.9614351391792297,0.49710941314697266,1.4928035359307557,0.08403246987029171,0
,,,,,,1756197496.034791,-0.2966752339498373,2.5457452327212793,-3.0370363108621965,1.576296329498291,0.14236855506896973,2.3389246463775635,0.27425551414489746,0.870814859867096,1.5827125209153465,0.09007400226700159,0
,,,,,,1756197496.085388,-0.3715153310781287,2.5269457388743635,-2.9192767209004575,1.4596885442733765,0.15410806238651276,2.3614461421966553,0.1731424629688263,1.1022406816482544,1.4678010564022137,0.1051863319324595,0
,,,,,,1756197496.1360402,-0.4382562322040552,2.500180498378686,-2.798682783471628,1.4509230852127075,0.17354176938533783,2.586663246154785,0.5322144031524658,1.0641567707061768,1.4612647073424292,0.11904231039247916,0
,,,,,,1756197496.1764598,-0.4905870478014904,2.472052785087797,-2.7050654780247676,1.521496295928955,0.11225664615631104,1.4457443952560425,0.45186156034469604,0.3733513355255127,1.5256318471806343,0.07364698655951367,0
,,,,,,1756197496.2372413,-0.5705979540561806,2.4241248417231644,-2.613228855127465,1.5759481191635132,0.11163250356912613,1.801405429840088,0.4134226143360138,0.5303641557693481,1.5798969238998237,0.07071701955081004,0
,,,,,,1756197496.2777765,-0.620905228979963,2.3870910983216627,-2.53460097975478,1.4936506748199463,0.13672375679016113,2.1578309535980225,0.11971535533666611,0.8592393398284912,1.499895237695252,0.09128225229340693,0
,,,,,,1756197496.3283699,-0.6747317534821878,2.3369850260495166,-2.422740045843271,1.4858137369155884,0.16044101119041443,2.432249069213867,0.5298376679420471,0.8711839914321899,1.4944509958104575,0.10756513290181498,0
,,,,,,1756197496.3790362,-0.723329505140492,2.278771858023701,-2.2991831909527587,1.4773106575012207,0.15920290350914001,2.414975881576538,-0.0015985064674168825,1.0717401504516602,1.4858641738908807,0.10735106229358342,0
,,,,,,1756197496.4295564,-0.7622291899443338,2.218012027202462,-2.1792304945167094,1.471611499786377,0.17556026577949524,2.6522281169891357,0.7304444313049316,1.0069701671600342,1.4820464949602885,0.11873680519690581,0
,,,,,,1756197496.4802063,-0.7951188732356633,2.1477594038856482,-2.040705023262412,1.602079153060913,0.1748591661453247,2.8417656421661377,0.4886097013950348,1.1482977867126465,1.611593416671032,0.10871481646384445,0
,,,,,,1756197496.5308528,-0.8201901634123479,2.068556750239108,-1.894712009490424,1.818155288696289,0.17298825085163116,3.1885569095611572,1.029205322265625,0.9045297503471375,1.826366225253575,0.09485937401572987,0
,,,,,,1756197496.581365,-0.8369820062071467,1.9725226277075751,-1.7243327257974679,2.135589838027954,0.13562583923339844,3.783102512359619,1.131951928138733,0.9939835071563721,2.139892129186896,0.06342226473101888,0
,,,,,,1756197496.6332512,-0.8404179107022864,1.8604104219979334,-1.5281057350998648,2.342350721359253,0.026989908888936043,3.908160448074341,0.7720771431922913,1.0303518772125244,2.3425062128058585,0.011522063821283674,0
,,,,,,1756197496.6838489,-0.8274642324112731,1.7438889660618415,-1.342780914065956,2.2862582206726074,-0.07954671233892441,3.175210952758789,0.31163448095321655,1.1218485832214355,2.2876416526713728,-0.03477937691582282,0
,,,,,,1756197496.7344222,-0.7998817746626861,1.6356948079828912,-1.2012284566430431,2.196227788925171,-0.06754591315984726,2.4464528560638428,0.5315405130386353,0.6321541666984558,2.19726624495798,-0.030745730676349232,0
,,,,,,1756197496.785146,-0.7573548063025197,1.5344367382639288,-1.0852919846031652,2.2079145908355713,-0.005720407236367464,2.1919617652893066,0.55681312084198,0.5726456642150879,2.2079220012227694,-0.0025908585688062943,0
,,,,,,1756197496.8365924,-0.7018139511186601,1.437721344731655,-1.013472605334479,2.2979772090911865,-0.034027498215436935,-0.29101720452308655,0.6148129105567932,-0.014456517994403839,2.298229127858517,-0.014806505216364192,0
,,,,,,1756197496.8872135,-0.6404509827867516,1.3381566319349247,-1.002493993032727,2.3746321201324463,0.057109322398900986,1.3133805990219116,0.5814862847328186,0.4493037760257721,2.3753187534875355,0.024045120603309458,0
,,,,,,1756197496.927758,-0.584996021841019,1.2606160272855937,-0.9233672298166014,2.364736318588257,0.05978892743587494,2.376333475112915,0.38314464688301086,0.7225354313850403,2.3654920359820015,0.025278163856814806,0
,,,,,,1756197496.9783373,-0.5079381086081385,1.172505689608689,-0.7994124615944121,2.34602427482605,0.042118869721889496,2.539893627166748,0.6342588067054749,0.574596643447876,2.346402330645736,0.017951368101902627,0
,,,,,,1756197497.0290806,-0.4202081438612373,1.0924624729969503,-0.6918168384716987,2.4750964641571045,-0.08414401859045029,-0.9700589776039124,1.082578182220459,-0.4054868817329407,2.476526342025772,-0.03398317031677454,0
,,,,,,1756197497.0795634,-0.3274149103416806,1.0043157909886988,-0.7990024972270028,2.599385976791382,-0.05625922232866287,-3.070322275161743,0.6550000905990601,-1.187058925628662,2.599994722386319,-0.02163989525686581,0
,,,,,,1756197497.1301255,-0.244254766339712,0.9058034981111031,-0.960150606883482,2.548598289489746,0.03573296219110489,-3.2814626693725586,0.6129443645477295,-0.9640645980834961,2.5488487765610985,0.014019714748534274,0
,,,,,,1756197497.180738,-0.17597031632984889,0.7999785632131639,-1.1167508210142434,2.460343360900879,0.10380315780639648,-2.718684196472168,0.35365140438079834,-0.5264756679534912,2.462532141739395,0.04216550986540191,0
,,,,,,1756197497.2312684,-0.12354974274392228,0.690461713234313,-1.2327932974423004,2.405376672744751,0.09004373103380203,-1.5618590116500854,0.41019195318222046,-0.21611590683460236,2.4070614473426093,0.03741688651968239,0
,,,,,,1756197497.2818851,-0.08379649861587085,0.577634850956169,-1.281665079318976,2.3547656536102295,0.03331011161208153,-0.05609079450368881,-6.217634740401934e-11,0.0,2.3550012413920336,0.014144885285573063,0
,,,,,,1756197497.33243,-0.05035754500424974,0.46606193491378445,-1.2918491048880647,2.301851511001587,-0.014866558834910393,-0.492555171251297,0.25880491733551025,-0.062149181962013245,2.3018995185002935,-0.006458432293256586,0
,,,,,,1756197497.3829968,-0.021716688379171883,0.35553014026911184,-1.3373781047900848,2.2512736320495605,-0.07449588179588318,-2.1341230869293213,0.45848020911216736,-0.6717233061790466,2.25250584966303,-0.033078479654563946,0
,,,,,,1756197497.4337053,-0.004788590435428675,0.24531379679641213,-1.4611114107689245,2.1834938526153564,-0.06726142764091492,-2.621891975402832,0.31061479449272156,-0.5968356728553772,2.184529584157044,-0.030794757903748984,0
,,,,,,1756197497.4842188,-0.0017031300239459398,0.13882802840020875,-1.5882689404327641,2.0205440521240234,-0.06465408951044083,-2.3964507579803467,-0.10410185903310776,-0.9121567010879517,2.0215781997895093,-0.031987442520371126,0
,,,,,,1756197497.5353966,-0.011321858652988853,0.04180650190882147,-1.6967732232965655,1.868641972541809,-0.07370896637439728,-1.7099251747131348,-0.020439179614186287,-0.3581933081150055,1.8700951401650467,-0.03942476653288961,0
,,,,,,1756197497.585977,-0.028436110946290883,-0.05003318176288951,-1.74353341379215,1.9801980257034302,0.030303912237286568,0.889805257320404,0.873055100440979,0.23502469062805176,1.9804298897200696,0.015302281129270491,0
,,,,,,1756197497.636569,-0.04119824485335557,-0.15119165565279472,-1.6777003388185865,2.0200350284576416,0.08875022083520889,2.160905361175537,0.3084612190723419,0.8384401798248291,2.021983708612452,0.0439067547200083,0
,,,,,,1756197497.678094,-0.04337280150255037,-0.2312837209089034,-1.5873219683557889,2.0216543674468994,0.08680280297994614,2.0960090160369873,0.5942111611366272,0.4619254767894745,2.0235170145126773,0.042910163915667716,0
,,,,,,1756197497.729294,-0.03638664763655064,-0.334017433606242,-1.4803961582299716,2.1220059394836426,0.0997544676065445,2.614861488342285,0.7434616088867188,0.7414613366127014,2.124349350039047,0.046974931008241794,0
,,,,,,1756197497.77991,-0.015980738371765377,-0.4405558534270973,-1.338916145191399,2.236724376678467,0.034700747579336166,1.8843932151794434,0.5600227117538452,0.2437121868133545,2.236993535777482,0.015512847419316017,0
,,,,,,1756197497.8306417,0.014900057209997715,-0.5497718216488029,-1.26924059185442,2.318089246749878,0.03379451483488083,1.1946946382522583,-0.18980515003204346,-0.024941572919487953,2.318335572157392,0.014577575477702144,0
,,,,,,1756197497.8813233,0.04981974238355332,-0.6587053492391166,-1.2628818235085832,2.2427728176116943,-0.012576284818351269,-0.29964667558670044,-0.009956986643373966,-0.7880750298500061,2.242808077914321,-0.00560741280032888,0
,,,,,,1756197497.931833,0.07831074871529616,-0.762936158147439,-1.3289123572882775,2.0426394939422607,-0.08270317316055298,-2.1597118377685547,0.34318187832832336,-0.33747124671936035,2.0443130672828755,-0.040466281875779435,0
,,,,,,1756197497.9825964,0.09494380624425772,-0.8631687097633458,-1.4247247107755219,2.01336407661438,-0.07585615664720535,-1.787034273147583,0.455990195274353,-0.4289487898349762,2.014792560414734,-0.0376585116057221,0
,,,,,,1756197498.0331767,0.10146363338147654,-0.9638330436908437,-1.5263583526271474,2.023042917251587,-0.09100763499736786,-2.1919937133789062,0.455990195274353,-0.4289487898349762,2.0250888954980777,-0.04495520981443868,0
,,,,,,1756197498.083721,0.09620416076514805,-1.0622138899036213,-1.6504207055061118,1.8916198015213013,-0.11173651367425919,-2.740756034851074,0.3322557806968689,-1.1163462400436401,1.8949170224565415,-0.05900066649478947,0
,,,,,,1756197498.1361969,0.07845386443288276,-1.1516726094037886,-1.7846574818152465,1.7014085054397583,-0.12239567935466766,-2.541224241256714,0.04519728198647499,-1.1748392581939697,1.7058052657637808,-0.07181414536097694,0
,,,,,,1756197498.1866677,0.050570837131781336,-1.2377622474016285,-1.8802011988517535,1.9547992944717407,-0.09429068118333817,-1.7992339134216309,0.8338950872421265,-0.30735206604003906,1.9570720513627577,-0.04819812236871641,0
,,,,,,1756197498.227191,0.020941969916609158,-1.3105669373380364,-1.9598291424706746,1.8648993968963623,-0.10559268295764923,-2.321626663208008,0.08662009239196777,-0.6695266366004944,1.8678863924871367,-0.056560722821165685,0
,,,,,,1756197498.2778795,-0.02284934195175256,-1.3915505593057038,-2.078379006967745,1.8026164770126343,-0.12019556015729904,-2.4225871562957764,0.4469147026538849,-0.5506283044815063,1.806619255924991,-0.06657983284245962,0
,,,,,,1756197498.3284845,-0.07477511899515848,-1.4668041900403461,-2.161793805914524,1.9079090356826782,-0.009532141499221325,0.09940619021654129,0.6151588559150696,0.06831910461187363,1.907932847393002,-0.004996077910882664,0
,,,,,,1756197498.3790615,-0.12815993666178402,-1.5485648745838705,-2.1361974135295583,1.975989580154419,0.05990052595734596,1.3632569313049316,0.40980300307273865,0.33687806129455566,1.9768972896660066,0.03030491058037617,0
,,,,,,1756197498.4298215,-0.17859665191367907,-1.6325270087195216,-2.1292976440079543,1.9152390956878662,-0.0721990093588829,-1.7153626680374146,0.3442009389400482,-0.5520057082176208,1.916599460138628,-0.03767928433792702,0
,,,,,,1756197498.4803762,-0.2369922930812039,-1.7090384303938762,-2.247372555664244,2.02457332611084,-0.14318780601024628,-3.6007676124572754,1.0412583351135254,-1.0324969291687012,2.029630483755488,-0.07060735987335488,0
,,,,,,1756197498.5318668,-0.31297278054788286,-1.780939353754899,-2.444636423797912,2.1290175914764404,-0.06937431544065475,-3.9856038093566895,0.6417256593704224,-1.0049998760223389,2.1301475771549265,-0.03257360469028282,0
,,,,,,1756197498.5832314,-0.40039024789038435,-1.8409413792587268,-2.6359459889069705,2.0817577838897705,0.0032546957954764366,-3.4624338150024414,0.46850115060806274,-1.1370673179626465,2.0817603281430768,0.0015634350781891782,0
,,,,,,1756197498.6337123,-0.49217111549435255,-1.8847894070777573,-2.7915643539485173,1.9434621334075928,0.009197667241096497,-2.4117543697357178,-0.230303555727005,-0.5646256804466248,1.9434838978164626,0.004732584399296129,0
,,,,,,1756197498.6842682,-0.5830812988010545,-1.9122460375770627,-2.9023618909811324,1.9006503820419312,-0.0760212391614914,-2.3326613903045654,0.5718820095062256,-0.5863662958145142,1.9021701037393548,-0.039976178249946225,0
,,,,,,1756197498.7351441,-0.678169764418992,-1.9263264793850088,-3.013859582142218,1.9620496034622192,-0.04308785870671272,-0.870628833770752,0.46197766065597534,-0.12303686141967773,1.9625226648408882,-0.021957107496147182,0
,,,,,,1756197498.7861571,-0.777163650386876,-1.9352877561534445,-3.054874492414134,2.0251736640930176,-0.03993174061179161,-0.8136451840400696,0.6835278868675232,-0.5982317328453064,2.0255673066191173,-0.019715132358054163,0
,,,,,,1756197498.836968,-0.8800110278154548,-1.9371848667508407,3.1330098898912966,2.1080353260040283,-0.10373042523860931,-2.779554843902588,0.6835278868675232,-0.5982317328453064,2.1105859226293284,-0.049167498772211805,0
,,,,,,1756197498.8775234,-0.9640952305888432,-1.9289018839304233,3.0162406742808705,2.0847079753875732,-0.0902235135436058,-3.079773426055908,0.47181251645088196,-1.0628037452697754,2.086659441557416,-0.043251739248551295,0
,,,,,,1756197498.9280646,-1.065454866512664,-1.9051222977439604,2.853653446132125,2.139646291732788,-0.08789007365703583,-3.7871668338775635,0.9238460063934326,-1.159604549407959,2.1414506575621375,-0.04105383739802727,0
,,,,,,1756197498.978866,-1.1663923272520162,-1.8628447652141589,2.6508462420660637,2.2699856758117676,-0.013829403556883335,-4.39527702331543,1.0197628736495972,-1.0559371709823608,2.27002780176661,-0.006092211334577695,0
,,,,,,1756197499.0294285,-1.264489448242351,-1.8006113141066824,2.422227117168562,2.397865056991577,0.1286633461713791,-4.789177894592285,0.6746118664741516,-0.5033398270606995,2.40131445008546,0.05360605237975524,0
,,,,,,1756197499.0801663,-1.3547612753506884,-1.72074912106707,2.2033485241006665,2.403029441833496,0.29954585433006287,-3.8984158039093018,0.6746118664741516,-0.5033398270606995,2.421627183768164,0.1240137385778683,0
,,,,,,1756197499.131099,-1.4321853336683958,-1.6278616124419578,2.019822395369887,2.3916115760803223,0.3668535053730011,-3.3716344833374023,0.7081323862075806,-0.28410831093788147,2.4195841430390184,0.15220540904173532,1
,,,,,,1756197499.1818216,-1.4947330777106538,-1.5233726429436902,1.867062678173233,2.4358954429626465,0.3711926341056824,-2.6271309852600098,0.7081323862075806,-0.28410831093788147,2.464015134016125,0.15122112715768238,1
,,,,,,1756197499.2427735,-1.5488671677882078,-1.3845819678024704,1.7274826511194008,2.4463605880737305,0.30216464400291443,-2.04130220413208,0.20616517961025238,-0.7431401610374451,2.464951033786646,0.12289354719342893,1
,,,,,,1756197499.283332,-1.5712194467067278,-1.2914522535003852,1.6657761515468539,2.279179573059082,0.1714014708995819,-1.1443301439285278,0.20616517961025238,-0.7431401610374451,2.285615451137028,0.07506185290606822,1
,,,,,,1756197499.3340797,-1.58424682770467,-1.182053163398077,1.6120395779561365,2.090242862701416,-0.0009528981172479689,-1.2827636003494263,0.20616517961025238,-0.7431401610374451,2.0902430799045915,-0.00045587910775314887,1
,,,,,,1756197499.3747096,-1.5861787082536412,-1.0957153514590856,1.5771070721399323,2.2704391479492188,-0.02136962115764618,-0.7165632843971252,0.8206641674041748,-0.09538115561008453,2.2705397123258595,-0.009411831266761669,1
,,,,,,1756197499.4330704,-1.5839425045263535,-0.9780340461002098,1.539313046062126,2.435926675796509,-0.024983026087284088,-0.7876963019371033,0.8206641674041748,-0.09538115561008453,2.4360547862167445,-0.010255706967054424,1
,,,,,,1756197499.4751334,-1.5784258486523293,-0.8774213894388178,1.5008106393883287,2.5239298343658447,-0.055951040238142014,-1.852189540863037,0.4271562099456787,-0.5297495126724243,2.5245499257700827,-0.02216459302303879,1
,,,,,,1756197499.5283177,-1.561994423591651,-0.753523632614634,1.388235409583463,2.4657323360443115,-0.035139236599206924,-2.5465352535247803,0.4271562099456787,-0.5297495126724243,2.4659827085694075,-0.014250069864832085,1
,,,,,,1756197499.5815234,-1.533123175278298,-0.6349081634116035,1.274323230268022,2.417487144470215,0.03847594931721687,-1.166159987449646,2.3893759859561214e-08,-5.6805031789508575e-08,2.417793310511594,0.015914335318349383,1
,,,,,,1756197499.6324236,-1.4991640061127538,-0.5212065969272855,1.265929175700416,2.3294918537139893,0.001877040951512754,-0.122525155544281,2.3893759859561214e-08,-5.6805031789508575e-08,2.3294926099480486,0.0008057725302988461,1
,,,,,,1756197499.6830533,-1.4642471420937986,-0.41160354276165523,1.258969658116931,2.2601706981658936,-0.009658425115048885,-0.27263495326042175,0.20284408330917358,-0.028517799451947212,2.2601913348261924,-0.004273290655409068,1
,,,,,,1756197499.733782,-1.4287720770872827,-0.3055156816257591,1.2438452833904652,2.203031063079834,-0.012185287661850452,-0.3118768334388733,0.20284408330917358,-0.028517799451947212,2.2030647621279917,-0.005531090144153581,1
,,,,,,1756197499.7845397,-1.3925346975624122,-0.20269100710284985,1.2284041072394416,2.12908673286438,0.02320203371345997,0.6479793190956116,0.19276945292949677,0.5517732501029968,2.129213152887132,0.01089721472579068,1
,,,,,,1756197499.8354733,-1.3625477892893867,-0.10337379976364243,1.299644263969396,2.022500991821289,0.07748060673475266,1.9007738828659058,0.19276945292949677,0.5517732501029968,2.0239845617835335,0.03829058022894308,1
,,,,,,1756197499.8760905,-1.3470664323319197,-0.026407777100626136,1.3792840707695133,1.9018454551696777,0.090333491563797,1.9962095022201538,0.05357389152050018,0.6866564154624939,1.9039895679986443,0.047462137935473256,1
,,,,,,1756197499.9269624,-1.3381186763072002,0.06540156266784798,1.4839709941621437,1.7574586868286133,0.1098121702671051,2.1374330520629883,0.05357389152050018,0.6866564154624939,1.7608860691845243,0.06240237441302862,1
,,,,,,1756197499.9776547,-1.3400500199623413,0.15065274550316077,1.589838839856995,1.6216522455215454,0.12258093059062958,2.0797953605651855,0.3357492685317993,0.7803133130073547,1.6262786015777049,0.07544666717443088,1
,,,,,,1756197500.028172,-1.3516883779296336,0.23022675610527568,1.7012997760185122,1.5799164772033691,0.1420813947916031,2.3041460514068604,0.3357492685317993,0.7803133130073547,1.5862922800305848,0.08968842603192562,1
,,,,,,1756197500.0805926,-1.3724142025601194,0.3066940100141337,1.8099713912816366,1.6723968982696533,0.11468925327062607,1.7022541761398315,0.8241286873817444,0.4059252142906189,1.67632485221622,0.06847056934032544,1
,,,,,,1756197500.1312022,-1.401675459351764,0.3905890157116473,1.8979844840773488,1.9195986986160278,0.10053281486034393,1.8549740314483643,0.8241286873817444,0.4059252142906189,1.9222294375521598,0.05232398415298972,1
,,,,,,1756197500.182465,-1.4420202517571103,0.48263159363094654,1.9936535050663857,2.0965840816497803,0.041704874485731125,0.8162274360656738,0.3113389015197754,0.07586371153593063,2.0969988335674206,0.019889197623119716,1
,,,,,,1756197500.2331119,-1.4870566757342851,0.5772995280650495,2.014135780478979,2.0966997146606445,0.012886724434792995,0.2655197083950043,0.3113389015197754,0.07586371153593063,2.096739316444628,0.006146117195507511,1
,,,,,,1756197500.2837322,-1.5330505624796607,0.6714294481461025,2.0272778549338466,2.0944128036499023,0.01196308434009552,0.2609877586364746,0.3113389015197754,0.07586371153593063,2.094446969364365,0.005711841629255301,1
,,,,,,1756197500.334348,-1.5816689999611633,0.7610575117348355,2.086286180246761,1.9608279466629028,0.07675401866436005,1.7484861612319946,-0.05169003829360008,0.4643174707889557,1.9623295889822852,0.039123704481022,1
,,,,,,1756197500.3773959,-1.6240859091901994,0.8253236690822028,2.156757563789376,1.8629087209701538,0.08570481836795807,1.7540569305419922,0.42106714844703674,-0.391478955745697,1.8648791431506062,0.04597349728709444,1
,,,,,,1756197500.3976579,-1.6459244667195576,0.8555173969332522,2.1769084703474304,1.858762502670288,0.03148585557937622,0.26103368401527405,0.42106714844703674,-0.391478955745697,1.8590291553482097,0.016937529453146364,1
,,,,,,1756197500.4815943,-1.6953831277703817,0.9343773351851749,2.1226497139302833,1.9020905494689941,-0.014250954613089561,-0.03500926122069359,0.5093125700950623,0.04281036555767059,1.902143934639712,-0.007492118591285794,0
,,,,,,1756197500.5333717,-1.7462519741382,1.0172713700092766,2.124682966411898,2.008471965789795,0.003353920066729188,0.08049064874649048,0.5093125700950623,0.04281036555767059,2.0084747661206346,0.001669884870871838,0
,,,,,,1756197500.5842612,-1.8000820464880476,1.1044949590635766,2.1167127585971306,2.1181209087371826,-0.07470200955867767,-1.9223318099975586,0.9191330671310425,-1.0687371492385864,2.119437796742743,-0.03525344563600065,1
,,,,,,1756197500.6282578,-1.8388900770604015,1.1815706361902574,2.0101749218550955,2.22087025642395,-0.10576733946800232,-3.553292751312256,0.9191330671310425,-1.0687371492385864,2.223387376497115,-0.04758832046381369,1
,,,,,,1756197500.6789398,-1.875554995245765,1.288943916372726,1.8156550653993575,2.337709665298462,-0.021579662337899208,-4.236930847167969,0.6276670098304749,-0.9587798118591309,2.337809265328646,-0.009230850918062097,1
,,,,,,1756197500.731985,-1.8959900730634418,1.4034541837284278,1.6130001264578986,2.30781626701355,0.1011493131518364,-3.779202461242676,0.6276670098304749,-0.9587798118591309,2.3100318408722083,0.04380098210512505,1
,,,,,,1756197500.7840009,-1.898758604208731,1.5179970465311956,1.4326817349442045,2.2526705265045166,0.2042894959449768,-3.4379773139953613,0.0,0.0,2.2619148302125764,0.09044030088470759,1
,,,,,,1756197500.834667,-1.8889844765662267,1.6287714733993446,1.3890152882500648,2.1715564727783203,0.07579906284809113,0.07762917876243591,0.0,0.0,2.1728789686482926,0.03489124140847509,1
,,,,,,1756197500.8855343,-1.8711015108480766,1.7342870788901639,1.38230483103024,2.0738308429718018,-0.042280521243810654,-1.1892701387405396,0.06592920422554016,-0.34092673659324646,2.074261798264091,-0.02038481817234923,1
,,,,,,1756197500.928441,-1.8520083429646903,1.8134552993897135,1.3238716649205369,1.9737426042556763,-0.07223346829414368,-1.667850375175476,0.06592920422554016,-0.34092673659324646,1.9750639335970317,-0.036580882057253884,1
,,,,,,1756197500.9814904,-1.8247240644058431,1.9072604253247927,1.3023962367934567,1.9471672773361206,0.044608063995838165,1.0625543594360352,0.3684482276439667,0.2712481617927551,1.9476781780627972,0.02290520339973017,0
,,,,,,1756197501.0342808,-1.8035416745669604,2.0024049539793403,1.359221708680171,1.9228510856628418,0.07682203501462936,1.6643730401992798,0.25714269280433655,1.1030033826828003,1.924385076511081,0.03993091347625734,0
,,,,,,1756197501.0849931,-1.7922318808940547,2.0952981420503973,1.4647473602027683,1.7953927516937256,0.11875691264867783,2.4708895683288574,0.25714269280433655,1.1030033826828003,1.7993160748284929,0.06604915293304398,0
,,,,,,1756197501.136326,-1.79356635380174,2.1829188753936575,1.5906324546161508,1.6794278621673584,0.13282041251659393,2.543365240097046,-0.1658613085746765,0.6908249258995056,1.6846718393221578,0.07892243098685896,1
,,,,,,1756197501.1773732,-1.8020591346636083,2.2481533135103873,1.6776258346307624,1.5752594470977783,0.12756852805614471,2.0688529014587402,-0.1658613085746765,0.6908249258995056,1.5804164182332483,0.08080621152965742,1
,,,,,,1756197501.2282412,-1.8196447271190495,2.3225584254296856,1.7790169386755608,1.4584962129592896,0.10939228534698486,1.3509504795074463,-0.020624663680791855,0.4065178632736206,1.4625928604058018,0.07486330402279084,1
,,,,,,1756197501.278801,-1.840991138318849,2.390446085932435,1.8458698281914974,1.3618967533111572,0.09244699031114578,1.276301622390747,-0.020624663680791855,0.4065178632736206,1.3650308467932366,0.06777708206584819,1
,,,,,,1756197501.3296843,-1.8637423377905566,2.4530257993533224,1.889222099991421,1.2846728563308716,0.04469181224703789,0.5897721648216248,0.15000884234905243,0.19314071536064148,1.2854500013128651,0.0347744531708266,0
,,,,,,1756197501.3813386,-1.8859077816354006,2.5120135222098505,1.912871957379039,1.2353782653808594,0.025564495474100113,0.3033697307109833,0.2209886610507965,0.12089847773313522,1.2356427485338415,0.020690705015480218,0
,,,,,,1756197501.4318976,-1.9073486449309929,2.570537771215466,1.9097441525721441,1.3245948553085327,-0.049244705587625504,-0.762579083442688,0.5891236066818237,-0.1789110004901886,1.325509928947439,-0.03716006931896449,0
,,,,,,1756197501.482581,-1.9267376858058614,2.6374763972213593,1.8686698759059854,1.460598111152649,-0.01853519305586815,0.24616265296936035,0.3611885607242584,0.31960877776145935,1.4607157135063291,-0.012689457862234218,0
,,,,,,1756197501.5331495,-1.9507152018455236,2.7066542133955713,1.9083485518646501,1.5210702419281006,0.09900575131177902,1.786564588546753,0.8627007603645325,0.6302956938743591,1.5242889554385743,0.06499784523216684,0
,,,,,,1756197501.5837958,-1.986612794999116,2.779817444674492,2.016754975149821,1.7449722290039062,0.14919495582580566,2.717933177947998,0.6165391206741333,1.223822832107544,1.7513386922119676,0.0852924703743712,0
,,,,,,1756197501.6343598,-2.0361972315620998,2.8538305752220996,2.165004608373708,1.8033479452133179,0.12269607931375504,2.372621536254883,0.28288280963897705,0.5410125255584717,1.8075171200804885,0.06793324444902607,0
,,,,,,1756197501.6851501,-2.0940897290274156,2.9221549050395734,2.274323355428574,1.815234661102295,0.13384240865707397,2.625823497772217,0.6813135743141174,0.8771396279335022,1.8201622634321069,0.07359965818986025,0
,,,,,,1756197501.7358375,-2.163037953808473,2.984862782146906,2.41615475392575,1.9120509624481201,0.13458482921123505,3.041356325149536,0.6036615967750549,1.0263481140136719,1.916781667079639,0.07027177974719453,0
,,,,,,1756197501.78629,-2.2432450378809388,3.039441765989588,2.5710469503460747,1.976657748222351,0.11848173290491104,3.177760362625122,0.6267675757408142,1.0982495546340942,1.9802054879834077,0.059868807421133666,0
,,,,,,1756197501.828488,-2.314225180524124,3.0752335427205515,2.6971502460980004,1.9467287063598633,0.09376100450754166,2.9043099880218506,0.2381538599729538,1.2319319248199463,1.9489853211688921,0.048126174697173174,0
,,,,,,1756197501.879093,-2.4036672711687705,3.106804097946237,2.833491742037904,1.8586103916168213,0.10666251182556152,2.6491382122039795,0.4592078626155853,0.9392691254615784,1.861668466525383,0.057325434309967685,0
,,,,,,1756197501.9296887,-2.494144266403605,3.1256202341110924,2.943504045502125,1.8013250827789307,0.0702069103717804,1.28790283203125,0.03178809955716133,0.32300952076911926,1.8026927259276528,0.03895543000892607,0
,,,,,,1756197501.9803102,-2.5816759568077643,3.136966043814785,3.01315078387551,1.7168831825256348,0.09268860518932343,1.650768518447876,0.24767738580703735,0.45341941714286804,1.7193833313055276,0.053934195881532324,0
,,,,,,1756197502.0309725,-2.6674888540951898,3.1405710584926325,3.091239730633123,1.7763426303863525,0.0857861265540123,1.4357986450195312,0.6074247360229492,0.3388155698776245,1.7784128879529204,0.04825618990649063,0
,,,,,,1756197502.081459,-2.758680364436867,3.1376187592873928,-3.104033907808768,1.8763526678085327,0.12521584331989288,2.6013171672821045,0.6304111480712891,0.8601932525634766,1.8805260810237412,0.06663484040327335,0
,,,,,,1756197502.1319857,-2.852240409773502,3.1227758540285735,-2.968877525245978,1.8680473566055298,0.1159912645816803,2.5840330123901367,0.31396740674972534,0.8081746101379395,1.8716449716706867,0.06201263687181211,0
,,,,,,1756197502.1830947,-2.942718272763964,3.0955733387691478,-2.8293122548604077,1.9558297395706177,0.13176953792572021,3.17602276802063,0.7407819628715515,1.0609066486358643,1.9602635489428526,0.06727104389869959,0
,,,,,,1756197502.233577,-3.0345185428592645,3.0521632676438046,-2.657294870658822,2.1537952423095703,0.10567760467529297,3.8296563625335693,0.9715443253517151,1.3148623704910278,2.156386259909214,0.049026444300323144,0
,,,,,,1756197502.2842596,-3.125965405883005,2.9904097704992902,-2.4658088853513664,2.26208233833313,0.016480492427945137,3.7175614833831787,0.75071120262146,1.1108744144439697,2.2621423721837997,0.007285411573246831,0
,,,,,,1756197502.334936,-3.2083274198462,2.915447338891262,-2.298255610502392,2.1261167526245117,-0.046656105667352676,2.638432502746582,0.0731179341673851,0.8734200596809387,2.126628608381502,-0.021940760622270048,0
,,,,,,1756197502.3859358,-3.2747630397193803,2.8348392742735617,-2.175458568212739,2.0405685901641846,0.012914200313389301,2.2823448181152344,0.38430893421173096,0.9336572885513306,2.040609454975249,0.006328641910518356,0
,,,,,,1756197502.4263608,-3.3173476699916535,2.76623186999058,-2.0861320171851334,1.9878746271133423,0.05735054984688759,2.156583547592163,0.3526126742362976,0.643248438835144,1.9887017420138071,0.02884218421951722,0
,,,,,,1756197502.4773993,-3.359392560415678,2.67474181459854,-1.9663330524067082,2.0933725833892822,0.09759924560785294,2.8071563243865967,0.7836188077926636,0.7362499237060547,2.095646531652974,0.04658923178247152,0
,,,,,,1756197502.5280092,-3.3903067461957526,2.572646056434353,-1.8180573386819106,2.1768410205841064,0.07844074815511703,3.136234760284424,0.6734206676483154,0.9390223026275635,2.1782538373359497,0.03601862653327384,0
,,,,,,1756197502.5785232,-3.4072410433236313,2.4630139978152537,-1.6566757286252525,2.3250300884246826,0.04549739509820938,3.4620883464813232,0.9978922605514526,0.862825334072113,2.325475204133729,0.01956602164677617,0
,,,,,,1756197502.6297991,-3.408285144714029,2.344110620375123,-1.4815320270423111,2.4093308448791504,-0.036251381039619446,3.3666129112243652,0.6424838304519653,0.9004083275794983,2.409603553017251,-0.015045109244542304,0
,,,,,,1756197502.680452,-3.3936518106433713,2.224557108198396,-1.3456490018390845,2.4037888050079346,-0.083732008934021,1.7427269220352173,0.43415194749832153,0.30750131607055664,2.405246695954825,-0.03481926850060532,0
,,,,,,1756197502.731039,-3.367690195156757,2.1055313484180513,-1.3208886896386718,2.513010263442993,-0.05021218955516815,-0.6541425585746765,0.6755525469779968,-0.05347050353884697,2.5135118555816973,-0.019978234754133416,0
,,,,,,1756197502.7815795,-3.3368750012860224,1.9800262414146805,-1.314720702730883,2.7043204307556152,0.026057040318846703,1.0288327932357788,0.9097245335578918,0.18707673251628876,2.7044459620322265,0.009635039432172797,0
,,,,,,1756197502.8324268,-3.300338936581655,1.8491285859049942,-1.2921769638815044,2.684523582458496,-0.012866951525211334,-0.17202819883823395,0.004707802087068558,0.003396383486688137,2.6845544180026133,-0.004792974470408039,0
,,,,,,1756197502.8833036,-3.266566115278495,1.72078263046217,-1.3384108333443205,2.611238718032837,-0.046973831951618195,-1.9755160808563232,0.34417057037353516,-0.36535078287124634,2.611661192314576,-0.017987158960178034,0
,,,,,,1756197502.9339075,-3.2412474573690027,1.5941081246925246,-1.3938289132376203,2.5399465560913086,0.013671832159161568,-0.12682892382144928,0.0,0.0,2.539983351676677,0.005382672358748763,0
,,,,,,1756197502.9844818,-3.2187474897279427,1.470580770278057,-1.3933762601853723,2.468111991882324,0.003127473872154951,0.04367189109325409,0.012093622237443924,0.03254089131951332,2.468113973374438,0.0012671516562216976,0
,,,,,,1756197503.035132,-3.1975022177760564,1.3505010079106443,-1.3985462530209665,2.3952155113220215,-0.004901093430817127,-0.15970852971076965,6.491253715101841e-12,0.0,2.3952205256289933,-0.0020461985852512836,0
,,,,,,1756197503.0857387,-3.1790492530595817,1.2339838953672113,-1.4273997322192822,2.3015692234039307,-0.034117441624403,-1.0069806575775146,0.06739751994609833,-0.15474413335323334,2.301822080427409,-0.014822470965775186,0
,,,,,,1756197503.1364212,-3.1646794550641224,1.121229479360946,-1.4464857679737533,2.2303626537323,-0.005148023832589388,-0.1494860202074051,1.3155931810615584e-05,-2.7236162623012206e-06,2.230368594944156,-0.0023081514039123468,0
,,,,,,1756197503.1870136,-3.149522091917543,1.013181360533606,-1.4133351432223176,2.0966227054595947,0.061874520033597946,1.7858667373657227,0.09153061360120773,0.5325499773025513,2.0975355122805666,0.029502955618529773,0
,,,,,,1756197503.227506,-3.1326529092244333,0.9321092266720112,-1.3614560644081923,2.0228075981140137,0.0462380051612854,1.0325651168823242,0.09446215629577637,0.23988237977027893,2.02333599090934,0.022854350833099172,0
,,,,,,1756197503.2781818,-3.107926539047435,0.8356297028085676,-1.3151538917357524,1.9502248764038086,0.04190613329410553,0.8351341485977173,0.20515699684619904,0.19937492907047272,1.950675060729468,0.021484540500130683,0
,,,,,,1756197503.328733,-3.0773871107705326,0.7395969630332425,-1.2477239906504185,2.185447931289673,0.08114228397607803,1.9639724493026733,1.0360603332519531,0.3871382176876068,2.1869537559416217,0.037111398612685524,0
,,,,,,1756197503.3792806,-3.0375747978044103,0.6331858603573232,-1.2275653430809028,2.3740949630737305,-0.06932388246059418,-1.9555143117904663,0.8574973940849304,-0.4008835554122925,2.375106880620632,-0.029191835484486776,0
,,,,,,1756197503.430168,-3.002664237598051,0.5191945080420104,-1.2848067572750577,2.3508379459381104,0.002160088624805212,-0.14433014392852783,7.342855640445517e-21,0.0,2.350838938346347,0.0009188587501811976,0
,,,,,,1756197503.4808536,-2.9724982298114466,0.40781158589020394,-1.3306511610344853,2.235485792160034,-0.0713687315583229,-2.1135330200195312,0.2978598177433014,-0.6344133615493774,2.236624738929984,-0.031914539371661374,0
,,,,,,1756197503.5314975,-2.9549360769646555,0.3000293604179616,-1.4484514069976726,2.103856325149536,-0.07545951008796692,-2.540287494659424,0.2722449004650116,-0.7271255850791931,2.1052091522065988,-0.035851866702497966,0
,,,,,,1756197503.5820029,-2.9515413813255442,0.19516308784614234,-1.5815436939455882,2.129808187484741,-0.08252602070569992,-2.861531972885132,0.6450639367103577,-0.6010729074478149,2.131406451048358,-0.0387287251571223,0
,,,,,,1756197503.632682,-2.9626510231894114,0.08499853393555307,-1.7197502499680763,2.3826401233673096,-0.051365409046411514,-2.6564104557037354,1.1002697944641113,-0.39300960302352905,2.383193731681563,-0.02155485140525507,0
,,,,,,1756197503.6838512,-2.989047931600375,-0.03478539543471895,-1.851950434791972,2.5276782512664795,-0.010218248702585697,-2.603942632675171,0.7800507545471191,-0.4140615165233612,2.5276989050383585,-0.004042521248609588,0
,,,,,,1756197503.7342718,-3.026799802228482,-0.15405841631863063,-1.9180130679648264,2.4624197483062744,0.011333797127008438,-0.6171990036964417,0.22082705795764923,-0.09159176796674728,2.4624458312430044,0.004602674706718972,0
,,,,,,1756197503.7849638,-3.0714831849608957,-0.26687812865764116,-1.9826876612140352,2.3780784606933594,-0.045004699379205704,-1.8323869705200195,0.2872713506221771,-0.34281808137893677,2.3785042754176224,-0.018922558059297316,0
,,,,,,1756197503.835371,-3.1174449096424803,-0.3724277306542855,-1.9658561901361993,2.191831588745117,0.07672256231307983,2.0372092723846436,-0.022456061094999313,0.8830591440200806,2.193173970525099,0.034989572390593936,0
,,,,,,1756197503.8859916,-3.150470977780345,-0.47348387426738814,-1.8553899872430872,2.0285894870758057,0.08088868111371994,2.2992758750915527,0.14271210134029388,0.767589271068573,2.0302015382239267,0.03985323421092334,0
,,,,,,1756197503.9366086,-3.1694132323879347,-0.5696648445546988,-1.7390279522374454,1.858525276184082,0.09886905550956726,2.339606285095215,0.08932773023843765,0.9550333619117737,1.861153215711289,0.05314748683001049,0
,,,,,,1756197503.9872038,-3.1753295462198206,-0.6597340644147782,-1.6269003662936463,1.721822738647461,0.11392193287611008,2.180309772491455,0.17783308029174805,0.7151705622673035,1.725587363802155,0.06606727280483177,0
,,,,,,1756197504.0379326,-3.170048999306352,-0.7448663501916405,-1.5118268750635695,1.6759191751480103,0.13286568224430084,2.3776497840881348,0.3440083861351013,0.787051260471344,1.6811776738783533,0.07911381798188982,0
,,,,,,1756197504.0782998,-3.157873295698904,-0.8120302490793251,-1.4102483976813736,1.793196439743042,0.1525687873363495,2.8526947498321533,0.8146407008171082,0.8231557011604309,1.7996751669055182,0.08487761225189286,0
,,,,,,1756197504.1289318,-3.130961594707445,-0.9023599691747382,-1.280651150290874,2.021267890930176,0.09785369783639908,1.990127444267273,0.8373952507972717,0.41405728459358215,2.0236351531552264,0.04837426953592064,0
,,,,,,1756197504.1794944,-3.0934158316916047,-1.0020031323006684,-1.2101747679740449,2.332714557647705,0.008605176582932472,0.127091646194458,1.1016240119934082,0.03777781128883362,2.3327304294593385,0.0036888943491916962,0
,,,,,,1756197504.2302177,-3.0504949244523387,-1.1158462537600344,-1.214535895704807,2.5496623516082764,-0.007917702198028564,-0.2714584767818451,0.7689154148101807,-0.013957017101347446,2.5496746453649224,-0.0031053824604765808,0
,,,,,,1756197504.280822,-3.00777606047754,-1.238493341298503,-1.2597393703480977,2.6520960330963135,-0.0393444187939167,-1.7128617763519287,0.6719645857810974,-0.2517630159854889,2.6523878585258664,-0.014834128300648737,0
,,,,,,1756197504.331374,-2.9710257270689735,-1.3657093229977382,-1.3077862855608835,2.6105129718780518,0.012430837377905846,-0.13498708605766296,0.0,0.0,2.610542568521244,0.004761801054544183,0
,,,,,,1756197504.3833315,-2.938601852099992,-1.4897300815226313,-1.3331948383384875,2.4472708702087402,-0.04974726587533951,-1.664291501045227,0.19611455500125885,-1.0978784561157227,2.4477764404933544,-0.020324850878140538,0
,,,,,,1756197504.4339745,-2.916380197836912,-1.606475859901648,-1.4065383631462887,2.3128249645233154,-0.006089025642722845,-0.5258787274360657,0.008179883472621441,-0.063493512570858,2.3128329798659375,-0.002632716123374375,0
,,,,,,1756197504.4846654,-2.8985919200797516,-1.7190285243876473,-1.4127835991044437,2.2263662815093994,0.027296917513012886,0.6841237545013428,0.03357691317796707,0.1602238267660141,2.2265336155440596,0.012260134395360084,0
,,,,,,1756197504.5353935,-2.8790317870925097,-1.8269693147086696,-1.389788550987465,2.1501715183258057,0.0010373241966590285,0.00881392415612936,-0.05701392516493797,0.026740912348031998,2.1501717685480366,0.0004824378461625894,0
,,,,,,1756197504.5859044,-2.8577232734429,-1.9306668556275894,-1.3489031300401593,2.0674118995666504,0.07842393964529037,1.969974398612976,0.3120277225971222,0.6045202016830444,2.0688988077668937,0.037915209964299056,0
,,,,,,1756197504.6364558,-2.8274583325847567,-2.027063792279284,-1.2436014346915247,1.9351121187210083,0.09002155810594559,2.1557536125183105,0.03851409628987312,0.6471518874168396,1.9372048918337812,0.046486558767454444,0
,,,,,,1756197504.6777825,-2.7983999840077107,-2.0984172722145256,-1.1930017915593114,1.9500120878219604,0.004075952339917421,-0.07533041387796402,0.43650826811790466,0.0015956575516611338,1.9500163476338446,0.002090215968106748,0
,,,,,,1756197504.7289822,-2.7635588573711867,-2.189794493222331,-1.2200884655419408,1.9134548902511597,-0.07745897024869919,-1.7802038192749023,0.2869250774383545,-0.5515887141227722,1.915022064911542,-0.040459119674934964,0
,,,,,,1756197504.7796574,-2.73460495546951,-2.2804431969683003,-1.243423020872686,1.909590244293213,0.06662499159574509,1.6038769483566284,0.49467912316322327,0.5461177825927734,1.9107521531074998,0.03487553287922825,0
,,,,,,1756197504.8303306,-2.696351319865771,-2.367598694345218,-1.1377418781155417,1.8798502683639526,0.1188148483633995,2.660674810409546,0.42740920186042786,1.1416313648223877,1.8836013377728427,0.06312045948206868,0
,,,,,,1756197504.8821795,-2.6482927814131596,-2.4459118046545996,-1.0064488382110544,1.7428115606307983,0.12059003859758377,2.46982741355896,0.06292122602462769,1.0599522590637207,1.7469785611956794,0.06908270796218695,0
,,,,,,1756197504.93382,-2.5948473507589744,-2.5109697863322444,-0.8858234434381738,1.589521884918213,0.13742199540138245,2.3555431365966797,0.16943424940109253,0.9965415000915527,1.5954512300456087,0.08624048478854456,0
,,,,,,1756197504.9842117,-2.537147923585538,-2.5648074455852568,-0.771957518375171,1.5823475122451782,0.1412888914346695,2.2336249351501465,0.4330526888370514,0.6934624910354614,1.5886428800555972,0.08905451287905394,0
,,,,,,1756197505.0350416,-2.4689440958602957,-2.613800783637985,-0.6322600908875347,1.8082510232925415,0.16805680096149445,3.2099123001098633,0.8527261018753052,1.0274415016174316,1.816043736144021,0.0926726544858164,0
,,,,,,1756197505.0855713,-2.3834585586456396,-2.6582576877444892,-0.45832368651947797,2.0832762718200684,0.13542330265045166,3.7661452293395996,1.0126233100891113,1.0905117988586426,2.0876732252987487,0.06491363452735364,0
,,,,,,1756197505.1362934,-2.288106662220019,-2.692360578765958,-0.2993547327047115,1.930394172668457,0.07230038940906525,2.5619728565216064,0.17646266520023346,0.9067054390907288,1.9317476564450746,0.03743619396520972,0
,,,,,,1756197505.1868393,-2.1964566568578165,-2.7120279522752955,-0.18799776775828406,1.796783685684204,0.08838947117328644,1.8968877792358398,0.17317581176757812,0.5516625642776489,1.798956450766723,0.04915353770776213,0
,,,,,,1756197505.237453,-2.109982949379187,-2.7197644547760915,-0.0846578748049114,1.6666419506072998,0.12243343889713287,2.338412046432495,0.0809611827135086,1.2605253458023071,1.671132950571044,0.07332943360143487,0
,,,,,,1756197505.277991,-2.0445260360080373,-2.7171626945138247,0.018056327057018182,1.6964420080184937,0.16598054766654968,3.0065603256225586,0.7428689002990723,1.1582392454147339,1.7045424690436746,0.09752997072353259,0
,,,,,,1756197505.3291714,-1.9559545098107298,-2.7019682348431,0.1676975329431458,1.9996535778045654,0.13942228257656097,2.8885645866394043,1.1520034074783325,0.6346024870872498,2.004508170126891,0.06961056407259522,0
,,,,,,1756197505.3797808,-1.852397756761192,-2.672964525361734,0.29164533930668646,2.3615469932556152,0.06986379623413086,2.107273817062378,1.1566468477249146,0.3741621673107147,2.3625801894070984,0.029575284908673304,0
,,,,,,1756197505.4304068,-1.7374597347012153,-2.6347114733683257,0.311756066802255,2.4573240280151367,-0.08368901163339615,-2.3224804401397705,0.7595921158790588,-0.7963272929191589,2.458748712115313,-0.034043812233252466,0
,,,,,,1756197505.481184,-1.6190388963959215,-2.6034603135600944,0.24105398997621447,2.4112844467163086,0.009025364182889462,-0.13958141207695007,0.0004909784183837473,-0.000196720429812558,2.411301337488662,0.0037429520385381305,0
,,,,,,1756197505.5321224,-1.5033248030399518,-2.5752145133021753,0.23457692711324338,2.338869333267212,-0.003212651936337352,-0.1338227093219757,-0.0005631068488582969,0.002807130105793476,2.338871539702486,-0.0013735910211608452,0
,,,,,,1756197505.5830007,-1.3893518998829553,-2.547386645568921,0.24685702389309472,2.3880622386932373,0.020811762660741806,0.6056669354438782,0.5312067270278931,0.1290680468082428,2.3881529233567944,0.008714695733096285,0
,,,,,,1756197505.6336439,-1.2742863019774335,-2.5164635889870692,0.2673899347998103,2.344794750213623,0.006726070307195187,0.22976025938987732,-0.15442721545696259,0.06775859743356705,2.3448043970982195,0.0028685034621916037,0
,,,,,,1756197505.6841738,-1.1625992045999831,-2.4869647526653993,0.24383202572867074,2.2570407390594482,-0.04566296935081482,-1.2748829126358032,0.20731477439403534,-0.21521885693073273,2.257502603441235,-0.020228585168116126,0
,,,,,,1756197505.735633,-1.053225204360752,-2.463904493126794,0.1993572882114358,2.207425832748413,-0.020067978650331497,-0.5350567698478699,0.2397834062576294,-0.0684531107544899,2.2075170510897837,-0.009090872054318234,0
,,,,,,1756197505.7862604,-0.9445544914776585,-2.443791030602419,0.17971515006459324,2.2317399978637695,-0.011125431396067142,-0.2772698402404785,0.4113227427005768,-0.02042284421622753,2.231767728346462,-0.004985051685304536,0
,,,,,,1756197505.8368478,-0.8333802908732421,-2.4271427047298917,0.1228165820926017,2.276434898376465,-0.08165141195058823,-2.1707589626312256,0.6436582207679749,-0.5566147565841675,2.2778987685188716,-0.035852737800745535,0
,,,,,,1756197505.8773913,-0.7418763197764845,-2.422848797341824,0.009223421738304904,2.311952590942383,-0.07089193165302277,-3.3038110733032227,0.7270932793617249,-0.8775906562805176,2.313039223346352,-0.030653624183683517,0
,,,,,,1756197505.927994,-0.6239881263301651,-2.4274997472340685,-0.06061539911075566,2.4535813331604004,0.07552214711904526,1.40328848361969,0.7891390323638916,0.2636254131793976,2.4547433578968367,0.030770657147174568,0
,,,,,,1756197505.978508,-0.5013700177706667,-2.427447393259854,0.03519227338888407,2.394780397415161,0.06239039823412895,2.575619697570801,0.35064706206321716,1.0953843593597412,2.3955929774558387,0.0260467675471969,0
,,,,,,1756197506.0294125,-0.38432473371218745,-2.4149006421703985,0.16336408174792158,2.2987730503082275,0.03141086548566818,2.427140235900879,0.3161650002002716,0.6477301120758057,2.2989876422664723,0.013663336966959311,0
,,,,,,1756197506.0801024,-0.27363681515717575,-2.3904937560501414,0.26166899810954697,2.2245585918426514,0.023962002247571945,1.4144883155822754,0.25639739632606506,0.31656932830810547,2.224687642365254,0.010771159570583354,0
,,,,,,1756197506.1307003,-0.16496794544329635,-2.359285458721904,0.27943996145115935,2.368396282196045,-0.028090825304389,-0.6867884397506714,0.7838404774665833,-0.08124209195375443,2.3685628646895416,-0.011860138605601103,0
,,,,,,1756197506.181264,-0.04729388913798503,-2.3288104823577416,0.23940570162607752,2.4937705993652344,-0.02964187227189541,-1.0250704288482666,0.5832335352897644,-0.1365450620651245,2.4939467602276966,-0.011885807141483679,0
,,,,,,1756197506.2320037,0.07644370436810878,-2.3015323912544456,0.21208702265864393,2.613252639770508,0.025617331266403198,0.5816746950149536,0.7205604910850525,0.12273932248353958,2.6133781982194506,0.009802538931805778,0
,,,,,,1756197506.2825723,0.20572295823051168,-2.271603493210019,0.23130739977750348,2.6759049892425537,-0.00907487329095602,-0.138816237449646,0.3773215115070343,0.003919924609363079,2.675920377137264,-0.0033913156622920808,0
,,,,,,1756197506.3332245,0.3353437123725172,-2.241833082291137,0.22304719511065293,2.6190052032470703,-0.003888683160766959,-0.17309319972991943,6.348797683131124e-07,-1.1640064485618495e-06,2.6190080901921537,-0.0014847928894027456,0
,,,,,,1756197506.383758,0.46174858848838035,-2.213795563333131,0.21458175056178663,2.5454163551330566,-0.0035056702326983213,-0.16545109450817108,1.1285620757917059e-06,-5.422658659881563e-07,2.5454187692210164,-0.0013772473839488058,0
,,,,,,1756197506.435537,0.5847933204292887,-2.18759073863564,0.20638120656897097,2.472170829772949,-0.00403003953397274,-0.16204553842544556,1.164485297522333e-06,-7.243568234116537e-07,2.4721741145799006,-0.0016301607945518421,0
,,,,,,1756197506.486007,0.7044732460771234,-2.163152155257755,0.1983405307925181,2.3993136882781982,-0.004584966693073511,-0.15896572172641754,6.937543162166548e-07,2.1818262752049122e-08,2.399318069093531,-0.001910946923893224,0
,,,,,,1756197506.5366955,0.8207841040217851,-2.1404006086309133,0.1904547046261873,2.326880693435669,-0.004998144693672657,-0.15582424402236938,1.0396871630291571e-07,6.268388030861161e-09,2.3268860614422096,-0.002147998829846431,0
,,,,,,1756197506.5773158,0.9103424140068062,-2.1214738288244743,0.2214458382421902,2.22697114944458,0.05448077246546745,1.5209996700286865,-0.09802312403917313,0.3633810877799988,2.22763746041113,0.024459188722285634,0
,,,,,,1756197506.6279752,1.0153961912493021,-2.091833354928756,0.29394398239965075,2.1190025806427,0.05060999467968941,1.3295072317123413,-0.22319403290748596,0.30204740166664124,2.1196068758927686,0.023879336023687865,0
,,,,,,1756197506.6785285,1.1135938745162044,-2.0600100711558285,0.29951344944518676,1.9740536212921143,-0.06649085879325867,-1.598411202430725,0.0798690989613533,-0.4534352719783783,1.975173089640393,-0.03366966857720553,0
,,,,,,1756197506.7292094,1.2057916260236818,-2.0351033450003575,0.27869625670020126,1.8082547187805176,0.06380507349967957,1.4724199771881104,-0.11539019644260406,0.7586323618888855,1.8093800638329995,0.035270812327033545,0
,,,,,,1756197506.7798755,1.2886043587480347,-2.005116211352634,0.3461901640417151,1.7012423276901245,0.0679398849606514,1.1360039710998535,-0.033618438988924026,0.2979469299316406,1.7025983923089378,0.03991424420693169,0
,,,,,,1756197506.8304498,1.3644669916541656,-1.9705762110285334,0.4279124011426043,1.6182003021240234,0.13128162920475006,2.331500768661499,0.3238387405872345,0.9942574501037598,1.6235168874886807,0.08095088034929272,0
,,,,,,1756197506.8813975,1.4345906150025016,-1.926107190761483,0.5553468331743108,1.7631629705429077,0.15535691380500793,2.8141090869903564,0.7770937085151672,0.8166874051094055,1.7699941896403804,0.08788564860498997,0
,,,,,,1756197506.9319806,1.5058604336029862,-1.8658710023038512,0.7145342885556097,2.023134708404541,0.15133868157863617,3.7199814319610596,1.023139476776123,1.1936084032058716,2.028787185708025,0.07466499666721196,0
,,,,,,1756197506.9826267,1.5743216892256087,-1.7884680962332402,0.8958030881446077,2.071671485900879,0.07561953365802765,3.3159568309783936,0.5051295757293701,1.1401931047439575,2.0730511473105078,0.03648550288505075,0
,,,,,,1756197507.0331411,1.6305220742075273,-1.70388520341736,1.035474538953837,1.9775739908218384,0.05316472053527832,2.1696362495422363,0.27282196283340454,0.5796224474906921,1.978288496828662,0.026877334682827027,0
,,,,,,1756197507.0838153,1.6766836035236283,-1.6147611955440107,1.11031260549446,2.0488924980163574,0.05415836349129677,1.2621699571609497,0.5060354471206665,0.2794179618358612,2.049608156883594,0.02642684049488045,0
,,,,,,1756197507.1343586,1.7159886498343504,-1.5160965671093163,1.2279179187903988,2.23600435256958,0.102823406457901,3.31852126121521,0.9412763714790344,0.9967525005340576,2.238367288365722,0.04595296052270692,0
,,,,,,1756197507.1849177,1.7432421278707262,-1.4031359567114485,1.4128178448721351,2.4484951496124268,0.022265909239649773,4.091480731964111,1.072385311126709,1.2135907411575317,2.44859638740031,0.009093461144665261,0
,,,,,,1756197507.2354648,1.7545533647245193,-1.2790826678168936,1.6163842181561168,2.5292389392852783,-0.12990310788154602,3.91223406791687,0.7990209460258484,0.9621127247810364,2.5325726898618734,-0.05131546183232702,0
,,,,,,1756197507.2860994,1.748853110572808,-1.1543570871606554,1.7900922048859564,2.3903160095214844,-0.2342233955860138,2.6572952270507812,0.04369352385401726,0.4770200848579407,2.401764190010034,-0.0976766391446762,0
,,,,,,1756197507.3368604,1.730535674226446,-1.037591048465572,1.8441735416431277,2.3057734966278076,-0.13881374895572662,-0.3041982054710388,0.0,0.0,2.3099481973954243,-0.060130107795188445,0
,,,,,,1756197507.3873644,1.707945730753761,-0.9267433264504799,1.7718842414630627,2.1929593086242676,-0.07420270889997482,-1.8147509098052979,0.09544651210308075,-0.298439085483551,2.194214340325466,-0.03382388770903423,0
,,,,,,1756197507.427881,1.6932901569617769,-0.8410519552517124,1.7428890317396133,2.138129711151123,-0.00756856519728899,-0.15675538778305054,7.944206714682878e-08,4.2194557181574055e-08,2.1381431067368553,-0.0035397915973487152,0
,,,,,,1756197507.4784272,1.6768133477655711,-0.7367229845633494,1.7148187866446045,2.082608461380005,-0.06651575863361359,-1.6447553634643555,0.3528907299041748,-0.35655754804611206,2.0836704032927558,-0.031927823490626846,0
,,,,,,1756197507.5290627,1.6665983009320164,-0.634148026580233,1.671321068404248,2.021674394607544,-0.006538662128150463,-0.10328429937362671,-0.03985783830285072,0.009283235296607018,2.021684968513691,-0.0032342692504566607,0
,,,,,,1756197507.579848,1.6585338594973071,-0.534818827242044,1.6413508912819088,1.9518224000930786,-0.05119875818490982,-1.0927221775054932,0.22740347683429718,-0.19693483412265778,1.9524937885547247,-0.026225244724733178,0
,,,,,,1756197507.6302943,1.6550171802116815,-0.43882478113167706,1.618554265345251,1.8620768785476685,0.05345366895198822,1.337591528892517,0.27067816257476807,0.6310548782348633,1.8628439538367825,0.028698596593718095,0
,,,,,,1756197507.6809661,1.6441037395161742,-0.34757625178262713,1.694326834872776,1.891329050064087,0.036123886704444885,0.4423180818557739,0.6898115277290344,0.0971168503165245,1.8916739969685468,0.019097414593484806,0
,,,,,,1756197507.7315483,1.629468894179611,-0.24999510072239767,1.723118342708581,2.1245651245117188,0.06932905316352844,1.6464433670043945,1.0174444913864136,0.38849639892578125,2.125696000350014,0.032620539428769725,0
,,,,,,1756197507.782241,1.605470272583974,-0.1406992360671392,1.801583248104922,2.397742986679077,-0.03792088106274605,-0.8357836008071899,1.0564345121383667,-0.3313468098640442,2.39804283185044,-0.015813921731616023,0
,,,,,,1756197507.832853,1.5832021670019394,-0.018178524540512823,1.714915186317542,2.5781757831573486,-0.045162420719861984,-2.282994508743286,0.6779346466064453,-0.3545660972595215,2.578571312394576,-0.017515408556582103,0
,,,,,,1756197507.884773,1.5705652012990692,0.11069800520493081,1.6309058062276003,2.563464879989624,0.03402421623468399,-0.17829333245754242,1.199040866595169e-14,0.0,2.563690667422769,0.01327196590210777,0
,,,,,,1756197507.935342,1.5631227658060476,0.23692709657827976,1.6103786784934948,2.4666037559509277,-0.03186254948377609,-1.170188069343567,-0.022228533402085304,-0.20119911432266235,2.466809540870724,-0.012916860824682769,0
,,,,,,1756197507.986006,1.56206829013925,0.35833059478637613,1.5661670081586583,2.3808860778808594,0.0015781583497300744,-0.15896661579608917,0.0001695493992883712,0.00023832195438444614,2.38088660091796,0.0006628448682460406,0
,,,,,,1756197508.026436,1.562872667803131,0.4526717384412179,1.557859078726669,2.3210012912750244,-0.009519120678305626,-0.29139232635498047,0.11667962372303009,-0.024158673360943794,2.3210208115738253,-0.0041012761785239596,0
,,,,,,1756197508.0770957,1.5646520647953386,0.5674421354896594,1.561587496031239,2.264822006225586,0.0334542952477932,0.8965978026390076,0.30318427085876465,0.20061637461185455,2.2650690739476826,0.014770194893497592,0
,,,,,,1756197508.1278064,1.561910503233036,0.6813289848146051,1.6078424373476226,2.3371763229370117,0.032651636749506,0.9360107779502869,0.650027871131897,0.1864582747220993,2.337404392457538,0.013969640374671166,0
,,,,,,1756197508.178399,1.5535424538800955,0.7999073592134073,1.6588463132159608,2.413928270339966,0.03565067797899246,1.1927661895751953,0.49670764803886414,0.2356732040643692,2.4141915137757524,0.014767665951665959,0
,,,,,,1756197508.2292104,1.537828493574765,0.9196514588620509,1.7316692134094074,2.3796839714050293,0.06138274446129799,2.232697010040283,0.38437169790267944,0.8089837431907654,2.380475508187306,0.025788775669331538,0
,,,,,,1756197508.2797158,1.510607422617575,1.0349453961652588,1.8532543818895613,2.4086742401123047,0.04238664358854294,2.551564931869507,0.7249724864959717,0.5388404130935669,2.4090471607121535,0.017595683291995626,0
,,,,,,1756197508.3303366,1.4713607339321695,1.1496891417725896,1.932203632572852,2.398848295211792,-0.08642745018005371,-1.4705508947372437,0.3229765295982361,-0.36823415756225586,2.400404725787955,-0.03601314980273509,0
,,,,,,1756197508.381023,1.4357112162314838,1.2629011343497447,1.866148568258488,2.332321882247925,-0.0021652812138199806,-0.1950044333934784,0.00011742147762561217,0.00022188153525348753,2.332322887349699,-0.0009283798296552384,0
,,,,,,1756197508.4315124,1.4047818102985168,1.3728996485787093,1.8236958232939044,2.2028021812438965,-0.06279580295085907,-1.7864465713500977,0.12470706552267075,-0.3884412348270416,2.203697066876732,-0.028499518102915036,0
,,,,,,1756197508.4821012,1.3851646929103885,1.4791082906565276,1.7224605854267967,2.106794834136963,-0.07807590067386627,-2.286984443664551,0.30743154883384705,-0.5059473514556885,2.108241048697285,-0.03704213922751237,0
,,,,,,1756197508.532778,1.3779685378390103,1.5849725306203164,1.6051426219224323,2.144068479537964,-0.0772978737950325,-2.396481513977051,0.5379636883735657,-0.4549957513809204,2.145461397052268,-0.03603635400530551,0
,,,,,,1756197508.5834296,1.3819219858162666,1.6897376943816453,1.509598649977972,2.029891014099121,-0.05555374175310135,-1.446291446685791,-0.17442762851715088,-0.2705688178539276,2.0306510648910434,-0.027361014803097362,0
,,,,,,1756197508.6340067,1.3909797751118897,1.7924939532593525,1.4943807698087563,2.17498779296875,0.03636075556278229,0.9289456605911255,0.7883955240249634,0.19944407045841217,2.1752917055209333,0.01671612542801222,0
,,,,,,1756197508.6854103,1.3933025914431203,1.9032254636174395,1.5769381059078715,2.276442766189575,0.06982576102018356,2.1288046836853027,0.6671142578125,0.4488465189933777,2.277513403832981,0.030663575651600203,0
,,,,,,1756197508.73612,1.3840601533707138,2.0141669377920373,1.6959010839987385,2.1536481380462646,0.06921373307704926,2.5635151863098145,0.2977859079837799,1.029191017150879,2.15476004310378,0.032126844491064115,0
,,,,,,1756197508.7866955,1.3624954708847214,2.116476592276351,1.8210993822231083,2.021913528442383,0.07232670485973358,2.371997833251953,0.05800294876098633,1.037885308265686,2.0232067291145,0.03575616756092195,0
,,,,,,1756197508.8271587,1.3376207479376427,2.1899127348959495,1.9150859284624349,1.8577665090560913,0.09444818645715714,2.3366312980651855,0.18915309011936188,1.0009450912475586,1.8601658157528598,0.0507959097733011,0
,,,,,,1756197508.8782704,1.2976786771496578,2.2723034197131415,2.038494258294122,1.817109227180481,0.12630462646484375,2.682168960571289,0.45349621772766113,0.9662702083587646,1.8214935635820588,0.06939693068686456,0
,,,,,,1756197508.9290283,1.2465621426244886,2.3481562048190225,2.175319627875542,1.8493486642837524,0.131153866648674,2.7931365966796875,0.533768892288208,0.8793541789054871,1.853993478636049,0.07080041258944743,0
,,,,,,1756197508.979574,1.1838980490934192,2.4211177122721215,2.2824608749752087,2.063819169998169,0.0789751261472702,1.634271502494812,0.8557316064834595,0.3328186273574829,2.0653296678743343,0.0382478332985359,0
,,,,,,1756197509.0302265,1.1074449273930256,2.496368794539762,2.3950515451316376,2.2558772563934326,0.10243862867355347,3.193990468978882,0.9285930395126343,0.9127317070960999,2.2582019104937627,0.04537849060760667,0
,,,,,,1756197509.0809035,1.0154333143980978,2.5672055836403995,2.538206941683633,2.4108469486236572,0.02456267550587654,2.3193044662475586,0.7744249105453491,0.43007692694664,2.410972072570731,0.010188048509455977,0
,,,,,,1756197509.1314611,0.91294869369219,2.629867258683077,2.652673835695182,2.343651056289673,0.022012410685420036,2.285494565963745,0.2872459292411804,0.6867579221725464,2.343754428235152,0.00939208222803639,0
,,,,,,1756197509.1825619,0.8092123303922567,2.677736153672442,2.7662118320959244,2.1909031867980957,0.037103019654750824,2.249497890472412,0.21099330484867096,0.8904899954795837,2.191217334722768,0.016933415176487814,0
,,,,,,1756197509.233197,0.707306373303309,2.710503651242582,2.8732544796196176,2.0799691677093506,0.05644366145133972,1.985846996307373,0.2504398822784424,0.5232399702072144,2.080734876321239,0.027130119676660586,0
,,,,,,1756197509.2849386,0.604375174656533,2.730581483920139,2.9826449776126966,2.1700994968414307,0.08426561206579208,2.5290443897247314,0.7520890235900879,0.5901049971580505,2.1717349100588343,0.038810800512434754,0
,,,,,,1756197509.3353722,0.49275930963194103,2.7383534522597786,3.1195905114310256,2.347792387008667,0.06552212685346603,3.0257012844085693,0.9182100296020508,0.6707716584205627,2.3487065039300368,0.02790073109371419,0
,,,,,,1756197509.3859882,0.3725211219588294,2.7309280879135063,-2.998937204958532,2.499048948287964,0.0034208493307232857,3.560551404953003,0.9454091787338257,0.9157344102859497,2.499051289619587,0.0013688596201489685,0
,,,,,,1756197509.43665,0.2487382246442079,2.705832173445421,-2.819036316386337,2.5645172595977783,-0.09866919368505478,3.6144065856933594,0.8367230296134949,1.0753426551818848,2.566414694580234,-0.03845579498488989,0
,,,,,,1756197509.477409,0.15080641810123394,2.6725973118055806,-2.67483576230697,2.6114161014556885,-0.17813214659690857,3.5808472633361816,0.8684114813804626,0.9693537950515747,2.617484501691127,-0.06810735090950705,0
,,,,,,1756197509.5291536,0.03358227865682156,2.615511185652938,-2.5046290900431445,2.558532238006592,-0.2642732560634613,3.035301923751831,0.5349789261817932,0.7704036235809326,2.5721445462472365,-0.10292595778999582,0
,,,,,,1756197509.5810657,-0.07192372591348412,2.5451012049172412,-2.3644849344081913,2.4724676609039307,-0.26085931062698364,2.4758989810943604,0.518798828125,0.8936519026756287,2.486190643164064,-0.10511676851225502,0
,,,,,,1756197509.6317775,-0.16424017343917793,2.462437920413265,-2.246921008163794,2.4895811080932617,-0.19070792198181152,2.2373204231262207,0.7250086665153503,0.5896114110946655,2.496874767640839,-0.07645310649471301,0
,,,,,,1756197509.6826222,-0.2437645094846507,2.3676424944895227,-2.140469763833036,2.4153196811676025,-0.11465094238519669,1.9590587615966797,0.4347788691520691,0.9976692199707031,2.4180392885198088,-0.04743262258989934,0
,,,,,,1756197509.7333019,-0.30922530631550743,2.2624482078287067,-2.025292167643964,2.571521759033203,-0.04343656823039055,2.779287815093994,1.0093547105789185,0.8030360341072083,2.57188858480317,-0.016889780416202614,0
,,,,,,1756197509.7840254,-0.3622428572941436,2.142717575620383,-1.876910966048556,2.6820220947265625,-0.08331659436225891,3.156367301940918,0.9219765663146973,0.8004276156425476,2.6833158911126325,-0.031054855656570634,0
,,,,,,1756197509.8345973,-0.40091346132147365,2.0118362845019764,-1.7297714430779831,2.8026885986328125,-0.15979638695716858,2.5086889266967773,0.9016484618186951,0.3794688880443573,2.8072403292541455,-0.0569537304359133,0
,,,,,,1756197509.8852816,-0.42444749284167643,1.8735697249068768,-1.6104912042527268,2.762259006500244,-0.15819762647151947,2.280033826828003,0.5604948997497559,0.9901480674743652,2.766785374403468,-0.057208612238441724,0
,,,,,,1756197509.9358978,-0.431602045482495,1.7397672200915155,-1.5104313906367153,2.551475763320923,-0.11605687439441681,1.6568597555160522,0.17048215866088867,0.8904142379760742,2.5541138911388206,-0.0454548442207912,0
,,,,,,1756197509.9869883,-0.4235969798428503,1.6138820617025142,-1.423944064989057,2.495593309402466,-0.040763624012470245,1.8344969749450684,0.4375351071357727,0.6566653847694397,2.4959262086401877,-0.01633278911791685,0
,,,,,,1756197510.0274372,-0.40676351842621566,1.516467639499689,-1.3431954924343725,2.4556093215942383,0.004857935942709446,2.1833009719848633,0.4795064628124237,0.6033074259757996,2.4556141268208527,0.0019782990569956757,0
,,,,,,1756197510.0780642,-0.3730674179011981,1.3978492573556471,-1.2283270983373336,2.5439462661743164,0.012022336013615131,2.4944190979003906,0.9159626364707947,0.5086638927459717,2.5439746739591316,0.004725825648656182,0
,,,,,,1756197510.1286995,-0.3239286258183517,1.278057007078763,-1.113404498568166,2.643903970718384,-0.022798899561166763,1.9510515928268433,0.6906442642211914,0.3544900417327881,2.6440022685696842,-0.008622981293574415,0
,,,,,,1756197510.1792164,-0.26426197459976475,1.1603965944119803,-1.069860315297682,2.599693775177002,-0.0392061322927475,-0.272318959236145,0.0,0.0,2.5999893933444054,-0.01507991469886755,0
,,,,,,1756197510.2298658,-0.20337432444776227,1.0473068081202728,-1.0670666252005039,2.5211689472198486,0.009157313965260983,0.39507776498794556,0.033085525035858154,0.09600046277046204,2.521185577625078,0.0036321539284016055,0
,,,,,,1756197510.2804556,-0.1426978718720398,0.93854006624406,-1.0618906696721602,2.446823835372925,-0.006763601675629616,-0.16774213314056396,1.5953714789670136e-14,0.0,2.4468331834550336,-0.0027642302445393513,0
,,,,,,1756197510.3318105,-0.08373290672767779,0.8336761200741786,-1.0464180668748877,2.317629814147949,0.05892753601074219,1.6855357885360718,-0.09124813228845596,0.6257715225219727,2.318378832272188,0.02542029890971785,0
,,,,,,1756197510.3831606,-0.021760902641831475,0.7388828602692985,-0.9738751483062652,2.2091996669769287,0.013450492173433304,0.5048017501831055,0.06191611289978027,0.11944924294948578,2.209240612588561,0.006088325189038088,0
,,,,,,1756197510.4339082,0.0415062888235157,0.650167683430932,-0.9375092320694437,2.1415929794311523,0.0505167581140995,1.2865715026855469,0.2724734842777252,0.2970653474330902,2.142188701398446,0.023584029428756665,0
,,,,,,1756197510.4844747,0.10829481966299657,0.5674977672671592,-0.8850163289056714,2.137848138809204,-0.027510419487953186,-0.7914273142814636,0.557685375213623,-0.23713721334934235,2.138025137314896,-0.012867565582813493,0
,,,,,,1756197510.5359955,0.17323211987377238,0.4806860362955165,-0.9471437683560785,2.1603200435638428,-0.06761296838521957,-1.7964842319488525,0.10609211027622223,-0.7296908497810364,2.1613778485303174,-0.03128744971535474,0
,,,,,,1756197510.577343,0.2178620636166215,0.4093059427517971,-1.0295331152237357,2.0116121768951416,-0.08645422756671906,-2.321434736251831,0.5594261288642883,-0.8847691416740417,2.01346911664842,-0.04295115052236598,0
,,,,,,1756197510.6280007,0.26069688083607834,0.31838518918655784,-1.1654149024652107,2.0082082748413086,-0.10820047557353973,-3.1060876846313477,1.0214900970458984,-0.726946234703064,2.0111210351581144,-0.05382706486007694,0
,,,,,,1756197510.680163,0.2905325634250434,0.21747533533453461,-1.338673378835584,2.240708827972412,-0.08000205457210541,-3.8464252948760986,0.8504942655563354,-0.7581899166107178,2.2421365659765815,-0.03568874493789607,0
,,,,,,1756197510.7308955,0.30600833940752825,0.10418128080416217,-1.5324899253813808,2.352653980255127,0.016542142257094383,-3.8964338302612305,0.8504942655563354,-0.7581899166107178,2.352712135659768,0.007031152815695304,0
,,,,,,1756197510.7814252,0.30428694646221305,-0.01413308892777651,-1.7225639515080968,2.3386330604553223,0.11803019791841507,-3.4484636783599854,0.493608295917511,-0.7838808298110962,2.341609642761852,0.050426951327455234,0
,,,,,,1756197510.8319745,0.2869161148786707,-0.12813275478457337,-1.8564004811183499,2.245279312133789,0.15871267020702362,-0.9350444674491882,0.021994836628437042,-0.05375118553638458,2.2508818052443855,0.07056988990965085,0
,,,,,,1756197510.882883,0.25902133810790223,-0.235164463028251,-1.8799427500964705,2.1599490642547607,0.013858631253242493,-0.31453457474708557,-0.022477900609374046,-0.060701388865709305,2.159993523563261,0.006416096246241612,0
,,,,,,1756197510.9335144,0.22553703274581516,-0.33604355823387877,-1.905121279643899,2.063279867172241,-0.049389518797397614,-1.2461191415786743,0.028945907950401306,-0.27334317564964294,2.063870910412117,-0.02393281176022178,0
,,,,,,1756197510.9846144,0.18717608340465,-0.4294066613805192,-1.9741540481835913,1.981991171836853,-0.013677510432898998,-0.03902217373251915,0.49119433760643005,0.3573371171951294,1.982038364797933,-0.006900784178621147,0
,,,,,,1756197511.0356596,0.15067392029287938,-0.5224229623359283,-1.9260362903410955,2.039616823196411,0.04092090204358101,0.8364523649215698,0.5429520606994629,0.15207019448280334,2.0400272806239332,0.020060342872861892,0
,,,,,,1756197511.0863335,0.11761603389315767,-0.6210886552299392,-1.8899945370106492,2.141059637069702,0.03126263990998268,0.69183349609375,0.5429520606994629,0.15207019448280334,2.1412878653145135,0.014600442644244588,0
,,,,,,1756197511.136987,0.09016316919248668,-0.7231469128466416,-1.8073754584665775,2.088197708129883,0.08800878375768661,2.28049373626709,0.382306307554245,0.7590013742446899,2.0900514860302852,0.042120882414827546,0
,,,,,,1756197511.177417,0.076941542095392,-0.8041557825967028,-1.7185122505324968,2.006525754928589,0.07949396222829819,2.0510575771331787,0.25124773383140564,0.5257172584533691,2.0080998220264097,0.03959700536619926,0
,,,,,,1756197511.2280822,0.07056393172468466,-0.9024722380338069,-1.6163494028753418,1.9114124774932861,0.09265326708555222,2.08673357963562,0.24134410917758942,0.5870071649551392,1.9136567840181398,0.04843580396640661,0
,,,,,,1756197511.2787247,0.07444569638768089,-0.9960772886749524,-1.5272833425928567,1.804147481918335,0.003328045131638646,-0.3558616042137146,-0.08410303294658661,-0.3086359202861786,1.8041505514775276,0.001844661475920539,0
,,,,,,1756197511.3293102,0.07486232808140525,-1.0838547523149566,-1.5776259676073792,1.721309781074524,-0.09320813417434692,-1.799068808555603,0.5490342378616333,-0.4826261103153229,1.7238315227130199,-0.05409670842110003,0
,,,,,,1756197511.3799489,0.0652263857536956,-1.1709543356072079,-1.6821742246729419,1.7949639558792114,-0.12274453043937683,-2.2902631759643555,0.6997923851013184,-0.4826261103153229,1.799155863914611,-0.06827643484117436,0
,,,,,,1756197511.432206,0.043259599940158,-1.2601853507385092,-1.8257860535687453,1.8950945138931274,-0.14787667989730835,-3.3646771907806396,0.6997923851013184,-0.8249566555023193,1.9008552625187645,-0.07787349705020186,0
,,,,,,1756197511.4852808,0.006012458039601893,-1.3495367776266287,-1.9980098178751722,1.9768744707107544,-0.11472643911838531,-3.3916285037994385,0.610459566116333,-0.7475213408470154,1.9802007041663,-0.0579692347076406,0
,,,,,,1756197511.535894,-0.04561575273919892,-1.4345775491308372,-2.163103158837894,1.9494401216506958,-0.08310475200414658,-3.020472526550293,0.2750932276248932,-0.9342586994171143,1.95121069792761,-0.04260426529762921,0
,,,,,,1756197511.5864887,-0.10619798951100269,-1.507288546208092,-2.3043166602230056,1.8422869443893433,-0.1074049323797226,-2.8762028217315674,0.6706844568252563,-1.3404872417449951,1.845415130794943,-0.058233868132317325,0
,,,,,,1756197511.6370475,-0.17672202389218217,-1.567818803530017,-2.464815197423651,1.8593316078186035,-0.1292315572500229,-3.461146116256714,0.46627166867256165,-1.4895998239517212,1.8638172719509225,-0.06939270995978869,0
,,,,,,1756197511.6776292,-0.23926921658735928,-1.606816221122468,-2.601078279661609,1.8072679042816162,-0.12284477800130844,-3.321619749069214,0.46627166867256165,-1.4895998239517212,1.8114381351094095,-0.0678682490966976,0
,,,,,,1756197511.7286594,-0.3203761365996495,-1.6417582710303809,-2.7586896633599456,1.6843700408935547,-0.129135861992836,-2.8795077800750732,0.29224783182144165,-1.2325798273086548,1.6893130276868131,-0.07651747156105661,0
,,,,,,1756197511.7792647,-0.399988212448735,-1.6619515568465573,-2.8879829807371267,1.575619101524353,-0.13632407784461975,-2.273750066757202,0.2265477180480957,-0.6074798703193665,1.5815055508244653,-0.08630602983840092,0
,,,,,,1756197511.8298,-0.4779418092127312,-1.6716621948008383,-2.988766728410351,1.6411951780319214,-0.04391975700855255,-0.12736208736896515,0.6440322399139404,0.1255861073732376,1.6417827375907326,-0.02675445177518839,0
,,,,,,1756197511.8805888,-0.5621516559478603,-1.6850761901448812,-2.9683815899599435,1.7307710647583008,0.07233729958534241,1.5310622453689575,0.3462938070297241,0.5893363356590271,1.732282068115895,0.041770529529190636,0
,,,,,,1756197511.9321709,-0.6449053922781767,-1.7068337129844797,-2.890941193154888,1.635704755783081,0.014176730997860432,-0.256347119808197,0.0779949426651001,-0.6909044981002808,1.6357661898306781,0.008666830605703458,0
,,,,,,1756197511.982822,-0.7214559628105264,-1.7228082471586579,-2.946334701944926,1.5087507963180542,-0.12889216840267181,-2.293653964996338,0.6610832810401917,-1.0790927410125732,1.5142463988617918,-0.08522280336276497,0
,,,,,,1756197512.0339882,-0.7989285799881637,-1.7255705820187643,-3.0904969381904466,1.6001310348510742,-0.17728786170482635,-2.9649195671081543,0.5440277457237244,-0.6948150992393494,1.6099224560833478,-0.1103457838117759,0
,,,,,,1756197512.084698,-0.8802981571941622,-1.7164238774700586,3.0493306688155726,1.7378419637680054,-0.16906727850437164,-2.9433746337890625,1.127516508102417,-0.5972139239311218,1.7460465159021141,-0.09698057155181262,0
,,,,,,1756197512.1353157,-0.972176994486083,-1.6938097487928157,2.891952721279155,2.074650764465332,-0.1423310488462448,-3.4755754470825195,0.9455066919326782,-0.6896898746490479,2.079527331381403,-0.06849749378982392,0
,,,,,,1756197512.185938,-1.072602296704261,-1.6541341965168785,2.7104130360776035,2.2393076419830322,-0.06992727518081665,-3.776340961456299,0.6632660627365112,-1.1122275590896606,2.240399191942771,-0.031217041195752054,0
,,,,,,1756197512.2365334,-1.1691997194227257,-1.5985831506154569,2.5249981433870214,2.1477138996124268,0.021212933585047722,-3.4586122035980225,0.20754815638065338,-1.4438942670822144,2.1478186569493483,0.009876661794418824,0
,,,,,,1756197512.2872078,-1.2502436155445775,-1.5354833718948622,2.392337576871185,1.9169495105743408,0.0148650873452425,-1.9900976419448853,0.18402564525604248,-1.4869351387023926,1.9170071457647169,0.007754397970703588,0
,,,,,,1756197512.3277104,-1.302170155237932,-1.4829392518975102,2.3185707670557445,1.758108139038086,-0.07625754177570343,-1.9490962028503418,0.3472663462162018,-0.8609266877174377,1.7597611886928393,-0.04334760250903383,0
,,,,,,1756197512.378276,-1.3538658127377818,-1.4140312984957428,2.2046425527196636,1.6702533960342407,-0.13929127156734467,-2.6442415714263916,0.5754459500312805,-0.43615180253982544,1.6760514506717155,-0.08320276406276343,0
,,,,,,1756197512.42895,-1.3960370991825033,-1.3390795335856733,2.0926957704993714,1.7804689407348633,-0.06385880708694458,-0.626319944858551,0.5364766120910645,0.22082678973674774,1.7816137617800594,-0.035850917861703066,0
,,,,,,1756197512.4794216,-1.4414184604443685,-1.2601923558929866,2.1112328268983407,1.8938610553741455,0.05964908003807068,1.299274206161499,0.7075709104537964,0.3490322232246399,1.8948001767501133,0.03148560854340042,0
,,,,,,1756197512.5301328,-1.4972836623934362,-1.1795693734740018,2.186705120267376,2.049273729324341,0.08352334052324295,1.8462567329406738,0.6400518417358398,0.4423269033432007,2.0509751256685322,0.04073498643377942,0
,,,,,,1756197512.5808232,-1.5637013948166647,-1.099018843748809,2.270624853872313,2.0958893299102783,-0.010414852760732174,-0.38001441955566406,0.2802470922470093,-0.17686797678470612,2.095915206393089,-0.00496913977735644,0
,,,,,,1756197512.6313474,-1.628049871509811,-1.0174259039003817,2.2221124234939142,2.0544240474700928,-0.0847882404923439,-2.0773422718048096,0.5006120800971985,-0.7802988886833191,2.0561729529757917,-0.04124764301078994,0
,,,,,,1756197512.6819644,-1.682280319569518,-0.92986207233259,2.0900603239478595,2.106637716293335,-0.11411239206790924,-3.4172677993774414,0.8120695948600769,-0.9560824036598206,2.1097260736249757,-0.05411513271292109,0
,,,,,,1756197512.7325606,-1.7243555393624261,-0.8314200493148841,1.911284026698853,2.1712958812713623,-0.05408318713307381,-3.500065326690674,0.6267756819725037,-0.7312164902687073,2.1719693356851177,-0.0249031037079302,0
,,,,,,1756197512.7831404,-1.7518420739821232,-0.7264821599701363,1.7429007273692052,2.142357110977173,-0.011330263689160347,-3.1119585037231445,0.46111759543418884,-0.8305506110191345,2.1423870718966085,-0.0052886411869058824,0
,,,,,,1756197512.833798,-1.7631783247239337,-0.6223154749592396,1.5990422174558405,1.985429286956787,-0.01384790800511837,-2.3739473819732666,0.17723150551319122,-1.031631350517273,1.9854775793400072,-0.006974654573603469,0
,,,,,,1756197512.884271,-1.7595282334056626,-0.5263919799877413,1.4853352386048484,1.8784010410308838,-0.08886224031448364,-2.513056516647339,0.4903589189052582,-0.873382568359375,1.8805017864122375,-0.04727214069483138,0
,,,,,,1756197512.9350085,-1.7412422880286822,-0.4344602218486639,1.345601375150549,1.8819148540496826,-0.13114450871944427,-3.267019033432007,0.6330799460411072,-1.1851123571395874,1.8864788363668705,-0.0695742610534478,0
,,,,,,1756197512.9855506,-1.7089971658623302,-0.3432033366542587,1.222624651381048,2.1019508838653564,-0.009066061116755009,-0.12679177522659302,0.9705327153205872,0.019306816160678864,2.1019704354834596,-0.004313138316951769,0
,,,,,,1756197513.03728,-1.6717992895469562,-0.23904783474601218,1.2406564814953602,2.2999863624572754,0.04617709293961525,1.2507975101470947,0.8117567896842957,0.3069051504135132,2.300449867178549,0.02007441899494375,0
,,,,,,1756197513.0777864,-1.64562406300598,-0.14845657298382042,1.3128192763578868,2.3502745628356934,0.06724230200052261,2.3928847312927246,0.4661827087402344,0.7088937163352966,2.351236280744842,0.02860260026280566,0
,,,,,,1756197513.1286309,-1.624288496118659,-0.03395180857040261,1.436885363929547,2.2794957160949707,0.04106304049491882,2.381112575531006,0.2885890603065491,0.608741283416748,2.2798655427436967,0.01801214159593237,0
,,,,,,1756197513.1790957,-1.6166762494572047,0.07797669297335702,1.555696520931974,2.20457124710083,0.053953010588884354,2.5562658309936523,0.4469422698020935,1.0257622003555298,2.2052313508780235,0.024468360002440178,0
,,,,,,1756197513.2297287,-1.6238127529355018,0.18804359536680879,1.6934067275555384,2.2707128524780273,0.0647801011800766,3.216907262802124,0.8912795782089233,1.0518279075622559,2.2716367050912436,0.02852079484216798,0
,,,,,,1756197513.2804165,-1.6459724098881936,0.3023108709987727,1.810786761913764,2.414771795272827,-0.07280559092760086,-0.5725533366203308,0.6937142610549927,-0.08180618286132812,2.4158690935800866,-0.03014096086445422,0
,,,,,,1756197513.3310552,-1.6700988415045988,0.42161922113677064,1.7562515557074947,2.3649826049804688,-0.07002855092287064,-2.134448528289795,0.22036442160606384,-0.7759760618209839,2.3660191714786594,-0.029601949213064013,0
,,,,,,1756197513.3815494,-1.6829871682711737,0.5358816187561029,1.6392131187090013,2.2332446575164795,-0.055108215659856796,-2.3760488033294678,0.33577966690063477,-0.471049964427948,2.233924487479179,-0.02467129343166852,0
,,,,,,1756197513.432105,-1.6825548149609804,0.6457500075398185,1.5197913764468376,2.129053831100464,-0.0655030608177185,-2.564955234527588,0.4049339294433594,-1.2774907350540161,2.1300612354343365,-0.030756575518135095,0
,,,,,,1756197513.482824,-1.6685605381209265,0.7484060675124141,1.3903729936135496,1.9669163227081299,-0.07287158071994781,-2.4487617015838623,-0.03353020176291466,-0.7958908677101135,1.9682657563988397,-0.03703170596840134,0
,,,,,,1756197513.533416,-1.6431484135676784,0.8395202475774893,1.2711231516724817,1.7780969142913818,-0.1037418395280838,-2.358017683029175,0.14308319985866547,-0.8541042804718018,1.7811207162573808,-0.05827824349803545,0
,,,,,,1756197513.5843444,-1.609859788143074,0.9191453566733258,1.1848209385769566,1.6872150897979736,-0.039036691188812256,-0.5113915801048279,0.23096361756324768,-0.07434124499559402,1.6876666206632622,-0.023132633229940934,0
,,,,,,1756197513.6351125,-1.5775272032183552,0.9953931911621222,1.1851040249583364,1.5721421241760254,0.06609325855970383,1.369796872138977,0.137747123837471,0.7587979435920715,1.57353079964637,0.04201551590717536,0
,,,,,,1756197513.6857357,-1.555353087568732,1.0726065459701979,1.2909010180452447,1.7326321601867676,0.16035787761211395,2.968733310699463,0.8842732310295105,0.9724041223526001,1.7400370258778193,0.09228868985766675,0
,,,,,,1756197513.7362783,-1.5425958296167823,1.1637536672240232,1.4327486587623122,1.9865245819091797,0.12884292006492615,2.726459264755249,0.8937183022499084,0.6304928064346313,1.9906984735464834,0.06476774135223115,0
,,,,,,1756197513.7868795,-1.5403223898032794,1.267984222600381,1.5817290067701453,2.2379603385925293,0.11238745599985123,3.6407926082611084,1.0988625288009644,1.064263939857483,2.2407805375313545,0.05017654667952869,0
,,,,,,1756197513.827413,-1.55008464295451,1.3599531711205737,1.7353613593058053,2.3724846839904785,0.025680117309093475,3.8714070320129395,0.5367246270179749,1.0827006101608276,2.3726236625715442,0.010823721915112225,0
,,,,,,1756197513.8779652,-1.5770557634978573,1.4749642873533533,1.9165646765027569,2.3577239513397217,-0.06898100674152374,3.343783378601074,0.7322263121604919,0.8764872550964355,2.3587328398977414,-0.02924911300686999,0
,,,,,,1756197513.9285803,-1.6204138703374247,1.5851340351318308,2.0755259934270245,2.3269991874694824,-0.12080301344394684,2.4149796962738037,0.006263699382543564,0.37154221534729004,2.330132740111767,-0.051867085639868485,0
,,,,,,1756197513.979114,-1.6751394467468057,1.685097424158697,2.1655673154541044,2.2668936252593994,-0.07336796820163727,0.5333839058876038,0.4872017204761505,0.10398715734481812,2.2680805909402206,-0.03235368701041636,0
,,,,,,1756197514.0296946,-1.737616117447743,1.7808716797636202,2.1587066328554765,2.2854795455932617,-0.05423213914036751,-1.2424336671829224,0.31126314401626587,-0.19514654576778412,2.2861228922000065,-0.023724545658878292,0
,,,,,,1756197514.0825725,-1.7961753464423533,1.8782278451550742,2.09587160732635,2.251722574234009,-0.04359394311904907,-1.241391658782959,0.31126314401626587,-0.19514654576778412,2.252144529818568,-0.019357845508066258,0
,,,,,,1756197514.133226,-1.850134486350584,1.97784481583859,2.064497880483305,2.308256149291992,-0.002386876381933689,-0.0841393917798996,0.4899452328681946,0.013084295205771923,2.3082573833788897,-0.0010340600768762884,0
,,,,,,1756197514.1764333,-1.8941220954234774,2.06005103340724,2.0611648996011698,2.3680169582366943,-0.0028141248039901257,-0.08438648283481598,-0.028797708451747894,0.3069511651992798,2.368018630373287,-0.0011883882289933792,1
,,,,,,1756197514.2276914,-1.9502648701956278,2.162026488339441,2.090122568604771,2.261589288711548,0.04760446399450302,1.3600212335586548,-0.028797708451747894,0.3069511651992798,2.2620902492621746,0.021046011965777302,1
,,,,,,1756197514.2790298,-1.9977229498794937,2.2375143829442248,2.1452332532798972,2.1747894287109375,0.04885362461209297,1.3703584671020508,0.18976464867591858,0.3069511651992798,2.1753380739256567,0.0224598340645441,1
,,,,,,1756197514.3296385,-2.0605077815183304,2.3229248004461676,2.2304239156231485,2.0263049602508545,0.0850013792514801,2.216262102127075,0.18976464867591858,0.8535267114639282,2.0280870362023102,0.041924376683082576,1
,,,,,,1756197514.380199,-2.1275703273690505,2.3948177161006368,2.345390240624564,1.875909686088562,0.1002383753657341,2.3461759090423584,0.18976464867591858,0.8535267114639282,1.8785858730057696,0.053383772859434804,1
,,,,,,1756197514.4308317,-2.200333431392447,2.454436511255813,2.474485797681119,1.8850597143173218,0.1234641745686531,2.814281463623047,0.5009667873382568,0.9862316250801086,1.8890986022291216,0.06540274733924235,1
,,,,,,1756197514.481503,-2.2812358655599803,2.503493067754723,2.6172904687954333,1.8967876434326172,0.12180348485708237,2.888143301010132,0.5009667873382568,0.9862316250801086,1.9006944660312954,0.06412761768224035,1
,,,,,,1756197514.532155,-2.37257351886945,2.54181952880287,2.7794798302090573,2.095958948135376,0.1163293793797493,3.6383414268493652,0.9084888100624084,1.2128998041152954,2.0991847076366645,0.055444860248663824,1
,,,,,,1756197514.5844738,-2.4775387625365055,2.568133302919239,2.964701353343795,2.2462573051452637,0.03439981862902641,3.427431583404541,0.736997127532959,0.6990902423858643,2.246520693971051,0.015313085325103474,1
,,,,,,1756197514.6351795,-2.5910185727714787,2.5800907738195025,3.1267621312636407,2.316680431365967,-0.015814894810318947,2.992652654647827,0.531762957572937,0.7453981637954712,2.3167344111856814,-0.006826426699544133,0
,,,,,,1756197514.6857872,-2.7063739634315778,2.576215783585525,-3.014637440576346,2.29988956451416,-0.02308501861989498,2.6495072841644287,0.35620683431625366,0.8604176640510559,2.3000054189166192,-0.010037109497990554,0
,,,,,,1756197514.7365212,-2.8176017972673058,2.557065521188095,-2.889775781871482,2.1989195346832275,0.0017311018891632557,2.3337786197662354,0.35620683431625366,0.8604176640510559,2.1989202160890815,0.0007872509676838601,0
,,,,,,1756197514.7871614,-2.9234953488233058,2.5230692205771215,-2.763396137959559,2.267016649246216,0.03596081957221031,2.706786870956421,0.7024064660072327,0.8048678040504456,2.2673018476823605,0.01586128794148939,0
,,,,,,1756197514.827661,-3.0075278649580963,2.4837324073693523,-2.645489542744896,2.406412124633789,0.026094984263181686,3.1711182594299316,0.9441752433776855,0.7532508373260498,2.4065536066724555,0.01084351313857358,0
,,,,,,1756197514.8783512,-3.110927887992344,2.4188293132342342,-2.48727119671273,2.4305405616760254,-0.041274700313806534,2.8915305137634277,0.4334748685359955,0.7291610836982727,2.4308909936149754,-0.016980063644769002,0
,,,,,,1756197514.9289758,-3.203634171972859,2.3424198563166665,-2.3525572079526307,2.3716986179351807,-0.048590660095214844,2.4315085411071777,0.4649677276611328,0.6277273893356323,2.372196321252551,-0.020484838529071445,0
,,,,,,1756197514.9795082,-3.2839803919432313,2.2560643967499905,-2.234864063962345,2.3817639350891113,-0.008814738132059574,2.4686954021453857,0.7695652842521667,0.7089053988456726,2.3817802463912376,-0.003700911646930404,0
,,,,,,1756197515.0301948,-3.3534414465415434,2.1575757850771415,-2.1053375901735234,2.4292407035827637,-0.01106198225170374,2.5157837867736816,0.5099959969520569,0.5518528819084167,2.429265889810051,-0.0045536474734466145,0
,,,,,,1756197515.0807867,-3.410590057547536,2.0504073072406332,-1.9834379510769604,2.472639560699463,-0.0007180148968473077,2.5958974361419678,0.8648477792739868,0.6750521063804626,2.4726396649494693,-0.00029038396379232407,0
,,,,,,1756197515.1312482,-3.4549633431243976,1.9328165116192886,-1.845710863955477,2.542647361755371,-0.024959350004792213,2.874136447906494,0.6278434991836548,0.8421597480773926,2.542769862845281,-0.009815969267648016,0
,,,,,,1756197515.1819925,-3.48430664373591,1.8095542026308398,-1.703225269043174,2.485717296600342,-0.06412628293037415,2.6601078510284424,0.3455280363559723,1.0335506200790405,2.4865443206950038,-0.025792177845019353,0
,,,,,,1756197515.232644,-3.4972393162722533,1.6875161495158497,-1.5735301102305024,2.4679408073425293,-0.04543624073266983,2.7854244709014893,0.8152872323989868,1.181206226348877,2.46835902585471,-0.018408508059536238,0
,,,,,,1756197515.283058,-3.493395889471567,1.564422492747846,-1.4390830623681414,2.4355454444885254,-0.059838153421878815,2.37506365776062,0.43037644028663635,0.566686749458313,2.436280406023442,-0.024563745288762165,0
,,,,,,1756197515.3337173,-3.4744650727300685,1.445772559724261,-1.3244133489509324,2.3503992557525635,-0.0227053239941597,2.2701609134674072,0.4206655025482178,1.002436876296997,2.350508922165556,-0.00965989828980134,0
,,,,,,1756197515.3842134,-3.441758787254081,1.3352590174375318,-1.2118979027386743,2.234523296356201,0.013864535838365555,2.21327805519104,0.30263328552246094,0.8323791027069092,2.2345663085513032,0.006204615519112848,0
,,,,,,1756197515.4348698,-3.3976224093970555,1.2350560125982006,-1.10304653516986,2.1299257278442383,0.04627828672528267,2.126798629760742,0.28242960572242737,0.6176258325576782,2.130428427794521,0.021724234635606188,0
,,,,,,1756197515.4854727,-3.3473133007361295,1.1401911695649742,-1.0800716641913408,2.17305064201355,-0.012084320187568665,-0.22258897125720978,0.4051678776741028,-0.009590137749910355,2.173084242165935,-0.0055609360354821336,0
,,,,,,1756197515.536181,-3.2911817990296313,1.0433776057778956,-1.0144603575048294,2.3374876976013184,0.07783743739128113,2.482715129852295,0.8556861281394958,0.5612214803695679,2.3387833168331675,0.03328731364574104,0
,,,,,,1756197515.5766516,-3.2403415526915196,0.9651378986854672,-0.9997183809075385,2.324489116668701,-0.069282166659832,-1.744123101234436,0.4619534909725189,-0.39545106887817383,2.325521376407518,-0.029796509395801012,0
,,,,,,1756197515.627705,-3.1834465748475353,0.8629084252150774,-1.0915653249555306,2.3755085468292236,-0.04687061160802841,-1.7619613409042358,-0.015183301642537117,-0.8035016655921936,2.3759708984520835,-0.019728209690868085,0
,,,,,,1756197515.6782825,-3.136933505718074,0.7580923468918022,-1.1942987028465724,2.173307418823242,-0.06036880239844322,-2.292924642562866,0.2225455492734909,-0.7668243050575256,2.1741457009628324,-0.027770246648347447,0
,,,,,,1756197515.7288065,-3.105894013082335,0.657410244392787,-1.3124518438675516,2.027080774307251,-0.0810030847787857,-2.5399904251098633,0.44147035479545593,-0.960005521774292,2.028698589073735,-0.03993921247987108,0
,,,,,,1756197515.7794907,-3.089910099821535,0.5587384517332076,-1.4484678885644253,1.9926058053970337,-0.0983312651515007,-2.8646388053894043,0.6830549240112305,-0.5826895236968994,1.9950305595173867,-0.04930807763008541,0
,,,,,,1756197515.8300018,-3.0875012104964177,0.4567223411972763,-1.5745915891163471,2.158263683319092,0.015292753465473652,0.1779242902994156,0.8930996060371399,0.1855030655860901,2.1583178623739943,0.007085555698348556,0
,,,,,,1756197515.8807938,-3.084809384589604,0.34430914644974736,-1.5309678171806496,2.3182311058044434,0.07505599409341812,2.117032527923584,0.6451650261878967,0.866744339466095,2.319445809276139,0.032365101576361674,0
,,,,,,1756197515.931335,-3.071474326526843,0.22864193992831605,-1.4179585538091328,2.312514305114746,-0.023381300270557404,0.24722135066986084,1.9555438484530896e-05,3.4017230063909665e-05,2.312632503568753,-0.010110425491896039,0
,,,,,,1756197515.982083,-3.05462523179564,0.11564142909491212,-1.4129218533807077,2.2538061141967773,0.04749554768204689,1.3325495719909668,0.41556835174560547,0.513925313949585,2.254306506986216,0.02107036557504057,0
,,,,,,1756197516.0327616,-3.0303276878815453,0.006175776056412528,-1.321482177477274,2.239253044128418,0.048590414226055145,1.6615869998931885,0.4398955702781677,0.2854021489620209,2.239780173140446,0.021695980285104177,0
,,,,,,1756197516.083345,-2.9971504867111936,-0.10123836614439644,-1.2485409622793238,2.2468748092651367,-0.007537767756730318,-0.010835419408977032,0.3636866807937622,-0.3499232530593872,2.2468874530009284,-0.00335476611683139,0
,,,,,,1756197516.1345925,-2.9650409654512653,-0.20787624684993483,-1.2907572252532755,2.191584587097168,0.028864888474345207,0.7408867478370667,0.33726826310157776,0.49686384201049805,2.1917746654682597,0.01317002307740152,0
,,,,,,1756197516.1850898,-2.930298653769275,-0.31100076251728637,-1.2316041213674362,2.2248315811157227,-0.021424265578389168,-0.5638676285743713,0.7591071724891663,-0.17398549616336823,2.2249347324102473,-0.009629314675803939,0
,,,,,,1756197516.2357879,-2.895931712118991,-0.42068300331935676,-1.287730069671373,2.447406768798828,-0.06685706973075867,-2.0481419563293457,1.1429780721664429,-0.33840951323509216,2.4483197829808314,-0.027310722273483926,0
,,,,,,1756197516.2864032,-2.868541027746837,-0.5454146827159567,-1.405428967800225,2.6667540073394775,-0.03627556189894676,-2.94447660446167,0.9493368864059448,-0.6081560850143433,2.667000722169427,-0.013602051253136065,0
,,,,,,1756197516.3370104,-2.8545081801994514,-0.6797346767993836,-1.5605976043130654,2.723069429397583,0.06632586568593979,-3.078535556793213,0.6501948833465576,-0.48205551505088806,2.7238770599604285,0.02435220834786078,0
,,,,,,1756197516.3775327,-2.8545562106189273,-0.7882249348986304,-1.6752972866780813,2.6235437393188477,0.12721851468086243,-2.4260387420654297,-0.020813284441828728,-1.0151746273040771,2.626626410930326,0.048453143707353756,0
,,,,,,1756197516.4281182,-2.866932623668666,-0.9142165056357312,-1.7690993546578544,2.440552234649658,0.11638087779283524,-0.39807337522506714,4.5055693931317364e-07,-1.0251546882500406e-06,2.4433255449835722,0.04765019174614145,0
,,,,,,1756197516.4787576,-2.8878825615717045,-1.0329597127023213,-1.774216689914692,2.359584331512451,-0.013060186058282852,-0.7367933988571167,0.2532746195793152,-0.362820029258728,2.359620474987225,-0.005534895497070808,0
,,,,,,1756197516.5292919,-2.915494709187784,-1.145986736226149,-1.8319176787898166,2.3396308422088623,0.0071602617390453815,-0.04462011903524399,0.5424290299415588,0.04574787616729736,2.339641798900661,0.003060414170986168,0
,,,,,,1756197516.5799494,-2.9453420015236476,-1.2608249450619144,-1.8185146747409626,2.3854146003723145,0.06026146188378334,1.6731750965118408,0.5299042463302612,0.8235982060432434,2.386175655616698,0.025257096738379073,0
,,,,,,1756197516.6306221,-2.966482893121904,-1.377804464368349,-1.704726011260091,2.347433567047119,0.05195055156946182,2.5815589427948,0.23745043575763702,0.6090672612190247,2.3480083499655473,0.022127174752214263,0
,,,,,,1756197516.681192,-2.9741911636874874,-1.492447345370813,-1.5839640412178777,2.2523367404937744,0.03625515475869179,2.237595558166504,0.5034176111221313,0.517565906047821,2.2526285154957746,0.016095294863029637,0
,,,,,,1756197516.7317939,-2.9686455335957436,-1.6047549917459754,-1.4731091699437475,2.191441535949707,0.047485221177339554,2.2088987827301025,0.15017183125019073,0.7486187219619751,2.1919559420106673,0.021665096095628108,0
,,,,,,1756197516.7834125,-2.950954081458889,-1.7095651814346544,-1.362262025683807,2.0433566570281982,0.07349307835102081,2.3600518703460693,0.3049145042896271,1.1440284252166748,2.044677886706599,0.03595134120510912,0
,,,,,,1756197516.8340724,-2.921683480030491,-1.804959418075101,-1.2399314959790186,1.9060356616973877,0.09185218065977097,2.4310927391052246,-0.014818099327385426,1.0461896657943726,1.908247564325487,0.048152917006036126,0
,,,,,,1756197516.8846827,-2.883125199856557,-1.888434903125293,-1.1202814736184412,1.7340445518493652,0.11614388227462769,2.391559600830078,-0.0646306499838829,1.3265488147735596,1.7379297768288249,0.06687871379469047,0
,,,,,,1756197516.9353168,-2.8377687222563566,-1.9587092950351446,-1.0007390646865706,1.5954294204711914,0.13572008907794952,2.2881863117218018,0.24323514103889465,0.8024721145629883,1.6011917368898605,0.08486374805174525,0
,,,,,,1756197516.9860415,-2.7866807148718475,-2.018830511257018,-0.8865888696394896,1.6408385038375854,0.15021663904190063,2.4395127296447754,0.8291040658950806,0.686781644821167,1.6477002258666507,0.09129422122200717,0
,,,,,,1756197517.0366008,-2.7229461611204884,-2.078130455614177,-0.7585691649670961,1.8675589561462402,0.1486702710390091,2.8692944049835205,0.828625500202179,0.8400943279266357,1.8734671879093177,0.07943920947027776,0
,,,,,,1756197517.0873191,-2.644153540364838,-2.1352609169226797,-0.6118757218853409,2.01025652885437,0.1107582077383995,2.621006727218628,0.6362248063087463,0.5158674716949463,2.0133054145814646,0.05504090457149415,0
,,,,,,1756197517.1278772,-2.572861116415292,-2.177082150507421,-0.5178223685730683,2.084634780883789,0.08844126015901566,2.362516164779663,0.36188700795173645,0.6585298180580139,2.086510011039707,0.042399875607762885,0
,,,,,,1756197517.1784952,-2.4789644241419864,-2.2199386820771188,-0.39830936760547125,2.0472424030303955,0.0949297696352005,2.6127681732177734,0.5912189483642578,1.1734699010849,2.049442147982875,0.04633638877759339,0
,,,,,,1756197517.2291374,-2.3803992903262463,-2.2499281999781835,-0.2559406247092243,2.0949153900146484,0.0898946151137352,2.941108465194702,0.6470349431037903,0.7633810639381409,2.0968432304649465,0.04288454839436465,0
,,,,,,1756197517.2797267,-2.2753609854205217,-2.266818011170196,-0.11223317559339079,2.2002902030944824,0.05756523087620735,2.5238473415374756,0.75909823179245,0.4962831735610962,2.2010431012679854,0.026156596120523467,0
,,,,,,1756197517.330206,-2.1627317169026816,-2.2712203003932125,0.009036963537519548,2.325819492340088,0.04528290405869484,2.3312909603118896,0.6993938088417053,0.48144498467445374,2.326260271841716,0.01946719586365874,0
,,,,,,1756197517.3808582,-2.0444268696779133,-2.263020970737559,0.1124241694590124,2.4892191886901855,-0.02333744987845421,0.4438953697681427,0.9239749312400818,0.06414720416069031,2.489328585363984,-0.009375135081082451,0
,,,,,,1756197517.4314024,-1.9166255951299032,-2.2481659079453657,0.13160596132040098,2.6029930114746094,0.03252216428518295,1.1948269605636597,0.2773193120956421,0.3113003373146057,2.6031961718156102,0.012493491924427218,0
,,,,,,1756197517.4820213,-1.789781296414801,-2.2262431487254117,0.20337965924968546,2.5324766635894775,-0.013434731401503086,0.4847765564918518,0.0,0.0,2.5325122988118185,-0.005304927609613994,0
,,,,,,1756197517.5325592,-1.6671019032660341,-2.2014584805914326,0.20266124083133216,2.433820962905884,-0.03889571875333786,-0.9752364158630371,0.14256872236728668,-0.684210479259491,2.43413174590396,-0.015979979008180413,0
,,,,,,1756197517.5831404,-1.550125792781306,-2.183651596679385,0.11814464880425163,2.3421127796173096,-0.05719892680644989,-2.091074228286743,0.5819166302680969,-0.344128280878067,2.342811129748732,-0.024417081720235375,0
,,,,,,1756197517.6339285,-1.4325516312981206,-2.17724991141298,0.012335009122569086,2.3060851097106934,-0.04922449588775635,-2.2755582332611084,0.2041650265455246,-0.6987095475196838,2.3066104101526954,-0.021342240006021376,0
,,,,,,1756197517.684554,-1.3205089915291368,-2.1829493061364147,-0.08954382664088503,2.1978166103363037,0.018088486045598984,-0.13320568203926086,0.2761925160884857,0.035401828587055206,2.1978910450697007,0.008230021359089536,0
,,,,,,1756197517.73523,-1.2110436448193087,-2.192520802938511,-0.09559332342816745,2.248828411102295,-0.03676457330584526,-1.0074397325515747,0.7183321118354797,-0.17649172246456146,2.2491289105854366,-0.016346866805069995,0
,,,,,,1756197517.7859075,-1.097218683012128,-2.20699937313966,-0.13061194637010992,2.3239083290100098,0.009598348289728165,0.21433572471141815,0.3778918981552124,0.06852235645055771,2.3239281507680025,0.004130237665091094,0
,,,,,,1756197517.8364153,-0.9817907456873327,-2.2215118327615153,-0.1280881688498377,2.2860188484191895,-0.04737170785665512,-1.2684333324432373,0.21901346743106842,-0.4044736325740814,2.2865096225542225,-0.020719395602946236,0
,,,,,,1756197517.8770041,-0.8931531943181875,-2.2372955518426245,-0.19446411735585173,2.1470108032226562,-0.07277411222457886,-2.0899453163146973,0.0652787834405899,-0.6022064089775085,2.1482438084549136,-0.03388257807131354,0
,,,,,,1756197517.927679,-0.7908729545668755,-2.2651810186141357,-0.28818528908971486,2.0758461952209473,0.028877483680844307,0.6810292601585388,0.524062991142273,0.837058424949646,2.0760470455355824,0.013910289289580047,0
,,,,,,1756197517.9782555,-0.6898620241359272,-2.2886822740165695,-0.20160444845930894,2.0820956230163574,0.09703329205513,2.55629301071167,0.5649131536483765,0.7196993827819824,2.0843554502893524,0.04656997183886315,0
,,,,,,1756197518.028955,-0.5854991660426812,-2.2996233610916845,-0.06869059269229587,2.119359254837036,0.0888529047369957,2.817049026489258,0.586463212966919,0.9239924550056458,2.121220990312796,0.04189988163891915,0
,,,,,,1756197518.0795236,-0.47899579883834487,-2.29661300451789,0.07708720695125976,2.1349048614501953,0.06849600374698639,2.867928981781006,0.4188653826713562,0.7457887530326843,2.1360033871632753,0.03207286507615292,0
,,,,,,1756197518.130106,-0.37445650733531083,-2.279541421884638,0.21298275630060232,2.1114907264709473,0.060708507895469666,2.5596561431884766,0.567639172077179,0.6362950801849365,2.112363276262798,0.028743573074876485,0
,,,,,,1756197518.1807566,-0.27298668114330615,-2.248843799432404,0.33971873405262215,2.079662561416626,0.06768007576465607,2.5283994674682617,0.27006712555885315,1.3443117141723633,2.0807635526444304,0.03253229582827046,0
,,,,,,1756197518.2313948,-0.1808572757343572,-2.207063054344481,0.4653158509201378,1.9314510822296143,0.08266191184520721,2.425309658050537,0.18780112266540527,1.0421628952026367,1.9332191481350098,0.042771726736816916,0
,,,,,,1756197518.2821705,-0.10125296921016935,-2.157534221921869,0.5706381586536059,1.8384482860565186,0.03367249295115471,0.4742636978626251,0.30109381675720215,0.11226256936788559,1.8387566280738992,0.018313666283508202,0
,,,,,,1756197518.3339732,-0.024570052415184736,-2.1062980592268463,0.578921044511073,1.904821515083313,-0.06748056411743164,-1.7324906587600708,0.9323756694793701,-0.9446775913238525,1.9060164298499356,-0.03541137850458385,0
,,,,,,1756197518.3849943,0.06290749913673496,-2.0609551221347795,0.44444027449271795,2.033167600631714,-0.12466423958539963,-3.5503199100494385,0.731374204158783,-1.1930192708969116,2.0369859265321217,-0.061238612745891804,0
,,,,,,1756197518.4370775,0.16021957616150223,-2.0288265820887705,0.25992016033226534,2.012946367263794,-0.06609239429235458,-3.6267788410186768,0.29507747292518616,-1.0053969621658325,2.0140311025562143,-0.03282186770306077,0
,,,,,,1756197518.477462,0.2377012910096651,-2.014582521342062,0.1330646515988287,1.9431818723678589,-0.06491619348526001,-3.029751777648926,0.7350391745567322,-0.8787056803703308,1.9442659029247191,-0.033394743388891174,0
,,,,,,1756197518.528164,0.33659752648796093,-2.0114712153986827,-0.025895070274736077,2.0529751777648926,-0.07582417130470276,-3.179245948791504,0.783616840839386,-0.5983989834785461,2.054374937900294,-0.036917018251265754,0
,,,,,,1756197518.5787375,0.44113438522211057,-2.0243633393935427,-0.1834233740730196,2.2171268463134766,-0.009811983443796635,-1.889744758605957,0.9216874837875366,-0.14437235891819,2.217148557869554,-0.004425511063403767,0
,,,,,,1756197518.6294134,0.5542678380734493,-2.0493840922052184,-0.2481450240560084,2.4625725746154785,0.01146098505705595,-0.18542560935020447,0.8757011294364929,0.05915794149041176,2.4625992445842226,0.004654036362849467,0
,,,,,,1756197518.6799421,0.6781762383044599,-2.080021079432025,-0.24196995105050387,2.6722218990325928,0.03961144760251045,1.0787057876586914,0.9046290516853333,0.38701164722442627,2.6725154713210775,0.014822326947415452,0
,,,,,,1756197518.7305436,0.8116583250940376,-2.1064837555565985,-0.1528417789400867,2.6983280181884766,0.02523575723171234,2.356895923614502,0.22358404099941254,0.9025896191596985,2.698446022655263,0.009352095570534917,0
,,,,,,1756197518.7812555,0.9423864027802187,-2.1199803459579383,-0.032904897057179514,2.5208518505096436,-0.012414705008268356,2.3473165035247803,0.2068747729063034,1.1252416372299194,2.5208824203279168,-0.004924765665888466,0
,,,,,,1756197518.8318255,1.0648910587864189,-2.1190105224631313,0.08131188878955826,2.390399217605591,0.002463149605318904,2.3712666034698486,0.5133129358291626,0.9315103888511658,2.390400486662308,0.001030434044402021,0
,,,,,,1756197518.8824453,1.1821713015564057,-2.103299766126074,0.20441086466618102,2.2915217876434326,0.007778420578688383,2.365692377090454,-0.1029193326830864,0.8717646598815918,2.2915349892749295,0.0033944214478067738,0
,,,,,,1756197518.9331272,1.2893541716630592,-2.0751570245686777,0.31629983755870705,2.106219530105591,0.036252353340387344,2.1228384971618652,-0.16881340742111206,0.978988528251648,2.106531495639439,0.017210349387946813,0
,,,,,,1756197518.9838362,1.3835698355942054,-2.037042020185207,0.423157376062162,1.9254941940307617,0.07868999242782593,2.1995246410369873,-0.014675457961857319,1.020097255706787,1.927101451962108,0.04084469772955465,0
,,,,,,1756197519.0344584,1.464445546241741,-1.9911950650461228,0.5332330597513047,1.77310049533844,0.09673546254634857,1.9308340549468994,0.09299010783433914,0.5361127257347107,1.7757373443962585,0.05450320294777595,0
,,,,,,1756197519.0850086,1.5344506839269458,-1.9405809014950381,0.6194262664513039,1.6665164232254028,0.07122289389371872,1.0587772130966187,0.025187276303768158,0.2713959813117981,1.6680376762815,0.04271159734972304,0
,,,,,,1756197519.1357708,1.5977230679610945,-1.8891563584175504,0.674071106694853,1.5661687850952148,0.08604126423597336,1.4356485605239868,0.12598468363285065,0.4350021183490753,1.5685304468061647,0.05488224546875437,0
,,,,,,1756197519.1863284,1.6529446240188594,-1.836196220359229,0.7490628812693417,1.5069818496704102,0.11324511468410492,1.767200231552124,0.3962447941303253,0.5406984686851501,1.5112308729098498,0.07500599061853928,0
,,,,,,1756197519.2268255,1.69284209438248,-1.7904782418352851,0.8209005918489054,1.643821120262146,0.10349217057228088,1.3638067245483398,0.866058886051178,0.3417600989341736,1.6470757434889445,0.0628753059973711,0
,,,,,,1756197519.2774677,1.7454002958840382,-1.7241234362443658,0.8802937253803207,1.7677457332611084,-0.0026614353992044926,-0.5467388033866882,0.433483749628067,-0.2905029356479645,1.7677477367263796,-0.0015055521494111237,0
,,,,,,1756197519.3281193,1.804675786443236,-1.6576019349651179,0.8406423089107231,1.8330819606781006,0.032625388354063034,1.078215479850769,0.7568817734718323,0.9239645600318909,1.8333722727609696,0.01779622775489263,0
,,,,,,1756197519.3786685,1.8618920614287657,-1.582748368259433,0.9418573390107324,1.9740586280822754,0.12804614007472992,3.024062395095825,0.8962365388870239,1.2059733867645264,1.978207087514882,0.0647736648600107,0
,,,,,,1756197519.4305508,1.9112372110398257,-1.4930904162734127,1.1090842663649325,2.118546485900879,0.09638553112745285,3.489745616912842,0.6860999464988708,1.0968819856643677,2.1207379337234675,0.04546471445898979,0
,,,,,,1756197519.4810987,1.9487239063010011,-1.3925635640229408,1.2816167318999248,2.1660351753234863,0.03653198480606079,3.1332876682281494,0.4129646122455597,0.6580832004547119,2.166343224572809,0.016864232813847472,0
,,,,,,1756197519.532866,1.972076095917228,-1.287440276975649,1.420922834879018,2.176689386367798,0.026098530739545822,2.421351432800293,0.6560106873512268,0.5322445034980774,2.1768458415866254,0.011989436970655699,0
,,,,,,1756197519.5834827,1.981865036008937,-1.1777572813471098,1.5316258458291643,2.1888082027435303,0.012474000453948975,1.2685315608978271,0.023887258023023605,0.24993984401226044,2.1888437470693716,0.005698930310703458,0
,,,,,,1756197519.6341474,1.9822291900647115,-1.070102521274426,1.5903339351598826,2.1401495933532715,0.056072890758514404,1.5044399499893188,0.4775817096233368,0.3557676374912262,2.140884034927672,0.026194461146597438,0
,,,,,,1756197519.68485,1.9742207178428401,-0.96250081474265,1.6567694459152602,2.2101504802703857,-0.01633348874747753,-0.440901517868042,0.620333194732666,-0.11158095300197601,2.210210833448719,-0.007390081150715561,0
,,,,,,1756197519.7353308,1.9668211032066683,-0.8500114134787626,1.633870546728953,2.2892661094665527,0.050588399171829224,1.3322652578353882,0.6425217986106873,0.9969340562820435,2.2898249946410525,0.022094489950761357,0
,,,,,,1756197519.7859616,1.9517261430487114,-0.7358282503328623,1.743482695463388,2.362335443496704,0.0752994492650032,2.961181402206421,0.862271249294281,0.7459802031517029,2.363535223909384,0.031864214371707895,0
,,,,,,1756197519.8365414,1.9213845314191713,-0.6187683015083454,1.8907906845485019,2.514711618423462,-0.020919039845466614,1.958876609802246,0.813654363155365,0.27370670437812805,2.5147986261452435,-0.008318471660364339,0
,,,,,,1756197519.887238,1.8774454020181905,-0.49785435740799633,1.9733528971151393,2.622917413711548,-0.006673660594969988,1.4637349843978882,0.6401257514953613,0.2758435904979706,2.6229259038137185,-0.0025443600163823034,0
,,,,,,1756197519.9278293,1.8336889117115904,-0.40085211733454545,2.0311476040474292,2.668194055557251,-0.03439391776919365,0.44295191764831543,-2.2813875233396175e-09,1.3642464935514909e-08,2.6684157209270385,-0.012889622070132238,0
,,,,,,1756197519.978686,1.7761217494161936,-0.2821358575998148,2.0288521109434785,2.5919876098632812,-0.02240750938653946,-0.49579572677612305,0.09104138612747192,-0.07084918022155762,2.5920844635469873,-0.008644698424243353,0
,,,,,,1756197520.0292923,1.7216987866703852,-0.1663805693664784,1.9997073838403943,2.507636547088623,-0.014735737815499306,-0.598182737827301,0.00014402913802769035,-0.0002341118670301512,2.507679842855447,-0.005876277493540631,0
,,,,,,1756197520.0800028,1.6712256036460327,-0.05319905624759214,1.9856440236586663,2.4347243309020996,-0.0031254696659743786,-0.15710894763469696,0.19087746739387512,-0.18688063323497772,2.4347263369929917,-0.0012837050624113328,0
,,,,,,1756197520.1312048,1.625520341173752,0.0575628079121772,1.943148691380045,2.3321738243103027,-0.04787295684218407,-1.4886744022369385,0.14126592874526978,-0.3430902361869812,2.3326651210139353,-0.02052429970838147,0
,,,,,,1756197520.1817217,1.5899800809671885,0.16586612452178268,1.8582588347736604,2.1986377239227295,-0.06448055058717728,-2.039360523223877,0.2804778218269348,-0.7818469405174255,2.199583047411519,-0.029319097364809886,0
,,,,,,1756197520.2323546,1.5676266188862331,0.2709286629964402,1.7419720625357968,2.1205625534057617,-0.08613463491201401,-2.733950138092041,0.575351357460022,-0.6831197142601013,2.122311173753319,-0.04059644969606404,0
,,,,,,1756197520.283,1.5589263088561685,0.377157606446859,1.6161947525600708,2.171086072921753,0.027155686169862747,0.16238676011562347,0.5707821249961853,0.1976446807384491,2.1712558963250177,0.01250722875467416,0
,,,,,,1756197520.3345926,1.5510529365670964,0.48731306247953476,1.6450941620215516,2.253136396408081,-0.006519596558064222,-0.22320686280727386,0.4564392566680908,-0.03147340565919876,2.2531458288264594,-0.0028935568982718218,0
,,,,,,1756197520.3852983,1.5439668456722841,0.6006239002952997,1.6253954605295902,2.2550296783447266,-0.0337362140417099,-0.913135290145874,0.20019295811653137,-0.15192849934101105,2.2552820183634217,-0.0149593142029542,0
,,,,,,1756197520.435869,1.5412933021275061,0.7120665936032331,1.589896789313666,2.2331905364990234,0.03897973522543907,1.0242384672164917,0.5804270505905151,0.3686140775680542,2.2335307009457117,0.0174529565174365,0
,,,,,,1756197520.4868095,1.5333571907150618,0.8246111711370702,1.6665381913099284,2.257960796356201,0.0625043660402298,1.9194306135177612,0.35498806834220886,0.4421877861022949,2.258825746633773,0.02767470904717725,0
,,,,,,1756197520.5372841,1.515353490243075,0.9349766105471062,1.7651119312057264,2.1998915672302246,0.06339215487241745,2.0784430503845215,0.12956778705120087,0.7396538257598877,2.200804733016999,0.028808064164002493,0
,,,,,,1756197520.5778332,1.4941109438935056,1.0172044235579496,1.8387293807404848,2.0744247436523438,-0.0034859920851886272,0.03958892449736595,-1.9562490706448443e-05,5.38949498150032e-05,2.0744276726890023,-0.0016804604816036501,0
,,,,,,1756197520.628413,1.4674563366139604,1.1159869535746507,1.8336518377155424,2.006514549255371,-0.01791205443441868,-0.4310951828956604,0.21012938022613525,-0.0709802582859993,2.0065944976670167,-0.008926712570995384,0
,,,,,,1756197520.6796367,1.443187240366068,1.2123443644245608,1.8211398928347873,1.9839450120925903,0.05180901661515236,1.3596713542938232,0.5714578628540039,0.7293323278427124,1.9846213707429683,0.02610820566733544,0
,,,,,,1756197520.7302194,1.4114710067067728,1.3074459382474977,1.9091054153133749,2.071974515914917,0.03446372225880623,0.6898523569107056,0.6287791728973389,0.13463838398456573,2.072261118380786,0.016631741466905093,0
,,,,,,1756197520.7809083,1.3732460040459515,1.4066370025352843,1.94736562189494,2.178168535232544,0.06660549342632294,1.6782236099243164,0.5641748309135437,0.4559788703918457,2.17918665093921,0.030569142862974023,0
,,,,,,1756197520.8315187,1.3257134280966394,1.5058652079506478,2.046333877047457,2.2266969680786133,0.07816065102815628,2.392275810241699,0.5665165781974792,0.6135736703872681,2.2280683281756946,0.03508720525406522,0
,,,,,,1756197520.883125,1.2666975972345025,1.6006422257085409,2.1707028801065813,2.1814544200897217,0.059341270476579666,2.4495019912719727,-0.15961334109306335,0.7859724760055542,2.1822613897768433,0.027195910792434906,0
,,,,,,1756197520.9339523,1.200633360890254,1.683093152233458,2.2887080157975954,2.0043931007385254,0.06976339221000671,2.2991833686828613,0.12746542692184448,1.3865705728530884,2.0056067992457662,0.0347912004221618,0
,,,,,,1756197520.984512,1.1310542651907702,1.7499464562316194,2.404218774833868,1.819178819656372,0.1003742441534996,2.343144178390503,0.12746542692184448,1.3865705728530884,1.8219458188364814,0.05511968960676701,0
,,,,,,1756197521.0351777,1.056480789777817,1.8037126021669834,2.5323692516815384,1.8641722202301025,0.12726999819278717,2.7657275199890137,0.5514022707939148,0.8727489709854126,1.8685116320530686,0.06816581236432204,0
,,,,,,1756197521.085816,0.9770237217574216,1.8491463891096434,2.619827791940725,1.7686847448349,0.07650629431009293,1.3543357849121094,0.11815152317285538,-0.6929646134376526,1.770338651128862,0.04322908954945501,0
,,,,,,1756197521.1366525,0.9032850569546927,1.8908997133751146,2.604376879134971,1.6586445569992065,-0.09395947307348251,-1.854183554649353,0.7665043473243713,-0.49655038118362427,1.6613037497830854,-0.05658786828759751,0
,,,,,,1756197521.1872704,0.8339523615271468,1.9432922193018134,2.493581702384716,1.8117682933807373,-0.1302708387374878,-2.4477174282073975,0.5696767568588257,-0.331896036863327,1.8164456612640845,-0.07177906452425756,0
,,,,,,1756197521.2277803,0.778224264428086,1.9932161445659848,2.420029561367602,1.9179785251617432,-0.09464386105537415,-1.8165510892868042,0.01430868823081255,0.2439345121383667,1.920312235918181,-0.049305637606764485,0
,,,,,,1756197521.278344,0.7091972598196215,2.0568486440258362,2.4163589784311372,1.800464153289795,0.05974807217717171,1.3490005731582642,0.15507090091705322,0.9713924527168274,1.8014552449090784,0.03317264294567278,0
,,,,,,1756197521.328994,0.6397645713391706,2.1086559774080404,2.507526599186155,1.6775656938552856,0.12341136485338211,2.231924057006836,0.5335978269577026,0.6745949387550354,1.6820989929772685,0.07343346057492472,0
,,,,,,1756197521.3796108,0.5651070159198074,2.1505373049585343,2.6251221907338063,1.7743079662322998,0.14421246945858002,2.679947853088379,0.690252423286438,0.8059396743774414,1.7801589803674114,0.08109987810879157,0
,,,,,,1756197521.43124,0.4802892767298783,2.1847148909939764,2.7638218458941437,1.8671592473983765,0.1326417326927185,2.7675392627716064,0.49505650997161865,0.8147889971733093,1.871864707823992,0.07092018358120718,0
,,,,,,1756197521.4818668,0.3891651127375322,2.208356829846524,2.902784194055394,1.9203214645385742,0.13274964690208435,3.0356976985931396,0.6834010481834412,1.105141282081604,1.9249044121514718,0.06901906386952932,0
,,,,,,1756197521.532475,0.29197211731864336,2.219204098422579,3.060060115980215,1.961848258972168,0.10975725203752518,3.0755982398986816,0.418491005897522,1.1387128829956055,1.964916091238238,0.05588758202988172,0
,,,,,,1756197521.5831132,0.19459808638535678,2.216034414169977,-3.0735405773721682,1.9480297565460205,0.10758700221776962,3.045161485671997,0.5873714685440063,1.4136521816253662,1.9509984355285768,0.0551725733608525,0
,,,,,,1756197521.6337655,0.09854879637157407,2.198173075206001,-2.9198578422967048,1.899355411529541,0.09287770092487335,2.7818872928619385,-0.15954263508319855,1.1569637060165405,1.9016248964071865,0.0488606700999585,0
,,,,,,1756197521.684279,0.011814041819226385,2.1687788279875155,-2.791670688044097,1.7291854619979858,0.11055693030357361,2.3642051219940186,-0.04006767272949219,1.066283106803894,1.732716132787866,0.06384893729295134,0
,,,,,,1756197521.7350318,-0.06257645284690425,2.1310620263985367,-2.6746305959953784,1.573801040649414,0.13511013984680176,2.279559373855591,-0.01235564611852169,0.8981794118881226,1.5795899675037826,0.08563958800094447,0
,,,,,,1756197521.786147,-0.12549529430848438,2.0879746135826145,-2.56896881021109,1.456151008605957,0.11208397150039673,1.5522550344467163,0.17698508501052856,0.4606742858886719,1.4604583446752077,0.07682128831697138,0
,,,,,,1756197521.8368213,-0.18167687805648597,2.0431855532072953,-2.4992993103640204,1.4304414987564087,0.08959805965423584,1.239107370376587,0.3642161190509796,0.3533651828765869,1.4332448128837882,0.06255492444489859,0
,,,,,,1756197521.8872943,-0.235904915695951,1.9949663844508594,-2.4370130517722055,1.4987939596176147,0.09036607295274734,1.3536986112594604,0.5457665324211121,0.38009703159332275,1.5015156877392755,0.060219626150254224,0
,,,,,,1756197521.927915,-0.27934300686286156,1.9514225263142602,-2.380989021059663,1.5515978336334229,0.09001868963241577,1.3246554136276245,0.010189861990511417,0.3722585141658783,1.5542069366139981,0.05795180416141224,0
,,,,,,1756197521.9785385,-0.32961969660584256,1.8945110189786005,-2.310260152192957,1.4943997859954834,0.12889118492603302,2.1702239513397217,0.4598856568336487,0.9896132349967957,1.499947885073006,0.08603654738748527,0
,,,,,,1756197522.0301962,-0.3720100821360317,1.8317806706422168,-2.189102887404812,1.5692527294158936,0.17146454751491547,2.7712221145629883,0.6876112818717957,1.0358681678771973,1.578592480608509,0.10883334928175788,0
,,,,,,1756197522.082026,-0.40798347176090566,1.758204794119834,-2.0449436319204297,1.717948079109192,0.17053218185901642,3.0142757892608643,0.6876112818717957,1.0358681678771973,1.7263912730214317,0.09894091480533163,0
,,,,,,1756197522.1333194,-0.43594456039158563,1.6748060417779567,-1.90007632438805,1.7537859678268433,0.1362781524658203,2.52139949798584,0.34622398018836975,0.7645726203918457,1.7590727545459384,0.07754928936239389,1
,,,,,,1756197522.1839442,-0.4537417542059393,1.5895002833271679,-1.783528238388592,1.7217310667037964,0.10216785222291946,1.6618856191635132,0.30109384655952454,0.42167991399765015,1.7247597328558075,0.059270688157719666,0
,,,,,,1756197522.2344756,-0.4640548374759958,1.5048029801818001,-1.699229380375841,1.6424357891082764,0.1161329597234726,2.047426462173462,0.16882632672786713,0.7756030559539795,1.646536420999505,0.07059027818593532,0
,,,,,,1756197522.2850847,-0.4645718748464696,1.424453499867592,-1.5890515121760849,1.6663522720336914,0.16183912754058838,2.8331875801086426,0.9193655848503113,0.9536776542663574,1.6741928794840049,0.0968181422221727,0
,,,,,,1756197522.3357391,-0.452704415102571,1.3370697018487725,-1.437825446334746,1.7810389995574951,0.14536194503307343,2.8987555503845215,0.2448778748512268,1.1673147678375244,1.786961111218865,0.08143587295168839,0
,,,,,,1756197522.386437,-0.42860430040384495,1.2510213781310529,-1.2900134206993676,1.902751088142395,0.1595853716135025,3.4600131511688232,1.0051511526107788,1.175227165222168,1.909431641682961,0.08367502845308974,0
,,,,,,1756197522.427872,-0.39712833440314504,1.1779748656945759,-1.1527946920390562,2.1197738647460938,0.09193497896194458,2.727553129196167,0.9376057982444763,0.513549268245697,2.1217665465402464,0.04334302024444005,0
,,,,,,1756197522.4784184,-0.34367136657945796,1.0810056907322991,-1.0331161644218347,2.3493473529815674,0.012153695337474346,0.9816789627075195,0.8230177164077759,0.1595291644334793,2.3493787896530978,0.00517317582000487,0
,,,,,,1756197522.529309,-0.2791584624593736,0.9784555632239624,-0.992310185210475,2.483292579650879,0.01235650572925806,0.6007241606712341,0.4391612708568573,0.12478954344987869,2.483323321555804,0.004975814711969529,0
,,,,,,1756197522.5800054,-0.2099493137806498,0.87534067920743,-0.9750934685468884,2.4525604248046875,-0.00913267768919468,-0.16354426741600037,0.0005313976434990764,-0.0005225743516348302,2.452577428567735,-0.003723714769836637,0
,,,,,,1756197522.6308079,-0.1427797270908184,0.7742726291218085,-0.9927958825937544,2.4167072772979736,-0.06002943590283394,-1.7077730894088745,0.6197920441627502,-0.5347186326980591,2.417452708393651,-0.02483424249008387,0
,,,,,,1756197522.6812832,-0.08402526376386758,0.6694432069625339,-1.1055238572767516,2.3247644901275635,-0.05118400976061821,-2.584853410720825,0.31336408853530884,-1.1959770917892456,2.3253278773999257,-0.022013301577614663,0
,,,,,,1756197522.7323973,-0.04072314528006464,0.5656751856015739,-1.2315529036587811,2.119180917739868,-0.039918992668390274,-2.297834634780884,0.07260303199291229,-1.148444414138794,2.1195568612538915,-0.01883476385803939,0
,,,,,,1756197522.7829854,-0.013693812142781349,0.46787962220237095,-1.3419548290940466,1.8990641832351685,-0.07597947120666504,-2.171839714050293,-0.003714547026902437,-1.0672048330307007,1.900583503056759,-0.03998757406266191,0
,,,,,,1756197522.8336434,-0.0013502886348693555,0.377335531132394,-1.4523927286027927,1.7300364971160889,-0.11252617835998535,-2.257256269454956,0.16983167827129364,-0.6375929117202759,1.7336921359255253,-0.06495117164451565,0
,,,,,,1756197522.8844836,0.0014479238554752976,0.2895063605776002,-1.5248438379585536,1.8057464361190796,-0.04563524201512337,-0.7161421179771423,0.4726051390171051,-0.1118408665060997,1.8063229962746243,-0.025266853251719006,0
,,,,,,1756197522.9350002,0.005267552771695224,0.1910176196272073,-1.5221919969478364,2.2073447704315186,0.014391380362212658,0.35889047384262085,0.6827453374862671,-0.02364843524992466,2.2073916841784342,0.006519677690044016,0
,,,,,,1756197522.9856899,0.010618589819286435,0.07749383563566636,-1.5286691463181554,2.372061252593994,-0.0415581613779068,-1.1196022033691406,0.8556852340698242,-0.31029006838798523,2.3724252710749183,-0.017518059489093418,0
,,,,,,1756197523.0362673,0.009376060100936893,-0.04455555284003947,-1.6147437137195204,2.524371862411499,-0.049545977264642715,-2.1988167762756348,0.6716257929801941,-0.3761533796787262,2.524858036325609,-0.019624532114067665,0
,,,,,,1756197523.0872896,-0.0038166110346006064,-0.17144798502674843,-1.7297142852986491,2.579331874847412,-0.0218561552464962,-2.355959177017212,0.0,0.0,2.5794244730416174,-0.008473369550116135,0
,,,,,,1756197523.1279113,-0.01962660286695159,-0.27193967130168467,-1.747649132111829,2.505960464477539,0.015130802989006042,-0.09273065626621246,0.21966440975666046,-0.646979570388794,2.5060061433930234,0.006037852286671821,0
,,,,,,1756197523.1784034,-0.04424779601822694,-0.39130452559426404,-1.8072436919672663,2.3394527435302734,-0.05907381698489189,-2.156700611114502,0.0,0.0,2.340198464888072,-0.02524576160491705,0
,,,,,,1756197523.2290063,-0.07454326239571603,-0.5028698166377427,-1.8440969313813766,2.2690868377685547,-0.0006752475164830685,-0.13393476605415344,-0.09775683283805847,-0.03714846074581146,2.269086938240514,-0.00029758556848112714,0
,,,,,,1756197523.2797127,-0.10571712673381872,-0.6103525062961733,-1.8588286185371397,2.1923556327819824,-0.013641979545354843,-0.35410454869270325,0.12437652051448822,0.3360900580883026,2.192398076125046,-0.00622244095529959,0
,,,,,,1756197523.3304064,-0.13397750111381207,-0.7137573302836496,-1.8198482487545045,2.099651575088501,0.025796858593821526,0.5721906423568726,0.3282621204853058,0.08746804296970367,2.099810042524069,0.012285638716140256,0
,,,,,,1756197523.380999,-0.15809795525218,-0.8160495519188865,-1.8004816917580377,2.0783655643463135,0.03928511217236519,0.9697842597961426,0.16363656520843506,0.37326547503471375,2.0787368133313473,0.018899675407051206,0
,,,,,,1756197523.431559,-0.1760617649008832,-0.9160761864720075,-1.7332503390116587,1.9835729598999023,0.0464969128370285,0.9311329126358032,0.23716463148593903,0.18534071743488312,1.984117851880133,0.023436697418818916,0
,,,,,,1756197523.4821587,-0.18814336584572916,-1.0139965029275104,-1.6883718178967733,2.022770404815674,0.06088905408978462,1.3110581636428833,0.7139143347740173,0.2915748357772827,2.02368663273396,0.03009272482229759,0
,,,,,,1756197523.5328572,-0.19490884647337697,-1.1177619112051866,-1.632582429825498,2.081393003463745,-0.026569608598947525,-0.8193525671958923,0.43668773770332336,-1.080847978591919,2.081562581083963,-0.012764607883967279,0
,,,,,,1756197523.5834517,-0.2071959279426414,-1.2189347266954238,-1.7181701553987991,1.9452482461929321,-0.09500002861022949,-2.346872568130493,-0.04848581552505493,-0.8581528663635254,1.9475666213900418,-0.04879819843095822,0
,,,,,,1756197523.6340666,-0.23024737162824283,-1.3095887382435152,-1.8384606129855898,1.807896614074707,-0.12688018381595612,-2.7389814853668213,0.6692975163459778,-0.9067618250846863,1.8123434410254475,-0.07006622221540813,0
,,,,,,1756197523.6847076,-0.2662695464728223,-1.3941598031595595,-1.992817592694643,1.855307936668396,-0.14080800116062164,-3.332280158996582,0.5335964560508728,-0.9493870735168457,1.8606435534662706,-0.07574946315789075,0
,,,,,,1756197523.7365446,-0.3156007764987846,-1.4726304347167871,-2.1583980303328514,1.7958132028579712,-0.12111926078796387,-3.044624090194702,0.23422493040561676,-1.0388365983963013,1.79989303429199,-0.06734336736754652,0
,,,,,,1756197523.777006,-0.36081983957266034,-1.5261673225256074,-2.2739639725915284,1.676201343536377,-0.11998163908720016,-2.4226858615875244,-0.04066688194870949,-0.5587450861930847,1.6804899695598323,-0.0714576167173223,0
,,,,,,1756197523.8275852,-0.4204894924373942,-1.5813813424166612,-2.3847475258829793,1.5416343212127686,-0.13088011741638184,-2.0993571281433105,-0.025705672800540924,-0.5641337037086487,1.5471800106891505,-0.0846939050321018,0
,,,,,,1756197523.878731,-0.4808590417403353,-1.6256588104938794,-2.4745559029203084,1.4397262334823608,-0.04231484234333038,-0.16511091589927673,0.06023799628019333,0.06820989400148392,1.4403479347920927,-0.029382436374813418,0
,,,,,,1756197523.929163,-0.5366740706869887,-1.6690117802211848,-2.47195201616378,1.3955676555633545,-0.029501209035515785,-0.8964760303497314,0.4927658438682556,-0.4867532551288605,1.395879436981989,-0.021136070134628177,0
,,,,,,1756197523.9799213,-0.5963004714652695,-1.7082107013999008,-2.5536209521336533,1.5393943786621094,-0.17161795496940613,-2.977386236190796,0.9753662347793579,-0.9024399518966675,1.5489311719777552,-0.11102561944657295,0
,,,,,,1756197524.0304878,-0.6726570032264105,-1.7410667229034689,-2.7259196077485237,1.7560451030731201,-0.16973146796226501,-3.323063611984253,0.29271382093429565,-0.7260590195655823,1.7642287763336453,-0.09635621006974163,0
,,,,,,1756197524.0811145,-0.7561600165786488,-1.7637654615726626,-2.8741407788857023,1.6756905317306519,-0.14514684677124023,-2.6815173625946045,0.8248617053031921,-0.907758355140686,1.6819650309264427,-0.0864034637481084,0
,,,,,,1756197524.1317115,-0.8431768704472433,-1.7735930879593376,-3.035053113334718,1.8232535123825073,-0.161252960562706,-3.4882895946502686,0.5307803153991699,-0.8218955397605896,1.8303704236316174,-0.08821289973148268,0
,,,,,,1756197524.1822937,-0.9349945890069365,-1.7696849207049805,3.0800336099357533,1.8927861452102661,-0.12317691743373871,-2.920306921005249,0.8620779514312744,-0.5002659559249878,1.896789905205217,-0.06498540400268804,0
,,,,,,1756197524.2329776,-1.0325979559986034,-1.7521788353141603,2.9396407945201903,2.105957269668579,-0.10355760902166367,-2.814568042755127,0.3798508942127228,0.3802470862865448,2.108501885238953,-0.049134074234284536,0
,,,,,,1756197524.2841074,-1.1346891537924124,-1.728214285030468,2.9265516658269504,2.1113500595092773,0.0003675225889310241,-0.1281042844057083,0.7332313060760498,-0.42951586842536926,2.1113500914965955,0.00017406994333494074,0
,,,,,,1756197524.3346214,-1.239083837435995,-1.7008293003130415,2.8567498107970777,2.2006618976593018,-0.07377367466688156,-2.148703098297119,0.36620867252349854,-0.37744617462158203,2.2018981227303165,-0.033510852935298166,0
,,,,,,1756197524.3852413,-1.3414886695856234,-1.6625070302057137,2.752452981164143,2.1856894493103027,-0.08176463842391968,-2.479461908340454,0.8038742542266846,-1.0638676881790161,2.1872182846993047,-0.03739164723917089,0
,,,,,,1756197524.4358742,-1.439402814662092,-1.6108859650096907,2.6000735757049536,2.2218453884124756,-0.06453333050012589,-3.3853988647460938,0.3650025725364685,-0.8436766266822815,2.222782373682863,-0.029036760649559536,0
,,,,,,1756197524.4864829,-1.528005917043944,-1.5467784489731229,2.4402099268700623,2.2123918533325195,-0.03198220208287239,-3.1646504402160645,0.8493244051933289,-0.6375914216041565,2.21262300764097,-0.014454932337536064,0
,,,,,,1756197524.5369916,-1.608762130576783,-1.4676796640450218,2.2824097422333884,2.3284056186676025,0.002675089053809643,-3.028212308883667,0.7503508925437927,-0.48694750666618347,2.3284071553627186,0.0011488925534985036,0
,,,,,,1756197524.5775247,-1.6671597932437816,-1.3942444673308305,2.167291099247595,2.3224616050720215,0.017862511798739433,-2.7606403827667236,0.46715980768203735,-1.1029963493347168,2.3225302961127268,0.007691046239945275,0
,,,,,,1756197524.6281433,-1.7266278382345204,-1.2970909656298104,2.0332098940539143,2.2451605796813965,-0.002342795254662633,-2.769784450531006,0.7990249991416931,-1.2340399026870728,2.245161802018935,-0.0010434863437103258,0
,,,,,,1756197524.678779,-1.7704604990393091,-1.1933420861654387,1.8836669746158061,2.227168083190918,0.0019449361134320498,-2.884577751159668,0.3429686427116394,-0.6299157738685608,2.2271689324253767,0.0008732774296199394,0
,,,,,,1756197524.7294507,-1.7983784573759964,-1.0876162838879289,1.7491378823961656,2.150864362716675,-0.019210360944271088,-2.6718034744262695,0.5870515704154968,-1.0711863040924072,2.150950149299657,-0.00893122341503418,0
,,,,,,1756197524.780153,-1.8099239815154475,-0.9810143944064519,1.6077477425130886,2.2020621299743652,-0.05342046916484833,-3.263319253921509,0.9692801833152771,-0.787011981010437,2.2027100060591343,-0.024254535140058153,0
,,,,,,1756197524.8309276,-1.8042896568004472,-0.8679013808028623,1.4347115427004353,2.3413140773773193,0.00963137298822403,-3.1557540893554688,0.7063423991203308,-0.4392104744911194,2.341333887396423,0.0041136380436106595,0
,,,,,,1756197524.8815558,-1.7826130088606476,-0.7519064300477768,1.2908315045441061,2.2983477115631104,0.043397556990385056,-2.4052646160125732,0.013811139389872551,-0.9281651377677917,2.298757392853826,0.018879824114037155,0
,,,,,,1756197524.9323134,-1.7487751575863868,-0.6467617227485198,1.184505062174345,2.0962119102478027,-0.008490570820868015,-1.8596532344818115,-0.18216480314731598,-0.5135302543640137,2.096229105431371,-0.004050413198990309,0
,,,,,,1756197524.9829452,-1.7055574178448554,-0.5543335723711632,1.0997324768249181,2.0318849086761475,-0.027661768719553947,-0.8103386759757996,0.490243136882782,-0.11905913800001144,2.0320731914856243,-0.013613005282338128,0
,,,,,,1756197525.0336523,-1.655880587674812,-0.4640359062156524,1.05995549433792,2.0865962505340576,0.010872671380639076,0.4375729262828827,0.5230484008789062,0.8847492337226868,2.0866245775715715,0.005210674070715672,0
,,,,,,1756197525.0841482,-1.6096373396340398,-0.37076922733984646,1.1387944394013103,2.1361544132232666,0.027967017143964767,0.7466811537742615,0.918765664100647,-0.10308841615915298,2.136337480638574,0.013091478418728592,0
,,,,,,1756197525.135085,-1.5626436587710018,-0.2693438542508081,1.131545753791266,2.335878849029541,0.02251308225095272,0.5853219032287598,0.5955984592437744,0.15958073735237122,2.3359873364845134,0.00963765103595286,0
,,,,,,1756197525.1856074,-1.5144180514569627,-0.16094301829728502,1.1557676902358653,2.3944451808929443,-0.05044412240386009,-1.2928403615951538,0.5636906623840332,-0.5559201240539551,2.3949764787543404,-0.02106402853263468,0
,,,,,,1756197525.23616,-1.4596059488025184,-0.05487801636046144,1.0534715911977677,2.3495798110961914,-0.0037825058680027723,-1.0922771692276,1.0624437891237903e-05,5.628213784802938e-06,2.349582855755773,-0.0016098634242949145,0
,,,,,,1756197525.28691,-1.401576406132899,0.04559642356174973,1.0434490977904853,2.2906148433685303,0.0358840674161911,0.7699125409126282,0.27543339133262634,0.35122787952423096,2.2908959005058622,0.01566441100696697,0
,,,,,,1756197525.3273685,-1.3596813943327928,0.12553989586689765,1.101948967012207,2.225405216217041,0.06514670699834824,1.8560928106307983,0.3626503348350525,0.5370657444000244,2.226358567212107,0.029265729426602383,0
,,,,,,1756197525.3779855,-1.3169271883695974,0.22718958420626395,1.2051223941407971,2.152451276779175,0.07053148746490479,2.24149227142334,0.06975879520177841,0.7859659790992737,2.1536065540465628,0.03275626273150679,0
,,,,,,1756197525.4286258,-1.2874995661386803,0.32727397591425533,1.3188124892648871,2.0204272270202637,0.08502142876386642,2.40476655960083,0.49529919028282166,0.7851222157478333,2.0222153255857402,0.042056103514421614,0
,,,,,,1756197525.479274,-1.2717245826288992,0.42678892691178116,1.4452764399761047,1.953845500946045,0.09172073006629944,2.5099780559539795,0.001305977115407586,1.0012331008911133,1.9559971712379844,0.04690925851162318,0
,,,,,,1756197525.5302176,-1.2692755883469278,0.5211210801708479,1.566990341614289,1.8171589374542236,0.11141211539506912,2.4564034938812256,0.4493615925312042,0.8513320088386536,1.8205711366015243,0.061234504913693096,0
,,,,,,1756197525.5805404,-1.279638442498199,0.6119117826351815,1.6974164800227185,1.909224510192871,0.14284346997737885,3.122934579849243,0.9368324279785156,1.0127143859863281,1.9145606512295157,0.07467840001562448,0
,,,,,,1756197525.6312037,-1.3052823084491922,0.7084143608514346,1.861673708936695,2.0661113262176514,0.09396779537200928,2.9459736347198486,0.535236656665802,0.6742724776268005,2.0682470739473895,0.04544918969562693,0
,,,,,,1756197525.6818442,-1.3442141304355453,0.8047501631147714,1.9897733016222872,2.076887607574463,0.032345037907361984,1.236406922340393,0.29275888204574585,0.24700617790222168,2.0771394599240574,0.015572543812904079,0
,,,,,,1756197525.7324688,-1.39008310462776,0.8975868403859097,2.0399001422122973,2.1205201148986816,0.020494472235441208,0.4211655557155609,0.6448808312416077,0.09746517986059189,2.120619150409174,0.009664531830917356,0
,,,,,,1756197525.7831078,-1.440392286592923,0.9935617807946434,2.051229401424917,2.128474235534668,-0.0421433225274086,-1.120126724243164,0.20887678861618042,-1.0265432596206665,2.1288914089188626,-0.01979719366657182,0
,,,,,,1756197525.8337672,-1.4821011434576565,1.0875306002176517,1.9638003385559837,2.0046520233154297,-0.09583324939012527,-2.3605849742889404,0.4581734240055084,-0.5478605031967163,2.0069413908411264,-0.04776906104299925,0
,,,,,,1756197525.8842926,-1.5112292726254297,1.1831111733072777,1.8418120614654019,1.9478411674499512,-0.0903797447681427,-2.258657693862915,0.1717521697282791,-0.48503240942955017,1.9499368481766644,-0.046366700084284666,0
,,,,,,1756197525.9349422,-1.5280113439324117,1.276541333390576,1.7315588889984348,1.8498731851577759,-0.11601457744836807,-2.521604537963867,0.43338438868522644,-0.7503374814987183,1.8535075352817691,-0.06263285243433811,0
,,,,,,1756197525.9855018,-1.5323725692501675,1.3683437813769195,1.6132579193938732,1.8030821084976196,-0.02712523564696312,-0.1236281618475914,0.03433773294091225,0.1033707708120346,1.8032861304832146,-0.015042681363042543,0
,,,,,,1756197526.036181,-1.5365965737695781,1.4567866833175203,1.6296138541756497,1.7087057828903198,0.05873936414718628,1.2259880304336548,0.04410209506750107,0.39929378032684326,1.7097151123456902,0.034362991454643506,0
,,,,,,1756197526.0767043,-1.5447077837274013,1.523345187386692,1.6834286995156529,1.609189748764038,0.08560804277658463,1.3720980882644653,0.20114938914775848,0.38116076588630676,1.6114652911295686,0.05314936759134836,0
,,,,,,1756197526.1272326,-1.560071055034867,1.6016071587812817,1.7516253644804032,1.5278066396713257,0.10459893941879272,1.7830820083618164,0.17425496876239777,1.0433721542358398,1.531383056701139,0.06835679842574083,0
,,,,,,1756197526.1779137,-1.5822282884267331,1.671765464770588,1.8543344415156875,1.4490208625793457,0.16385485231876373,2.5771231651306152,0.7759308218955994,1.138752818107605,1.4582557638557767,0.11260138573974876,0
,,,,,,1756197526.2285078,-1.6160926993440115,1.7410046484406905,1.9958591208486027,1.6550769805908203,0.18393534421920776,3.0792534351348877,0.45449885725975037,1.1394870281219482,1.6652663518292394,0.11067984224771499,0
,,,,,,1756197526.2805595,-1.662452546496315,1.8104536464241099,2.143233044179268,1.6835159063339233,0.16441760957241058,2.8889615535736084,0.5698772072792053,1.04574453830719,1.6915256300797918,0.09735449248937184,0
,,,,,,1756197526.3307588,-1.7194748703349976,1.8747865891567677,2.2892035361662173,1.7586219310760498,0.15589766204357147,2.928649663925171,0.5886335968971252,0.9562033414840698,1.7655183877525338,0.08841650681285493,0
,,,,,,1756197526.381329,-1.7876357842378274,1.933282092010575,2.4356281562684265,1.847714900970459,0.14217890799045563,2.9134109020233154,0.6371014714241028,0.8610268235206604,1.8531770549911393,0.07679717439849282,0
,,,,,,1756197526.4319992,-1.8669571731401338,1.9846340630274186,2.5830320616456617,1.9407453536987305,0.13119640946388245,3.100130796432495,0.6570345759391785,1.048635482788086,1.9451748059646017,0.06749834741580543,0
,,,,,,1756197526.4826043,-1.9563575116679708,2.0260285160584752,2.739227119249603,1.9621496200561523,0.09913083165884018,2.8518106937408447,0.3245304524898529,0.8475239276885986,1.9646521456155734,0.05047862720902209,0
,,,,,,1756197526.5343418,-2.0489164044476094,2.054395888029341,2.8742050380680797,1.9241329431533813,0.10565494000911713,2.703559398651123,0.5274515748023987,0.894991397857666,1.9270315382152996,0.054855327666868,0
,,,,,,1756197526.5849817,-2.145648317484886,2.0698599841717176,3.0063068113378306,2.0799498558044434,0.07029975950717926,1.7667722702026367,0.8791847229003906,0.33458980917930603,2.081137539627713,0.03378591483685345,0
,,,,,,1756197526.6362925,-2.2536961192134926,2.077933173771437,3.076744949521476,2.2349255084991455,-0.0354459322988987,-0.9155969023704529,0.6381745338439941,-0.5771726965904236,2.2352065771773093,-0.015858676538316237,0
,,,,,,1756197526.6768935,-2.3430094774836183,2.0880915054213887,3.0072272695582227,2.245694875717163,-0.019736500456929207,-0.9015255570411682,0.07248026132583618,0.09005238115787506,2.2457816020870354,-0.008788367711409648,0
,,,,,,1756197526.7275405,-2.452725142429736,2.103179127780711,3.007534360134325,2.168236255645752,0.019739342853426933,0.4715360999107361,-0.1526983231306076,0.123194620013237,2.168326105998126,0.009103619355983632,0
,,,,,,1756197526.7785747,-2.5591564747019424,2.115089676203517,3.0410656187443847,2.1459293365478516,0.07675103843212128,1.9487495422363281,0.6959266066551208,0.8935686349868774,2.147301431880748,0.03575063523092797,0
,,,,,,1756197526.8297887,-2.66759799045553,2.116609333531818,-3.1175933786090093,2.152731418609619,0.07604042440652847,2.653078556060791,0.29317793250083923,0.7246494889259338,2.154073978955437,0.035308084533902315,0
,,,,,,1756197526.8804395,-2.7726717092587205,2.1051642192272673,-2.9908969105808554,2.0430572032928467,0.0684732049703598,2.3639824390411377,-0.06461691111326218,0.7620111107826233,2.044204323380053,0.03350252963526424,0
,,,,,,1756197526.9309838,-2.8689988212222683,2.0821744210536677,-2.876765919454656,1.8988351821899414,0.08956684917211533,2.239128351211548,0.23157833516597748,0.7345871329307556,1.900946414182401,0.04713442816229667,0
,,,,,,1756197526.9824936,-2.9561506867219305,2.0490188463633503,-2.7614506380920902,1.8938277959823608,0.12631861865520477,2.749596357345581,0.7845404148101807,0.857751190662384,1.898035856946429,0.06660150970220667,0
,,,,,,1756197527.033056,-3.0419722801471605,2.0017766682982727,-2.6136727908736974,2.038599729537964,0.11587759852409363,3.10456919670105,0.7196473479270935,0.8513280153274536,2.0418904170184966,0.056780661059028306,0
,,,,,,1756197527.0839245,-3.125416782015694,1.9396635908741031,-2.458870366888324,2.1089272499084473,0.07554616779088974,2.858541250228882,0.4905637204647064,0.7031977772712708,2.1102799266624075,0.03580677260989783,0
,,,,,,1756197527.134483,-3.20108440505526,1.866055619523248,-2.321353269634881,2.1308135986328125,0.07301334291696548,2.837841033935547,0.64507657289505,0.9192071557044983,2.1320641501517787,0.034252075138086736,0
,,,,,,1756197527.1854763,-3.267613060921224,1.7797804278954896,-2.1674268998542496,2.3190736770629883,0.06955433636903763,3.654348850250244,1.166626214981079,1.0235801935195923,2.3201164896086977,0.029983304422402702,0
,,,,,,1756197527.2361321,-3.326123695245763,1.6740373250613578,-1.971572617966637,2.5499582290649414,-0.04043281823396683,4.229596138000488,1.1212109327316284,1.2665044069290161,2.550278765697263,-0.015854938221472326,0
,,,,,,1756197527.286819,-3.3716149952863916,1.5515841629592804,-1.7531878082704722,2.6670093536376953,-0.18413765728473663,4.489185333251953,0.7891392707824707,1.1803312301635742,2.6733584812406415,-0.06893335502092604,0
,,,,,,1756197527.3272176,-3.3956498148604672,1.4473443559595642,-1.5812334901035219,2.611593008041382,-0.3925442397594452,3.978278160095215,0.39087778329849243,1.0354588031768799,2.6409295749449573,-0.14919150019328092,0
,,,,,,1756197527.3778794,-3.4096864942732408,1.3195503719057773,-1.4023786168539132,2.3994529247283936,-0.4914480447769165,2.9016101360321045,0.09924044460058212,1.219147801399231,2.4492642811062053,-0.20202268902443452,0
,,,,,,1756197527.4283874,-3.4079170043522224,1.202481769168027,-1.2838474158946027,2.1742641925811768,-0.4129164218902588,1.7478032112121582,0.347001314163208,0.8633666634559631,2.2131255614192633,-0.1876759283467454,0
,,,,,,1756197527.478985,-3.390443919930786,1.0959135539885132,-1.208376535661693,2.1923763751983643,-0.19999216496944427,1.5797284841537476,1.0773783922195435,0.6028643250465393,2.2014792837038204,-0.09096986409729878,0
,,,,,,1756197527.5295746,-3.352421944375628,0.9880667509078473,-1.123969143688204,2.4061734676361084,-0.08752794563770294,0.8336752653121948,0.7761629223823547,0.12394221872091293,2.4077649174334965,-0.03636037489553369,0
,,,,,,1756197527.5802693,-3.3001003228214816,0.876058682266834,-1.1077128653634964,2.537461519241333,-0.0693281814455986,-1.411496639251709,0.6281629204750061,-0.27817508578300476,2.5384084301729475,-0.02731506974287432,0
,,,,,,1756197527.6309233,-3.2494883954661034,0.7586919485690734,-1.1977907487420445,2.5076379776000977,-0.045833341777324677,-2.2695417404174805,0.22950775921344757,-0.808215320110321,2.5080568019725518,-0.018275460576670278,0
,,,,,,1756197527.6813755,-3.2120326334254354,0.6427564907850821,-1.3141118468393749,2.3475189208984375,-0.015563703142106533,-2.0070905685424805,-0.14547541737556458,-0.33510658144950867,2.347570512856144,-0.0066297549194166035,0
,,,,,,1756197527.732054,-3.188092499258495,0.5305740540904713,-1.404646059617833,2.220283031463623,-0.030618207529187202,-1.5439491271972656,0.09902187436819077,-0.27807319164276123,2.2204941374472473,-0.013789353170218125,0
,,,,,,1756197527.7826579,-3.17476288669761,0.42254326752205035,-1.464596777144419,2.142033338546753,0.043559763580560684,1.0497711896896362,0.5396896004676819,0.9874069690704346,2.1424762020729524,0.020332905050296134,0
,,,,,,1756197527.833194,-3.156249485224571,0.31695824586963217,-1.365327581058154,2.192495822906494,0.09825301170349121,2.9007461071014404,0.8239262104034424,0.8507207036018372,2.194696240433111,0.044783355185424416,0
,,,,,,1756197527.8838036,-3.123435099018016,0.21119618519426886,-1.2198205918333835,2.162065029144287,0.04404653236269951,2.4276270866394043,0.0895162969827652,0.600254237651825,2.162513650190876,0.020369618698512216,0
,,,,,,1756197527.9344969,-3.0809045511292394,0.11464274234259991,-1.1203549460159514,2.0951342582702637,0.009039892815053463,0.548550546169281,0.4329947829246521,0.11953231692314148,2.095153760429004,0.004314681353865605,0
,,,,,,1756197527.9851255,-3.033643031576818,0.020372630023117524,-1.1045900258850887,2.08435320854187,-0.031254254281520844,-0.8166185617446899,0.1706872582435608,-0.177191361784935,2.084587519479449,-0.014993577890746923,0
,,,,,,1756197528.036563,-2.991272720963093,-0.07274515206133818,-1.1554779268647841,2.0065088272094727,-0.055548299103975296,-1.2660034894943237,0.18219703435897827,-0.2653340697288513,2.0072775810044003,-0.0276769850235149,0
,,,,,,1756197528.0871527,-2.956063256776324,-0.16393076923185035,-1.1967822872983518,1.9261326789855957,0.010024274699389935,0.23390911519527435,0.2496146708726883,0.11003132909536362,1.9261587637418358,0.005204306176182728,0
,,,,,,1756197528.1276093,-2.9272497267944697,-0.23535309668214144,-1.1902063136603018,1.972389578819275,-0.028261328116059303,-0.7324438095092773,0.6387895941734314,-0.13145041465759277,1.9725920392472847,-0.014327491177610877,0
,,,,,,1756197528.1782255,-2.8927706482756115,-0.3308991652119472,-1.2319503291421308,2.1027679443359375,-0.056354936212301254,-1.3109499216079712,0.5447993278503418,-0.27001047134399414,2.10352297504978,-0.026793945423672725,0
,,,,,,1756197528.2288544,-2.863308578596277,-0.4333148538994002,-1.308148222795105,2.140775680541992,-0.07867255806922913,-2.0269100666046143,0.4110822081565857,-0.8546814918518066,2.142220783624598,-0.03673302668115427,0
,,,,,,1756197528.2794063,-2.8449220818828564,-0.5372358439322605,-1.4312974115495691,2.09049129486084,-0.09795259684324265,-2.963451623916626,0.5774682760238647,-0.856534481048584,2.092784882666464,-0.04682201074203766,0
,,,,,,1756197528.3300562,-2.841333793583677,-0.6417623300918328,-1.5867051976418025,2.092284679412842,-0.07910989224910736,-3.187009811401367,0.5535272359848022,-0.780589759349823,2.0937797292832316,-0.03779228818786808,0
,,,,,,1756197528.3806272,-2.8530503293890552,-0.7454675523440882,-1.742880984449301,2.053945779800415,-0.050900932401418686,-2.753828287124634,0.3003750741481781,-0.5713904500007629,2.0545763970413145,-0.02477695199799257,0
,,,,,,1756197528.4312992,-2.8781765363912872,-0.8434161383322865,-1.868341459890641,2.0320775508880615,-0.06336378306150436,-2.168250799179077,0.6039289236068726,-0.39351779222488403,2.0330652084542415,-0.031171673905767867,0
,,,,,,1756197528.4820406,-2.915301431825894,-0.9393430135555114,-1.9596580573606674,2.0256409645080566,0.01977888122200966,0.5129453539848328,0.08160790055990219,0.46948543190956116,2.0257375252572887,0.009763947820371516,0
,,,,,,1756197528.5326164,-2.948314051476309,-1.0324683864481785,-1.892933173552561,1.9419325590133667,0.10041707754135132,2.2766878604888916,0.4923897981643677,0.8463839292526245,1.944527102721417,0.05166385325853704,0
,,,,,,1756197528.583321,-2.9692661718935334,-1.1276285352459265,-1.7646265815853406,1.9814101457595825,0.12249595671892166,3.0239274501800537,0.6972355842590332,1.1559447050094604,1.985193044802317,0.06174403244166131,0
,,,,,,1756197528.6339338,-2.976777726782199,-1.2279697063180266,-1.6099631947956936,1.9973701238632202,0.07916523516178131,2.5348803997039795,0.22475546598434448,0.6037964820861816,1.9989383547672488,0.03961400011291376,0
,,,,,,1756197528.684514,-2.9724068378509667,-1.3257554827033284,-1.5057666825736653,1.9197065830230713,0.04248527064919472,0.8914024233818054,0.25907742977142334,0.20481576025485992,1.9201766489373446,0.02212751512185355,0
,,,,,,1756197528.7350938,-2.9626894595699738,-1.4204484234770192,-1.470329604839162,1.875109314918518,0.0060070110484957695,-0.03584572300314903,0.19318576157093048,0.008578135631978512,1.8751189367813264,0.0032035414956074005,0
,,,,,,1756197528.7859497,-2.953515931163567,-1.512694023944859,-1.4737624999260825,1.8199665546417236,-0.03859877586364746,-0.9887691140174866,0.3831194043159485,-0.6069931387901306,1.8203758198549655,-0.021205329335764283,0
,,,,,,1756197528.8367426,-2.951385523570215,-1.6026304321219016,-1.5609034756303126,1.77942955493927,-0.11175139993429184,-0.697684109210968,0.12601900100708008,0.3617083430290222,1.7829351969094789,-0.06271944172475391,0
,,,,,,1756197528.8872836,-2.9499174979854876,-1.688026323300068,-1.5357421025115565,1.6802887916564941,0.05941852927207947,1.185441017150879,0.5781985521316528,0.5164852738380432,1.6813390452217833,0.03534736466248589,0
,,,,,,1756197528.9277577,-2.941809128224604,-1.7560547415279848,-1.4628697396623174,1.716536521911621,0.10926838219165802,1.9305729866027832,-0.026015641167759895,0.5551356673240662,1.720010816943669,0.06357053802688444,0
,,,,,,1756197528.9782672,-2.9242608039908986,-1.837730930853438,-1.3686235789618246,1.6950995922088623,0.06259671598672867,0.493613600730896,0.9559430480003357,-0.021724727004766464,1.6962549856548617,0.03691127386104077,0
,,,,,,1756197529.028936,-2.904745446291878,-1.9274235704436926,-1.3698991192356125,1.9652588367462158,-0.04155813530087471,-1.0712534189224243,0.4193972647190094,-0.5009557008743286,1.9656981899617183,-0.021143241627660125,0
,,,,,,1756197529.0798345,-2.8917887706974796,-2.024313288398471,-1.4578920406364206,1.943097472190857,-0.10045662522315979,-2.2789053916931152,0.4193972647190094,-0.5009557008743286,1.9456925039650341,-0.05165323379039515,0
,,,,,,1756197529.1312644,-2.8884431181779915,-2.1210951929130824,-1.5300212184290565,1.9151602983474731,0.03782443702220917,1.1002470254898071,0.41015857458114624,0.6506848931312561,1.9155337784550888,0.0197474437179989,0
,,,,,,1756197529.1827745,-2.878053745326637,-2.2157154549905544,-1.4427898060423956,1.8903183937072754,0.10396187752485275,2.2524771690368652,0.19152775406837463,0.8205947875976562,1.8931750319414595,0.05494167057639795,0
,,,,,,1756197529.2334611,-2.8568789860420187,-2.305048801040008,-1.3274620270300632,1.7515268325805664,0.11767066270112991,2.3198070526123047,0.19152775406837463,0.8205947875976562,1.7554750440009776,0.06708096456542759,0
,,,,,,1756197529.2850487,-2.826792869297725,-2.38465642436319,-1.212457472982092,1.6211769580841064,0.13161231577396393,2.267646551132202,0.19152775406837463,0.8205947875976562,1.62651053826473,0.0810055395866791,0
,,,,,,1756197529.3358393,-2.7897452547240786,-2.453827995226048,-1.0972581273651736,1.5047355890274048,0.14682550728321075,2.3418824672698975,-0.07624813914299011,1.0736949443817139,1.5118819141965496,0.09726770405288855,1
,,,,,,1756197529.3871007,-2.7478905050491953,-2.5115479080632985,-0.9821044061498589,1.3354835510253906,0.1589694321155548,2.2651290893554688,-0.07624813914299011,1.0736949443817139,1.3449117426086106,0.11847762542612039,1
,,,,,,1756197529.427688,-2.7125987040165356,-2.550109635543339,-0.8963062689351319,1.2353266477584839,0.1541263312101364,2.047295093536377,0.07370198518037796,0.9434002637863159,1.2449043548138587,0.12412424251486677,1
,,,,,,1756197529.4783285,-2.6680121061676303,-2.589940203555938,-0.7971058831831329,1.114596962928772,0.14909210801124573,1.8881621360778809,0.07370198518037796,0.9434002637863159,1.1245242756122606,0.13297391199442057,1
,,,,,,1756197529.5305018,-2.624414715675345,-2.6217444543828687,-0.7134623158897114,1.015096664428711,0.09904351830482483,1.3370553255081177,-0.1433776170015335,0.47865208983421326,1.0199170832241675,0.09726266133578666,1
,,,,,,1756197529.5710177,-2.5916635566612642,-2.644216971891288,-0.6679841667874101,0.9432887434959412,0.08795210719108582,1.1191543340682983,-0.1433776170015335,0.47865208983421326,0.9473801912461036,0.09297105845986203,1
,,,,,,1756197529.634058,-2.5525618567914226,-2.668802469772842,-0.6204333839859765,0.916170597076416,0.06591697037220001,0.6481757164001465,0.2992536723613739,0.3437974452972412,0.9185388450851745,0.071824593985206,1
,,,,,,1756197529.6775165,-2.5209366769635237,-2.68769667426139,-0.5893059659412757,0.9234916567802429,0.06564014405012131,0.7055683135986328,0.2992536723613739,0.3437974452972412,0.9258215101484943,0.07095888409657079,1
,,,,,,1756197529.7282174,-2.480453286544178,-2.710315747764113,-0.5582191102194052,0.917512059211731,0.016795871779322624,0.3235178291797638,0.2042652666568756,0.06921469420194626,0.9176657779975117,0.018303842285500027,1
,,,,,,1756197529.7793558,-2.441674639036123,-2.73369325166168,-0.5507676100468978,0.8875567317008972,0.009440607391297817,-0.013324743136763573,0.2042652666568756,0.06921469420194626,0.8876069383772835,0.010636223070050792,1
,,,,,,1756197529.8299115,-2.401000433794733,-2.756785427594118,-0.527681825324646,1.1536915302276611,0.08636236935853958,1.2292134761810303,1.024129033088684,0.3912012279033661,1.1569194465304242,0.07471806194606867,1
,,,,,,1756197529.881476,-2.3404198362642052,-2.7843772416426322,-0.4599946849539699,1.5766100883483887,0.10567477345466614,1.5725109577178955,0.6397800445556641,1.0397005081176758,1.5801476286811333,0.06692647046567281,1
,,,,,,1756197529.9321609,-2.2638074398958805,-2.8109047325509833,-0.3424735663360188,1.6823348999023438,0.16170769929885864,2.869988441467285,0.6397800445556641,1.0397005081176758,1.6900887833016225,0.09582659373487924,1
,,,,,,1756197529.974703,-2.196140094413992,-2.8251169116142063,-0.22960683152705105,1.8169467449188232,0.13744942843914032,2.4594686031341553,0.7852278351783752,0.5967464447021484,1.8221382547022476,0.07550476159269358,0
,,,,,,1756197530.026304,-2.101732874744601,-2.835613893004074,-0.1047541431148325,2.0092198848724365,0.11817248165607452,2.5787618160247803,0.7852278351783752,0.5967464447021484,2.0126920482745394,0.05874742891644619,0
,,,,,,1756197530.0795243,-1.9978564361564117,-2.835542918416982,0.027519864257622803,2.158627986907959,0.09705539047718048,2.8251090049743652,0.727699875831604,0.7002808451652527,2.160808768651911,0.044931349736364645,1
,,,,,,1756197530.1302457,-1.888547148493789,-2.821947170355078,0.17204724746814218,2.2655527591705322,0.06402023881673813,2.9452059268951416,0.727699875831604,0.7002808451652527,2.266457124139648,0.02825059192306923,1
,,,,,,1756197530.18308,-1.774939747171538,-2.793055043825985,0.309745798062891,2.4915971755981445,0.01832416094839573,2.510646343231201,1.048162579536438,0.4446868300437927,2.491664556139753,0.007354250828564202,0
,,,,,,1756197530.2267883,-1.6788241014582022,-2.757814090607629,0.4097851224544151,2.6690096855163574,-0.007869325578212738,2.507697582244873,1.0714683532714844,0.23666702210903168,2.669021286476596,-0.0029483979837494536,1
,,,,,,1756197530.288228,-1.5280373794019972,-2.6852921495964646,0.5168957705716892,2.9468719959259033,-0.04047729820013046,1.4182288646697998,1.0714683532714844,0.23666702210903168,2.9471499744739664,-0.013734818797954343,1
,,,,,,1756197530.3287697,-1.4243150654499912,-2.6253912314949814,0.5634163140286994,2.997962236404419,-0.06796649098396301,-0.01052065659314394,0.0,0.0,2.9987325680699937,-0.022667013450998204,0
,,,,,,1756197530.3794718,-1.2974808847155253,-2.5482843945425873,0.5528794130304704,2.923858165740967,-0.011470322497189045,-0.23724062740802765,4.048098254332941e-18,3.8350727768209344e-18,2.9238806647447704,-0.0039229890797615056,0
,,,,,,1756197530.4300447,-1.1738601358317828,-2.473072882246331,0.5424987672908828,2.8493194580078125,-0.0013772865058854222,-0.1820795238018036,4.048098254332941e-18,3.8350727768209344e-18,2.8493197908799313,-0.00048337380869908426,0
,,,,,,1756197530.4815876,-1.0528364749637062,-2.400772013738127,0.5336116407291264,2.7748656272888184,-0.001267287996597588,-0.1738443374633789,1.125639164885889e-18,-1.9442762838411933e-17,2.774865916675585,-0.00045670244210228525,0
,,,,,,1756197530.5322618,-0.9343825414116621,-2.331430458758854,0.5249836535911527,2.7006418704986572,-0.001966793555766344,-0.17081290483474731,1.5019580569292587e-18,5.237855704015418e-18,2.7006425866758783,-0.0007282687977025902,0
,,,,,,1756197530.5829186,-0.8185339283207047,-2.264984060599813,0.5164977936402756,2.6266934871673584,-0.002678245771676302,-0.1680660843849182,2.7801428718524565e-18,1.1635244505311239e-18,2.626694852571922,-0.0010196259505062906,0
,,,,,,1756197530.6338615,-0.7053280296986981,-2.201359104633479,0.5081506012630036,2.553058624267578,-0.003344492055475712,-0.16524052619934082,2.7801428718524565e-18,1.1635244505311239e-18,2.553060814899278,-0.0013099934762732198,0
,,,,,,1756197530.6846898,-0.5947992994419419,-2.140480642260006,0.49994671339774327,2.479773759841919,-0.003961296286433935,-0.16231310367584229,2.402172617113701e-18,1.6488567517198212e-18,2.4797769238116554,-0.001597441258989182,0
,,,,,,1756197530.7251587,-0.5083249318662276,-2.0937046790563354,0.49349021642285884,2.406874418258667,-0.004528293386101723,-0.15928395092487335,1.2529878594890669e-18,-1.2167131978940493e-18,2.4068786780203504,-0.0018813977201633833,0
,,,,,,1756197530.785965,-0.38189469784586033,-2.026661296282117,0.48398922197868827,2.33439564704895,-0.005045565310865641,-0.15615519881248474,1.2529878594890669e-18,-1.2167131978940493e-18,2.3344010997877795,-0.0021613977305945365,0
,,,,,,1756197530.8365002,-0.2795712261098634,-1.9735690283518101,0.4762455935221858,2.26237154006958,-0.005513393320143223,-0.15292951464653015,7.624658543425866e-11,-1.4069682086059743e-09,2.262378258121905,-0.002436992469155967,1
,,,,,,1756197530.876939,-0.19945291548265348,-1.9337373169495515,0.45071439141589237,2.1908421516418457,-0.05886370316147804,-1.572111964225769,0.24665874242782593,-0.33124157786369324,2.1916327860662594,-0.026861608816756862,0
,,,,,,1756197530.9276226,-0.09925772474878575,-1.8929185371220072,0.36067507207773913,2.1756837368011475,-0.0925288200378418,-2.5775954723358154,0.7529023289680481,-0.6898764967918396,2.1776504092986553,-0.04250300437747857,0
,,,,,,1756197530.978265,0.007519971086399426,-1.8641228325875296,0.21254352871658633,2.254063367843628,-0.07296823710203171,-3.3449764251708984,0.712421178817749,-0.80274897813797,2.2552441175802533,-0.032360565117532936,0
,,,,,,1756197531.0288959,0.12030200307917542,-1.8502992664930447,0.040898683617405826,2.304319381713867,-0.013896862044930458,-3.454826831817627,0.7137914896011353,-0.6676573753356934,2.3043612858483966,-0.0060307150478855435,0
,,,,,,1756197531.0793698,0.23642618923364128,-1.8530604118501324,-0.12857125614266426,2.352771282196045,0.040015704929828644,-3.2972822189331055,0.5510269999504089,-0.12140538543462753,2.353111549197669,0.017006262984900593,0
,,,,,,1756197531.130414,0.354292271168474,-1.8702429518111958,-0.22059398074568368,2.4229655265808105,0.04848849028348923,-0.8185542225837708,0.06283634155988693,0.00858239084482193,2.4234506548904595,0.020009372145916575,0
,,,,,,1756197531.1809845,0.471236806005374,-1.8957566064026248,-0.23245072010597742,2.350388765335083,0.0066291699185967445,-0.06015203148126602,0.017682090401649475,0.04926711693406105,2.350398113960098,0.0028204492967948466,0
,,,,,,1756197531.2314925,0.5843055467408363,-1.922043596993397,-0.22813767121043044,2.2786660194396973,0.005867951549589634,0.14253811538219452,0.04928768053650856,0.05260195583105087,2.2786735749125064,0.0025751639461318787,0
,,,,,,1756197531.2820992,0.694026840413361,-1.9469031284726823,-0.2210240734304819,2.1788294315338135,-0.026629410684108734,-0.7101501822471619,-0.007593210786581039,-0.8326035141944885,2.1789921563033086,-0.01222128015102752,0
,,,,,,1756197531.3327904,0.7952574751623666,-1.9750663016953538,-0.2940830019371362,2.025874614715576,-0.07154251635074615,-1.7453210353851318,0.25182637572288513,-0.32740333676338196,2.027137461099957,-0.03529971583771029,0
,,,,,,1756197531.3833475,0.8889462098644839,-2.010280277471622,-0.3647801305407697,1.9984424114227295,0.018173955380916595,0.6834090352058411,0.5050637125968933,0.3753776550292969,1.9985250472354061,0.00909380940618749,0
,,,,,,1756197531.4339485,0.9844990693799671,-2.0416042334179982,-0.29681190479811975,1.9848204851150513,0.09298048168420792,2.2123544216156006,0.3481220602989197,1.5424253940582275,1.986997163587954,0.046811565937673015,0
,,,,,,1756197531.484395,1.0804226695329635,-2.0606167325446325,-0.17026134959201117,1.9708458185195923,0.1237645074725151,3.075139284133911,0.7441195845603943,1.4079419374465942,1.9747280556284392,0.06271530721701121,0
,,,,,,1756197531.5351295,1.180622507224127,-2.0654096010014307,-0.009559680029462236,1.979129672050476,0.08318138867616653,2.771801471710205,-0.11988451331853867,0.7520631551742554,1.9808769275784703,0.04200455524878793,0
,,,,,,1756197531.5856726,1.2764394372017445,-2.0578466650291714,0.09994838996159953,1.862179160118103,0.018239522352814674,0.28666460514068604,-0.03159405663609505,0.07285942882299423,1.8622684834775631,0.009794406197958651,0
,,,,,,1756197531.636292,1.3672880841995707,-2.047859142118592,0.10354926047339601,1.7294809818267822,-0.04510468989610672,-1.0873486995697021,-0.07994580268859863,-1.1495327949523926,1.7300690447352542,-0.02607398889529269,0
,,,,,,1756197531.6767793,1.433943096957146,-2.0452431193015155,0.04245099362022769,1.5781046152114868,-0.11434242129325867,-2.021873712539673,-0.15738658607006073,-0.6405444741249084,1.5822415636871001,-0.07232914490726502,0
,,,,,,1756197531.7285335,1.5099355555790925,-2.0510328002667904,-0.04891311148161111,1.443089246749878,-0.03407080098986626,0.04294305294752121,0.17866867780685425,0.43837177753448486,1.4434913901943514,-0.023605243170391352,0
,,,,,,1756197531.78007,1.58011650711029,-2.052007936551018,-0.004686722526348343,1.4049549102783203,0.1244225800037384,2.077185869216919,0.5789984464645386,0.966552734375,1.4104535718448692,0.08832940157380612,0
,,,,,,1756197531.8307586,1.6522082938285265,-2.0416159040350808,0.11112819775737319,1.5639463663101196,0.15639728307724,2.354398727416992,0.7912319898605347,0.6827043294906616,1.5717469092855152,0.0996703278960273,0
,,,,,,1756197531.881269,1.7320023095983026,-2.0209260134119518,0.23432112326457424,1.6560049057006836,0.1506829559803009,2.5975136756896973,0.23984315991401672,1.1120359897613525,1.6628462349019801,0.09074197092012949,0
,,,,,,1756197531.9318802,1.808886342528451,-1.9901381809109233,0.36903411139235154,1.737417221069336,0.16707320511341095,3.0216143131256104,0.8124523162841797,0.9865458607673645,1.7454317677684112,0.09586704963427266,0
,,,,,,1756197531.9824326,1.8878681970948896,-1.944824148015491,0.5256333946322933,1.9229838848114014,0.1475631296634674,3.2410130500793457,0.7862479090690613,0.9599243998527527,1.9286373164699544,0.07658644891097427,0
,,,,,,1756197532.0331438,1.966318181074245,-1.8841480153998704,0.6874804077102886,2.0515365600585938,0.10207238793373108,3.001232624053955,0.6738337874412537,0.7185351848602295,2.054074251246907,0.04971312186989897,0
,,,,,,1756197532.0836613,2.038853351830926,-1.8110320229553245,0.8301227443277057,1.990086317062378,0.07540598511695862,2.5394351482391357,0.08851093053817749,0.9312396049499512,1.9915144016427195,0.03787269345710061,0
,,,,,,1756197532.134433,2.097134802552366,-1.7341901115218512,0.9526180996776389,1.8531057834625244,0.10136762261390686,2.4790139198303223,0.2873074412345886,1.1593785285949707,1.8558761918879856,0.05464701413307261,0
,,,,,,1756197532.1849947,2.1410348921500435,-1.6552380848908541,1.0774728723916835,1.7209726572036743,0.12272325903177261,2.457493543624878,0.1958829164505005,1.0881506204605103,1.7253428311932837,0.07118989827062817,0
,,,,,,1756197532.2355578,2.1716766400741463,-1.5746312457728866,1.2093898315491982,1.7694989442825317,0.15132825076580048,2.931565046310425,0.6344196200370789,1.022170901298523,1.7759579818500302,0.08531281508198192,0
,,,,,,1756197532.2865193,2.1917471600876697,-1.4832911443233372,1.3687412958232728,2.052506923675537,0.1426105797290802,3.534980297088623,1.0987577438354492,0.9047017693519592,2.0574553334608945,0.06936968155215543,0
,,,,,,1756197532.3372645,2.1999404095701496,-1.376536919887257,1.5463354244723275,2.183892250061035,0.07588676363229752,3.3939120769500732,0.5659623146057129,0.8589951992034912,2.1852103241498826,0.03473442544909626,0
,,,,,,1756197532.3777254,2.195951275268485,-1.289072124516341,1.6729473488639668,2.1733651161193848,0.029564375057816505,2.953402519226074,0.4441298544406891,0.9561665058135986,2.17356618952292,0.013602202171855924,0
,,,,,,1756197532.4283118,2.1773186099110657,-1.1826913172588502,1.8159204952011612,2.215566396713257,0.04070477932691574,3.001945972442627,0.9384018778800964,0.8233445882797241,2.2159402828833223,0.018370110923374993,0
,,,,,,1756197532.478913,2.1412975600672026,-1.074119947350349,1.9648503807663031,2.4160282611846924,-0.023496095091104507,1.9160393476486206,0.9213634133338928,0.26830413937568665,2.4161425093167948,-0.00972478458858543,0
,,,,,,1756197532.5294378,2.0899599736126615,-0.9600108962749951,2.0446560560478515,2.6491055488586426,-0.0022442983463406563,1.3343740701675415,1.06942617893219,0.23389077186584473,2.6491064995331386,-0.0008471907849698535,0
,,,,,,1756197532.5801046,2.0243947268908347,-0.8399937258126796,2.1063952754871407,2.7653045654296875,-0.021708423271775246,0.5515130162239075,0.09027838706970215,0.09950699657201767,2.765389772749443,-0.007850121689449737,0
,,,,,,1756197532.63121,1.9542596665423755,-0.7226839800003273,2.123041727322288,2.6885828971862793,-0.0086961779743433,0.06508193165063858,0.09156881272792816,0.04146979749202728,2.688596960973126,-0.0032344725756807595,0
,,,,,,1756197532.6818886,1.8846757823091884,-0.609381683207544,2.1224518703754884,2.6150662899017334,-0.006806118879467249,-0.1746349185705185,0.0,0.0,2.615075146880988,-0.0026026504712342306,0
,,,,,,1756197532.7324615,1.8175200911072087,-0.498910786620466,2.1138157197428447,2.541531562805176,-0.0038365614600479603,-0.16628128290176392,0.00010208415187662467,0.0001003130673780106,2.5415344585385333,-0.001509545898242523,0
,,,,,,1756197532.783069,1.7531327171283955,-0.39105752103516006,2.1056279716633837,2.4683263301849365,-0.004047560505568981,-0.16069646179676056,0.00043036387069150805,0.00021816787193529308,2.4683296487767357,-0.0016397981207717733,0
,,,,,,1756197532.833813,1.6914907461288355,-0.28582436350575213,2.097622075651031,2.395494222640991,-0.004620630294084549,-0.15887045860290527,1.4445184206124395e-05,-8.002624781511258e-06,2.395498678966591,-0.0019288815309719185,0
,,,,,,1756197532.8844688,1.634896546244307,-0.18332942768534505,2.0521851278016774,2.243420124053955,-0.07017374783754349,-2.091668128967285,0.3042033910751343,-1.0800529718399048,2.2445173663609355,-0.03126961102740516,0
,,,,,,1756197532.9350421,1.5888342438698762,-0.0833211569078174,1.994369927240679,2.156409740447998,-0.002785173011943698,-0.13972464203834534,1.2365128441160778e-06,-7.193366400315426e-07,2.1564115390823964,-0.0012915780387113835,0
,,,,,,1756197532.9855466,1.5423585255680854,0.016642403890689023,2.0189139019869264,2.3392741680145264,0.0420844666659832,1.1536154747009277,0.9065287709236145,0.22162111103534698,2.339652695481664,0.017988454645341587,0
,,,,,,1756197533.0360892,1.4866929866910903,0.11967240296326381,2.0943048462567964,2.2724483013153076,0.05796347185969353,1.9454421997070312,0.057044532150030136,0.4951780140399933,2.273187419950422,0.025501528986227665,0
,,,,,,1756197533.0867765,1.427197892517802,0.21658899132665702,2.112305200159049,2.324674606323242,-0.07252518832683563,-1.9216727018356323,0.7073078155517578,-0.38742509484291077,2.3258056514304806,-0.03118787976247097,0
,,,,,,1756197533.1273057,1.3836787766499492,0.30039285918987874,2.0216341223242535,2.440171718597412,-0.08090906590223312,-3.1202657222747803,1.0600626468658447,-0.7901586294174194,2.4415127059238952,-0.03314497684696907,0
,,,,,,1756197533.177923,1.3392838616967944,0.4176795046702907,1.8434485198295643,2.605649709701538,0.018655946478247643,-3.9334287643432617,1.0246871709823608,-0.6880244612693787,2.605716495324599,0.007159683680082957,0
,,,,,,1756197533.2284606,1.3098328587277193,0.5472722186173281,1.6441492556409216,2.740173816680908,0.1868876814842224,-3.889986753463745,1.044328212738037,-0.47165223956108093,2.746539559357222,0.06809739915317255,0
,,,,,,1756197533.2789743,1.2977023612985514,0.685391052263546,1.4562937301178132,2.729893922805786,0.3407568335533142,-3.4873266220092773,0.7010989785194397,-1.0323238372802734,2.751079069998761,0.1241818985040033,0
,,,,,,1756197533.32958,1.3035719647517137,0.8213300559959752,1.2914772986133471,2.6545169353485107,0.41455504298210144,-3.02479887008667,0.6633488535881042,-0.626299262046814,2.6866923984174185,0.1549183287813033,0
,,,,,,1756197533.3808846,1.326189875230208,0.9502311053808533,1.1577800880712514,2.4466891288757324,0.4097154438495636,-2.014101982116699,0.055802349001169205,-0.5719653367996216,2.48075682772164,0.16591764011257504,0
,,,,,,1756197533.4314086,1.361292773520198,1.0644963497554942,1.0773740541939028,2.2664427757263184,0.25734975934028625,-1.0726020336151123,-0.09909049421548843,-0.2507113516330719,2.2810067413917308,0.1130636194732473,0
,,,,,,1756197533.4820633,1.4076971634798947,1.1656270751092461,1.0467449497110721,2.1676077842712402,0.07540339976549149,0.1916155070066452,0.07084541022777557,0.024637212976813316,2.1689188963927326,0.034772437714617715,0
,,,,,,1756197533.5325787,1.4573489357436171,1.259942593443123,1.0891368798766472,2.071176290512085,0.06560510396957397,1.4705893993377686,0.18497811257839203,0.3373466432094574,2.0722150602787974,0.03166470010996246,0
,,,,,,1756197533.5831947,1.498545436001069,1.3557534769932993,1.1932712669367647,2.1524436473846436,0.10912055522203445,3.071033000946045,0.8132803440093994,1.0820492506027222,2.155207867176267,0.05065276192869904,0
,,,,,,1756197533.6339185,1.5274662326512851,1.4590583930236463,1.3479951420733078,2.1328184604644775,0.07062528282403946,3.0660951137542725,0.5024176836013794,1.1192642450332642,2.133987468536786,0.03310149800601027,0
,,,,,,1756197533.6844213,1.542966119844061,1.5631452621282989,1.4628764053717618,2.0430305004119873,0.03533782437443733,1.3956669569015503,0.06807509064674377,0.33543968200683594,2.0433360926301805,0.017295043269195898,0
,,,,,,1756197533.7351668,1.5478002004516251,1.6622355178372195,1.5453559659636433,1.886904239654541,0.09191042184829712,2.10318922996521,-0.02200499176979065,0.7995834946632385,1.8891413751412605,0.04867116913054671,0
,,,,,,1756197533.7856836,1.5419638240873044,1.7539079303082832,1.6393079430256163,1.7669748067855835,0.08798188716173172,1.611043095588684,0.10910370945930481,0.4291647672653198,1.769163864734833,0.049751294797589225,0
,,,,,,1756197533.8363085,1.5286615019262855,1.8389831334588735,1.722501087020805,1.6498937606811523,0.10119989514350891,1.7013304233551025,0.04845286160707474,0.49023494124412537,1.6529945070421899,0.0612604702318122,0
,,,,,,1756197533.8768249,1.5124031961225168,1.9028971118710059,1.8032890482951407,1.6799627542495728,0.15229374170303345,2.764636754989624,0.6199322938919067,0.9830862283706665,1.6868515759923044,0.090405935673099,0
,,,,,,1756197533.9273334,1.479961678110167,1.9840732423310345,1.9522140719410637,1.8948520421981812,0.1705273985862732,3.61545991897583,1.029512882232666,1.378232717514038,1.9025098831520482,0.08975331333037863,0
,,,,,,1756197533.9778821,1.4299823167989072,2.0702275942774033,2.124525566524827,2.102487802505493,0.10318466275930405,3.163072109222412,0.821278989315033,0.750512421131134,2.1050182978570824,0.04903806760935335,0
,,,,,,1756197534.0285673,1.3639888462237628,2.1566654005031447,2.2672748285368938,2.2955503463745117,0.04116459935903549,2.144737720489502,0.8661741018295288,0.3924194574356079,2.295919405593439,0.01793042259162091,0
,,,,,,1756197534.079009,1.2837410729636787,2.2428921780257918,2.3545859038193053,2.404772996902466,0.010916409082710743,0.9692575335502625,0.4947976768016815,0.19211003184318542,2.4047977741628355,0.0045394447265757025,0
,,,,,,1756197534.1296325,1.1957603444427116,2.328471616549788,2.3726535016890145,2.6029410362243652,-0.03973134979605675,-1.0325291156768799,1.0982292890548706,-0.13326525688171387,2.6032442486669183,-0.015262836921943315,0
,,,,,,1756197534.180327,1.1054209249769393,2.423888542148218,2.289239512139015,2.5947020053863525,-0.04641171917319298,-2.5770230293273926,0.48471179604530334,-0.7634661793708801,2.595117057944125,-0.017885202322756578,0
,,,,,,1756197534.231991,1.0241012373719403,2.5228196921104193,2.2428771120903255,2.5097386837005615,0.07781972736120224,1.5909720659255981,0.2540711462497711,0.3348627984523773,2.510944876023685,0.030997172161736558,0
,,,,,,1756197534.282804,0.9431137803342989,2.6160595056192872,2.289315533916457,2.3842482566833496,-0.05502738058567047,-1.327147126197815,0.05054330825805664,-0.4326953589916229,2.384883175778577,-0.023075454979768654,0
,,,,,,1756197534.3342702,0.8680443667845351,2.7061438473701473,2.276038377288958,2.3058722019195557,0.05839633569121361,1.5887069702148438,0.33575382828712463,0.4142712950706482,2.3066115285430056,0.025319640923523606,0
,,,,,,1756197534.384817,0.7895957312601741,2.7872156876337186,2.373040949881392,2.158783197402954,0.07048013806343079,2.286109685897827,0.17070315778255463,0.8253087401390076,2.159933411763141,0.03263649291752069,0
,,,,,,1756197534.4355145,0.7081011223019125,2.854048494732832,2.492767777433698,2.0719199180603027,0.08655999600887299,2.670018196105957,0.4684878885746002,1.0198538303375244,2.07372726744962,0.04175339407142302,0
,,,,,,1756197534.486093,0.6203975928948888,2.9080649413290547,2.630841071123363,2.0418765544891357,0.08699259907007217,2.8346328735351562,0.46386557817459106,1.0266523361206055,2.043728841129711,0.04257849089251286,0
,,,,,,1756197534.5367787,0.5275016105593133,2.9486155143447856,2.772746570772962,1.9964553117752075,0.08713170886039734,2.82838773727417,0.4184967875480652,1.2139443159103394,1.9983557607704323,0.043615527334311344,0
,,,,,,1756197534.5772219,0.45178132028437124,2.9705957379035453,2.883731549119431,1.9137325286865234,0.09053543210029602,2.6486480236053467,0.28318342566490173,1.2231180667877197,1.9158728704740569,0.047273053885527404,0
,,,,,,1756197534.627901,0.3588031371929565,2.9848903524336783,3.0158076017208932,1.8647637367248535,0.11563912034034729,2.7480673789978027,0.4837648570537567,1.0291731357574463,1.8683458459174866,0.06193343744588145,0
,,,,,,1756197534.6783528,0.26734935003846627,2.985705373395627,-3.1354570743085803,1.7395597696304321,0.11715816706418991,2.39894962310791,0.11102412641048431,0.9161090850830078,1.7435005673146546,0.06724776532512894,0
,,,,,,1756197534.7289944,0.18320550802390234,2.974883546202641,-3.0149589095171843,1.638549566268921,0.1393011063337326,2.4615767002105713,0.28426042199134827,0.9575097560882568,1.6444602395150423,0.08481095478635482,0
,,,,,,1756197534.7796059,0.10380268773527394,2.9530717777614686,-2.8844051616373294,1.6765999794006348,0.16006800532341003,2.8210608959198,0.5598678588867188,1.02800714969635,1.6842236363542769,0.09518329783368226,0
,,,,,,1756197534.830286,0.02464449859963557,2.918810002458664,-2.738807019787189,1.7928706407546997,0.15790481865406036,3.0386595726013184,0.6748654246330261,1.0009711980819702,1.799810841792642,0.08784706298021891,0
,,,,,,1756197534.8809538,-0.05596441974720238,2.8696205305502898,-2.5791766334645105,2.049544334411621,0.13857148587703705,3.452873945236206,1.0227077007293701,0.8937661051750183,2.054223462872758,0.06750813504955151,0
,,,,,,1756197534.9314463,-0.13893248653998322,2.801265915389231,-2.3970798550052814,2.2847371101379395,0.07325386255979538,3.902073621749878,1.0190812349319458,1.0614159107208252,2.2859111511214496,0.03205129216428194,0
,,,,,,1756197534.982088,-0.21773320352584535,2.713891659689125,-2.198817415180895,2.433314085006714,-0.04338332265615463,3.95084285736084,0.8835002183914185,1.009823203086853,2.4337007928208325,-0.017827015036997795,0
,,,,,,1756197535.0326574,-0.28575923459488206,2.611623296936223,-2.0060004784298195,2.452601194381714,-0.16179153323173523,3.5747478008270264,0.6157368421554565,0.9818213582038879,2.4579318784108084,-0.06587188155273821,0
,,,,,,1756197535.0839589,-0.33796094872432864,2.502349396902789,-1.8420970578875506,2.3095004558563232,-0.2171715348958969,2.6218087673187256,0.16417017579078674,0.7396030426025391,2.3196887358371177,-0.093758286082138,0
,,,,,,1756197535.1344283,-0.3722802064703879,2.3944408537817066,-1.727807517371745,2.211517572402954,-0.13485415279865265,1.9236171245574951,0.4166252017021179,0.5956476330757141,2.2156253328516753,-0.060902695206230234,0
,,,,,,1756197535.1850107,-0.3896920347736474,2.28348857351101,-1.630213297396357,2.347010612487793,-0.018848411738872528,2.169511079788208,0.9236437678337097,0.5245194435119629,2.3470862953362843,-0.00803064393957885,0
,,,,,,1756197535.2357786,-0.3910817823239726,2.162664061161434,-1.5048991911421945,2.5230777263641357,0.010587753728032112,3.045332670211792,1.0118006467819214,0.8038070201873779,2.5230999413031228,0.004196339839155626,0
,,,,,,1756197535.2862296,-0.3800507239773683,2.0361540139393814,-1.441566332301762,2.5624375343322754,-0.02926049195230007,0.26702970266342163,0.4495590925216675,0.08855017274618149,2.5626045917667755,-0.011418510642689847,0
,,,,,,1756197535.336929,-0.3614397517321903,1.9085220461711612,-1.3914012127938387,2.6101324558258057,0.04675225913524628,1.9108935594558716,0.6682802438735962,0.5152599811553955,2.6105511315983643,0.01790991874438681,0
,,,,,,1756197535.3773513,-0.33811083461920266,1.8067118564712839,-1.3030589663106416,2.593313217163086,0.00940893217921257,2.092449426651001,0.3811842203140259,0.41659238934516907,2.5933302856206937,0.0036281351718350286,0
,,,,,,1756197535.4283109,-0.2982098566642121,1.6829846142131781,-1.19671436415791,2.680035352706909,0.006601161323487759,2.4264252185821533,0.9807823896408081,0.4912792444229126,2.6800434823132377,0.0024630824244767733,0
,,,,,,1756197535.4789872,-0.24405135770079875,1.5579704785911208,-1.1087746052514023,2.738219738006592,-0.07995256036520004,-0.2446030229330063,0.3346468508243561,-0.016218354925513268,2.739386746247751,-0.029190444160622275,0
,,,,,,1756197535.5296893,-0.1860905890847192,1.434524606552989,-1.1250607000453963,2.690812110900879,-0.010532370768487453,-0.22052393853664398,0.0,0.0,2.6908327237130236,-0.0039141777821247075,0
,,,,,,1756197535.5803077,-0.1294887272872992,1.314098830274177,-1.134609280353179,2.6170263290405273,-0.0033107229974120855,-0.16798736155033112,0.00812638457864523,0.0005285487277433276,2.6170284231888092,-0.0012650698980408413,0
,,,,,,1756197535.631502,-0.075408096428006,1.1965725789715114,-1.1436833938465414,2.5430397987365723,-0.00426942203193903,-0.19377127289772034,0.022625090554356575,-0.0045768930576741695,2.5430433826269327,-0.0016788640204598011,0
,,,,,,1756197535.6821554,-0.026410281147989247,1.0829462570025665,-1.1870729553573984,2.3428707122802734,-0.058186016976833344,-1.9255412817001343,0.02677999623119831,-1.027742624282837,2.3435931359842104,-0.024830246993767853,0
,,,,,,1756197535.7328982,0.008715041627469864,0.9756211127650334,-1.2947508459728294,2.1385583877563477,-0.06454307585954666,-2.3345890045166016,0.04095492511987686,-0.8039230704307556,2.1395321419610505,-0.030171488474176906,0
,,,,,,1756197535.7836323,0.028908611031890154,0.8743002051661577,-1.410897021815587,1.9641648530960083,-0.07913029938936234,-2.2838284969329834,-0.0173555389046669,-0.6243956685066223,1.965758167837314,-0.04026522025776665,0
,,,,,,1756197535.8341827,0.03941448122307387,0.7791857336825803,-1.4521238527760805,1.8502802848815918,0.03953826054930687,0.8964423537254333,-0.007767032831907272,0.24561773240566254,1.8507026791650703,0.021365543621923083,0
,,,,,,1756197535.8860507,0.05176723190006999,0.6877623114352703,-1.449065386027802,1.865618109703064,-0.037805382162332535,-0.8011911511421204,0.4231254458427429,-0.14039099216461182,1.8660011195528459,-0.02026149319278688,0
,,,,,,1756197535.9366434,0.06230785910958058,0.5960742993472912,-1.439583693117016,1.7870843410491943,0.07209989428520203,1.542839765548706,0.22383834421634674,0.5007291436195374,1.7885381843223729,0.04032311814263952,0
,,,,,,1756197535.9770985,0.07478807205478448,0.5246884907231797,-1.416689077328628,1.9189186096191406,-0.057405851781368256,-1.9282170534133911,0.934920072555542,-0.4307362139225006,1.9197770865809916,-0.02990681081701774,0
,,,,,,1756197536.027661,0.08436111917240274,0.42487642791565305,-1.4725329024815583,2.0984668731689453,0.042720600962638855,1.1841230392456055,0.7027938365936279,0.38640493154525757,2.0989016812452315,0.02035519414085835,0
,,,,,,1756197536.0790968,0.10103884491392442,0.31971436829624916,-1.3893210569993437,2.1184074878692627,0.07667189836502075,2.06555438041687,0.3342445194721222,0.5207730531692505,2.11979453359505,0.03617738627135746,0
,,,,,,1756197536.1296837,0.12460746238444603,0.21655218690556202,-1.3525994505403933,2.128232479095459,-0.03321170061826706,-0.8189652562141418,0.41224998235702515,-0.1300441324710846,2.1284916025520895,-0.015604030750937291,0
,,,,,,1756197536.1804218,0.1422716660990847,0.10890671646062627,-1.4419879863591636,2.297002077102661,-0.10546930879354477,-3.347057342529297,1.0647724866867065,-0.8645181655883789,2.2994221703096036,-0.04588384296970608,0
,,,,,,1756197536.2323601,0.14613938752337777,-0.009507195870934428,-1.6048867794931614,2.4643545150756836,-0.008634587749838829,-2.8666672706604004,0.8421241044998169,-0.41905340552330017,2.4643696419327026,-0.0035037785200626517,0
,,,,,,1756197536.2829087,0.1355837743866226,-0.13429759170820754,-1.735655444972303,2.5551271438598633,0.03184490650892258,-2.267961263656616,0.6927417516708374,-0.3417637050151825,2.5553255799134527,0.01246249444673146,0
,,,,,,1756197536.3340158,0.11279136333474157,-0.2596795321468063,-1.7962655948190944,2.5090410709381104,0.040448859333992004,-0.04980624467134476,1.2008116755168885e-05,-2.178585964429658e-05,2.5093670926900433,0.016119846025643324,0
,,,,,,1756197536.384555,0.08439072974264886,-0.37928554535514186,-1.8325492660821299,2.3687992095947266,-0.05045285075902939,-1.7887790203094482,-0.13463862240314484,-0.431744784116745,2.3693364441392264,-0.021295694216700772,0
,,,,,,1756197536.4351032,0.04805097792205271,-0.48909714964711176,-1.9241434328675675,2.240490436553955,-0.04084336385130882,-1.5901590585708618,0.037201374769210815,-0.27586817741394043,2.2408626858110745,-0.018227634328556057,0
,,,,,,1756197536.4864254,0.005662275600156133,-0.5906621686268471,-1.9820222581818188,2.146946430206299,-0.02837887965142727,-0.7825507521629333,0.14255179464817047,-0.12084678560495377,2.1471339816103328,-0.013217482569062883,0
,,,,,,1756197536.5370553,-0.04081933340513987,-0.6851634174806042,-2.0518070534023325,2.0443592071533203,-0.09274164587259293,-2.379608631134033,0.3823905885219574,-0.8912653923034668,2.0464617222786528,-0.045333571865095,0
,,,,,,1756197536.5776317,-0.08491653383241374,-0.7541390588220735,-2.1600342307584635,2.0860166549682617,-0.11119811981916428,-3.2362701892852783,0.7649146318435669,-0.8123493194580078,2.088978340399032,-0.05325603358906826,0
,,,,,,1756197536.6281626,-0.15431633489685914,-0.8358462046906145,-2.3342932956383615,2.2706682682037354,-0.07168761640787125,-3.848092555999756,1.0632425546646118,-0.7136779427528381,2.271799616729784,-0.03156067036650593,0
,,,,,,1756197536.678866,-0.24140228927973756,-0.9133950531321627,-2.4950870442129167,2.395951986312866,0.031793542206287384,-2.259382963180542,0.6708165407180786,-0.3129742741584778,2.396162922266053,0.013268912092686396,0
,,,,,,1756197536.7293825,-0.3419732573183468,-0.9836535780280493,-2.606562271334629,2.5621538162231445,0.005722728092223406,-2.3704447746276855,0.9590650796890259,-0.38159963488578796,2.5621602072477123,0.0022335577745204544,0
,,,,,,1756197536.780052,-0.45551823201769526,-1.0465772232315933,-2.6811770968193267,2.5600616931915283,0.09980156272649765,1.291208267211914,0.06263347715139389,0.2879755198955536,2.562006288998785,0.03896431521189251,0
,,,,,,1756197536.8306725,-0.5664361163434186,-1.1070976016736185,-2.6467272414511394,2.4815773963928223,-0.004580036737024784,-0.13905280828475952,9.579030901818442e-09,-1.896511392374123e-09,2.4815816228817242,-0.001845613013470352,0
,,,,,,1756197536.8819184,-0.6747476253648339,-1.162795299489468,-2.6884293923152933,2.356491804122925,-0.05385131761431694,-1.7548210620880127,0.015421749092638493,-0.346487820148468,2.3571070377280954,-0.0228483486428355,0
,,,,,,1756197536.9325836,-0.7819142198002602,-1.2072170638143902,-2.784931828411758,2.3075692653656006,-0.06072327494621277,-2.2698631286621094,0.5065971612930298,-0.4394753575325012,2.3083680881913375,-0.026308750654640452,0
,,,,,,1756197536.983258,-0.8927816448953935,-1.240776190112574,-2.880738831813038,2.343057870864868,-0.015640290454030037,-1.0155633687973022,0.4833899438381195,-0.140432208776474,2.3431100710182813,-0.006675062684459166,0
,,,,,,1756197537.033755,-1.005905270195496,-1.2689487950678613,-2.8979951320089663,2.239795207977295,0.060858529061079025,1.530177354812622,-0.06247361749410629,1.1836497783660889,2.2406218632865147,0.027164786503029954,0
,,,,,,1756197537.084415,-1.1093456933695456,-1.3020135617276296,-2.8069506498401937,2.0923221111297607,0.06218092516064644,1.7085691690444946,-0.21683374047279358,0.3992374837398529,2.093245872843497,0.02970987523175852,0
,,,,,,1756197537.136365,-1.2035820229869696,-1.3400913065676787,-2.7585797642525884,1.9107588529586792,-0.041740793734788895,-1.079347848892212,-0.010577786713838577,-1.0323973894119263,1.9112147153110712,-0.02184166560887665,0
,,,,,,1756197537.186977,-1.2904290158647986,-1.368301075864197,-2.841671317137057,1.702934741973877,-0.11351719498634338,-2.219972610473633,0.07439202815294266,-0.9934520721435547,1.7067140618683618,-0.06656127234389894,0
,,,,,,1756197537.227368,-1.3560421549839925,-1.3808057293787737,-2.9389905935224556,1.6344467401504517,-0.15322890877723694,-2.787370443344116,0.410927414894104,-0.919380247592926,1.6416136101024201,-0.09347649421751786,0
,,,,,,1756197537.2780652,-1.4354495818116524,-1.3845695632013897,-3.0782504951423535,1.478922724723816,-0.166611909866333,-2.6915340423583984,0.16092409193515778,-1.1104127168655396,1.4882781844177597,-0.11218460677202172,0
,,,,,,1756197537.3286095,-1.508551932279336,-1.3758230936328049,3.054543047481764,1.5779354572296143,-0.23140698671340942,-4.008203983306885,1.0021201372146606,-1.3455119132995605,1.594813312172372,-0.14561377211084406,0
,,,,,,1756197537.3796406,-1.5885478757341651,-1.3511108534031449,2.855328469274766,1.7532364130020142,-0.1889485865831375,-3.8147552013397217,0.7131260633468628,-0.983910322189331,1.7633886378923773,-0.10735695247385549,0
,,,,,,1756197537.430195,-1.6690329814810587,-1.3110313930373878,2.661489020612474,1.8381705284118652,-0.15736831724643707,-3.9776408672332764,0.681650698184967,-1.2379744052886963,1.8448944898814486,-0.08540313848001364,0
,,,,,,1756197537.4809036,-1.742023903373707,-1.257833414132835,2.4800960075325302,1.6962000131607056,-0.11146648973226547,-2.9088058471679688,0.13645011186599731,-1.156862735748291,1.699858600878206,-0.06562106281549342,0
,,,,,,1756197537.5314388,-1.7992296719521081,-1.2001305608554926,2.349972635056264,1.5264118909835815,-0.13635599613189697,-2.287379264831543,0.10944461822509766,-0.6803064346313477,1.532490201801367,-0.08909457207751345,0
,,,,,,1756197537.5830083,-1.8479164511388142,-1.1400003647587695,2.2850040970892556,1.6275579929351807,-0.03578013926744461,-0.45554274320602417,0.5627173185348511,-0.062852643430233,1.6279512396669598,-0.021980400691492475,0
,,,,,,1756197537.634308,-1.901417917287528,-1.0788331225081011,2.306785405844234,1.5742061138153076,0.09114710986614227,1.7154172658920288,0.26740241050720215,0.7236475944519043,1.5768426314665787,0.05783579291758045,0
,,,,,,1756197537.68485,-1.9573881160313882,-1.0232023369314944,2.3294080401525816,1.6134357452392578,-0.07060229033231735,-1.5154296159744263,0.5618634223937988,-0.47566094994544983,1.6149797482990085,-0.04373107391110797,0
,,,,,,1756197537.7354708,-2.0060777512860883,-0.9587776007583206,2.2169280622122463,1.6172267198562622,-0.16445022821426392,-2.982734203338623,0.5326343774795532,-1.029128909111023,1.6255664062033175,-0.1013382374041016,0
,,,,,,1756197537.7860596,-2.043934565704781,-0.8855779984978202,2.057253780458935,1.6889456510543823,-0.18165509402751923,-3.363905429840088,0.6291505694389343,-0.9491637349128723,1.6986865471303578,-0.10714343888049854,0
,,,,,,1756197537.8307018,-2.066347222731733,-0.8208691141428737,1.9249584912334958,1.6734615564346313,-0.1434103101491928,-2.6161510944366455,0.11342234909534454,-0.6320286989212036,1.6795952184742926,-0.085487941304612,0
,,,,,,1756197537.884268,-2.0839386056157143,-0.7416706411508888,1.8041754593313108,1.5335417985916138,-0.14178889989852905,-2.26450252532959,0.11342234909534454,-0.6320286989212036,1.5400826406923873,-0.09219633219860605,0
,,,,,,1756197537.935494,-2.0901395882825073,-0.6654304982899333,1.6766121231478897,1.5113030672073364,-0.17247943580150604,-2.7338368892669678,0.4009566307067871,-0.7943523526191711,1.5211134463690437,-0.11363465092312391,0
,,,,,,1756197537.9760296,-2.0866493625879525,-0.6023228683286885,1.55553536860901,1.6680735349655151,-0.1914728730916977,-3.3219265937805176,0.786753237247467,-0.8210052847862244,1.6790268548127332,-0.1142866339417919,0
,,,,,,1756197538.0368974,-2.065668664119417,-0.5000737955544987,1.3578552691063122,1.772678017616272,-0.16046400368213654,-3.105782985687256,0.5136115550994873,-0.7581831812858582,1.7799258553708515,-0.09027463762233909,0
,,,,,,1756197538.0772922,-2.0415459255196895,-0.4330534536456648,1.2339602939854288,1.7711825370788574,-0.1497851312160492,-3.1005425453186035,0.46274393796920776,-0.8446843028068542,1.777504758133296,-0.0843671267824153,0
,,,,,,1756197538.1279821,-2.001834782269064,-0.35247606308874496,1.1272895511746155,1.8864341974258423,0.0021189674735069275,0.4484870135784149,0.7064904570579529,0.18511243164539337,1.8864353875075701,0.0011232655690896559,0
,,,,,,1756197538.1801288,-1.9623256482337537,-0.26306499240227765,1.167031238434855,2.009448766708374,0.0661562904715538,1.5073190927505493,0.46123436093330383,0.3805135488510132,2.0105374905220645,0.03291071903701626,0
,,,,,,1756197538.2306592,-1.9286323684676916,-0.16788188292455508,1.238058562819247,2.0023446083068848,0.022872772067785263,0.35990625619888306,0.10662981867790222,0.08358822762966156,2.0024752418239076,0.011422498006089767,0
,,,,,,1756197538.2828383,-1.8987641641727766,-0.073156883257285,1.278500385003013,1.996719479560852,0.09466958045959473,2.236532211303711,0.622193455696106,1.00010347366333,1.998962483270298,0.047377079972603625,0
,,,,,,1756197538.333296,-1.879443916085367,0.02621349215181343,1.4058591312121316,2.077763557434082,0.09544146806001663,2.5897114276885986,0.6473769545555115,0.6088774800300598,2.0799544404689696,0.04590244423263954,0
,,,,,,1756197538.3851213,-1.8721338326636194,0.1311891858328092,1.537771505647636,2.1158251762390137,0.08668059855699539,2.7922632694244385,0.5191139578819275,0.8618935942649841,2.1175999864405584,0.04094485435445251,0
,,,,,,1756197538.436173,-1.8753929145254418,0.24144264054143758,1.611320231941121,2.403942346572876,-0.003136039711534977,0.08698223531246185,1.0848990678787231,0.042210903018713,2.403944392117126,-0.0013045395772532673,0
,,,,,,1756197538.4866652,-1.8821826206204146,0.36646447770393736,1.6431742478011835,2.6266894340515137,0.03276626020669937,1.2730878591537476,0.8811755180358887,0.22790810465812683,2.6268937951058837,0.012473709437977681,0
,,,,,,1756197538.527211,-1.8894304800227115,0.4699209679740866,1.6307734253574102,2.5384223461151123,-0.06137244403362274,-1.8561592102050781,0.2689819633960724,-0.39992040395736694,2.539164150688807,-0.024172687405847847,0
,,,,,,1756197538.577825,-1.8889935487015002,0.5946573492346823,1.5175880270461939,2.429149866104126,-0.04338637366890907,-2.7113358974456787,0.44297128915786743,-1.3295276165008545,2.4295372912169575,-0.01785882446394665,0
,,,,,,1756197538.6293426,-1.8740949600814587,0.7143783739669937,1.3696586647403273,2.392235040664673,-0.010539810173213482,-3.196643590927124,0.5064176321029663,-1.0638697147369385,2.3922582589223924,-0.0044058137253219455,0
,,,,,,1756197538.6799753,-1.8438700630934977,0.8281815113386237,1.2147597894685689,2.302008867263794,0.05024594068527222,-2.373652935028076,0.21066254377365112,-0.24783849716186523,2.302557160966147,0.0218235317536484,0
,,,,,,1756197538.7305686,-1.802160663286243,0.9332410334805867,1.1260205335200617,2.2014193534851074,0.0036700873170048,-1.2782913446426392,0.20770858228206635,-0.24444320797920227,2.20142241276855,0.0016671443861964036,0
,,,,,,1756197538.7811751,-1.7522524867610116,1.029195836981868,1.0619747970343056,2.099339008331299,0.00562442559748888,0.032374098896980286,0.019359614700078964,0.4155788719654083,2.0993465426329077,0.0026791347744362344,0
,,,,,,1756197538.83188,-1.705664098562407,1.120201254881276,1.1161892757343594,1.9512877464294434,0.08573184907436371,1.9952478408813477,0.15016378462314606,0.8657905459403992,1.9531701972207658,0.04390779789186798,0
,,,,,,1756197538.8823712,-1.672301271382132,1.2084152566378388,1.2252697569989366,1.7840309143066406,0.1129586473107338,2.3568851947784424,0.13494880497455597,1.113159418106079,1.7876034121706241,0.06323212153838044,0
,,,,,,1756197538.932962,-1.6528168854269343,1.2922534027172699,1.3439882202337785,1.625967264175415,0.13128413259983063,2.3135249614715576,-0.025646964088082314,0.885606050491333,1.631258737185053,0.08056739687829007,0
,,,,,,1756197538.983683,-1.645302452760933,1.3709317905738676,1.4573324269766088,1.5564378499984741,0.14086635410785675,2.1967740058898926,0.452889084815979,0.6847671270370483,1.5627994467069382,0.09025969710562547,0
,,,,,,1756197539.03418,-1.6463729034184336,1.4497002224698168,1.5534394924067696,1.5752304792404175,0.038076892495155334,0.04659140110015869,0.2864827811717987,-0.11290722340345383,1.5756906144513532,0.02416756119508896,0
,,,,,,1756197539.0848062,-1.6443101061200378,1.5279941691816294,1.5353555371293723,1.5357441902160645,-0.03172421082854271,-0.49013209342956543,0.13123957812786102,-0.09055496752262115,1.5360718223231262,-0.020654285866465776,0
,,,,,,1756197539.1354032,-1.6390689292763103,1.603607332738498,1.5059692064868733,1.560693621635437,-0.06244887784123421,-1.0420383214950562,0.6386693120002747,-0.21697655320167542,1.5619425222962482,-0.03999220624412576,0
,,,,,,1756197539.1860652,-1.6295682076514624,1.6864408607029788,1.473637098616112,1.9088425636291504,0.0005290362751111388,0.17539115250110626,1.1501091718673706,0.06918024271726608,1.908842636940428,0.00027715028554257736,0
,,,,,,1756197539.226517,-1.622535658608736,1.767029942263302,1.4905747245801308,2.158663749694824,0.06116639822721481,1.541403889656067,0.7157323956489563,0.42807862162590027,2.159530160131738,0.02832772642928411,0
,,,,,,1756197539.2772954,-1.621410678409464,1.8753598187222222,1.589358295202458,2.1711156368255615,0.0844108834862709,2.501249313354492,0.4614070653915405,0.7380263805389404,2.172755924101784,0.03885946438539722,0
,,,,,,1756197539.3278868,-1.6332850886389447,1.985071082786519,1.7231904678402998,2.2948379516601562,0.06948617845773697,2.8891077041625977,0.837782621383667,0.6496570706367493,2.2958897084521377,0.030270091278365278,0
,,,,,,1756197539.3784313,-1.6604925647948572,2.098958332548673,1.8722070115657443,2.3866093158721924,0.029253356158733368,3.143216371536255,0.7142308950424194,0.9352177381515503,2.386788592534849,0.012256673548329915,0
,,,,,,1756197539.4303436,-1.7024931037606097,2.2088922142567973,2.0214587524521326,2.264094114303589,-0.018128393217921257,2.5913915634155273,0.237848162651062,1.0864535570144653,2.264166689328508,-0.008006736871518776,0
,,,,,,1756197539.4810061,-1.7545531554244678,2.3054740872965382,2.138115444547231,2.0930511951446533,0.013973753899335861,2.020244836807251,-0.00777216674759984,0.7124163508415222,2.093097840831742,0.006676160775474979,0
,,,,,,1756197539.5315588,-1.8137991587514308,2.3875016456972626,2.2380011797708788,1.9191513061523438,0.07335581630468369,2.087862730026245,0.0938989594578743,0.954695463180542,1.9205527359830488,0.03820445164095211,0
,,,,,,1756197539.5821788,-1.8784370091897622,2.456134732830413,2.34288706375489,1.9175151586532593,0.09616738557815552,2.0266220569610596,0.6115018725395203,0.48062074184417725,1.919925141695366,0.05011010152953334,0
,,,,,,1756197539.6332326,-1.9522104402720541,2.5190422515519906,2.449740350360222,1.911706566810608,0.10695503652095795,2.3693885803222656,0.30645814538002014,0.7375988364219666,1.9146961579906094,0.05588914831679894,0
,,,,,,1756197539.6839404,-2.0316337848543387,2.571725790193231,2.5720854338736414,1.9123587608337402,0.1139669194817543,2.5387444496154785,0.4869976341724396,0.7147815227508545,1.9157516772467453,0.0595245455821057,0
,,,,,,1756197539.7345395,-2.11835338521886,2.6144677854820424,2.703569918319615,1.969051480293274,0.11496639996767044,2.7582387924194336,0.590728759765625,0.7699388861656189,1.97240487861054,0.05832047933268827,0
,,,,,,1756197539.7851164,-2.211690874711108,2.64612911528839,2.841192715667229,1.9493111371994019,0.10481857508420944,2.7058286666870117,0.4005388915538788,0.8718073964118958,1.9521272610391742,0.05372037457349755,0
,,,,,,1756197539.8357944,-2.306814528361615,2.664519193044567,2.978310849946289,1.920164704322815,0.11112406849861145,2.816617250442505,0.44829627871513367,1.0543749332427979,1.9233775111316052,0.057807675846343574,0
,,,,,,1756197539.8866382,-2.4034685696373073,2.6690613988001806,3.123571521193969,1.972297191619873,0.11482761055231094,3.0471177101135254,0.632578432559967,0.9939138889312744,1.9756370092243138,0.058154589746381116,0
,,,,,,1756197539.9372082,-2.5052025960759967,2.6586947357534942,-2.9959379813412435,2.136481523513794,0.10866907984018326,3.5499072074890137,1.022699236869812,1.0026553869247437,2.139243387094871,0.05081977594830726,0
,,,,,,1756197539.977654,-2.5928827340291893,2.6376953463190214,-2.84861778962808,2.367725372314453,0.02953965589404106,3.656092882156372,1.031174659729004,0.7574164271354675,2.3679096329826343,0.01247531650839453,0
,,,,,,1756197540.028312,-2.7067106659096347,2.5943957870232763,-2.6654927559277093,2.5111849308013916,-0.06817544996738434,3.667562246322632,0.8872870206832886,0.9158720970153809,2.512110198351626,-0.027142050311791052,0
,,,,,,1756197540.0789113,-2.8177577818006734,2.5327836339330365,-2.4844404926048975,2.5622498989105225,-0.16931377351284027,3.4665780067443848,0.7549607753753662,0.8278506398200989,2.567837942388137,-0.06598418695281692,0
,,,,,,1756197540.1295223,-2.921589549532336,2.4538853280272215,-2.3155270188881376,2.6863114833831787,-0.2412768006324768,3.2808587551116943,1.0397080183029175,0.5608227849006653,2.697125113946288,-0.0895767753426393,0
,,,,,,1756197540.180136,-3.016473832966504,2.3581271340344974,-2.15972167734179,2.6356148719787598,-0.3002873957157135,2.7848105430603027,0.5409255027770996,0.9010442495346069,2.652666257451423,-0.11344528221700548,0
,,,,,,1756197540.2307181,-3.0956416731527274,2.25371981503279,-2.029634165036719,2.5792136192321777,-0.2760356664657593,2.4100377559661865,0.6621376276016235,0.8406567573547363,2.593942671454777,-0.10661736108979557,0
,,,,,,1756197540.2821076,-3.158249233934603,2.14232134242625,-1.9179571074985848,2.4767987728118896,-0.21001754701137543,1.9309148788452148,0.4409688413143158,1.0721012353897095,2.4856869334361393,-0.08459159728132772,0
,,,,,,1756197540.3327813,-3.2037451796751695,2.026107024814746,-1.8172274695426556,2.5655758380889893,-0.09956833720207214,2.348564624786377,0.979866623878479,0.7453784346580505,2.5675072024746504,-0.03878988570180809,0
,,,,,,1756197540.3833103,-3.233561110590321,1.8999495591475695,-1.695833353580654,2.6119446754455566,-0.08078321069478989,2.421272039413452,0.6701298952102661,0.5968185663223267,2.6131936236564166,-0.030918521402653214,0
,,,,,,1756197540.433921,-3.2475467481370566,1.7724647076217162,-1.5824192841370257,2.4486868381500244,-0.06701435148715973,1.9590039253234863,0.03558932989835739,1.0119376182556152,2.4496036729712842,-0.027360635584912925,0
,,,,,,1756197540.484583,-3.2466066920470116,1.6539139781517673,-1.4897499884413936,2.263256549835205,-0.0012770068133249879,1.8050668239593506,0.1421622782945633,0.71799635887146,2.263256910100653,-0.0005642341686371884,0
,,,,,,1756197540.5350933,-3.234400701936479,1.5424984903785317,-1.4357783578496044,2.249222993850708,0.003938561771064997,0.4006984233856201,0.390165239572525,0.1073724776506424,2.2492264422097583,0.0017510748184046702,0
,,,,,,1756197540.5856931,-3.2193040484882856,1.4318460368645056,-1.4388485940203255,2.1894497871398926,-0.019593628123402596,-0.4790148437023163,-0.10981066524982452,-0.05952497944235802,2.1895374581563933,-0.00894887163039891,0
,,,,,,1756197540.6363664,-3.2074332293501002,1.3240940011240567,-1.4683795729386064,2.1363892555236816,-0.026303380727767944,-0.6263145804405212,0.2290041595697403,-0.08773470669984818,2.136551173961143,-0.012311451059698825,0
,,,,,,1756197540.6869955,-3.1983475805166206,1.2178169155588046,-1.4854425074759456,2.1428451538085938,-0.005323814228177071,-0.11226890981197357,0.35394302010536194,0.008530648425221443,2.142851767201575,-0.002484455428302502,0
,,,,,,1756197540.7275434,-3.1902312770358034,1.1323284804396363,-1.4654517906514546,2.1525139808654785,0.06549718976020813,1.6941838264465332,0.48160886764526367,0.46308061480522156,2.1535102320833848,0.0304188439410639,0
,,,,,,1756197540.7791753,-3.1729632945877877,1.0262005228816227,-1.4024937802899207,2.119445323944092,-0.002062839223071933,-0.05725543200969696,-0.024075279012322426,0.010049671865999699,2.1194463278163322,-0.0009732917138242105,0
,,,,,,1756197540.8300507,-3.1536165689040403,0.9241643623964596,-1.3653244799359543,2.0050902366638184,0.07897190749645233,1.907471776008606,0.23585261404514313,0.639421284198761,2.0066448164381745,0.03936536589351367,0
,,,,,,1756197540.8805115,-3.125568327650334,0.8306792809819847,-1.2596414055383223,1.8645633459091187,0.10209871828556061,2.272101402282715,0.18404541909694672,0.7789035439491272,1.8673565859747734,0.05470281189408654,0
,,,,,,1756197540.9312732,-3.088437832324359,0.7473872485466025,-1.1387992216514935,1.7713251113891602,0.128947913646698,2.636000633239746,0.3367965817451477,1.1874746084213257,1.7760124477806054,0.07266924031026518,0
,,,,,,1756197540.9818099,-3.04260219526758,0.6681139393795545,-1.0602085105185575,1.9784221649169922,0.03885543718934059,0.6271132230758667,0.8267228603363037,0.13699838519096375,1.9788036809228984,0.019637084205659544,0
,,,,,,1756197541.0323389,-2.9930185013779727,0.578958268544458,-1.0877742366715646,2.1024155616760254,-0.09126602113246918,-2.3764212131500244,0.7474901676177979,-0.6767734885215759,2.104395561815998,-0.04338283983378676,0
,,,,,,1756197541.0828977,-2.953263042017226,0.48014722177175695,-1.233016188570667,2.1603245735168457,-0.09451744705438614,-3.468249559402466,0.7208309769630432,-1.0300183296203613,2.162391225180684,-0.04372361872792695,0
,,,,,,1756197541.133431,-2.928044641735578,0.3747691513952381,-1.406463570912462,2.167222738265991,-0.0382612906396389,-3.3213260173797607,0.5615993738174438,-0.7656006217002869,2.167560454432252,-0.01765269235370181,0
,,,,,,1756197541.184035,-2.9187612962626677,0.2655027367675938,-1.572256405672481,2.2608895301818848,-0.013082659803330898,-3.381016492843628,0.8283576965332031,-0.6737962365150452,2.260927381335719,-0.005786445384885141,0
,,,,,,1756197541.2345777,-2.9260170856777883,0.15336830773532747,-1.7330890197222155,2.184537649154663,0.026237141340970993,-2.8289268016815186,0.35510966181755066,-0.8040372133255005,2.184695202576306,0.012009808984747829,0
,,,,,,1756197541.2860942,-2.9476478366820937,0.049885132384028016,-1.8594245875817788,1.9983783960342407,-0.007133172824978828,-2.10485577583313,0.23043759167194366,-1.1107910871505737,1.9983911268545345,-0.003569465394704983,0
,,,,,,1756197541.3365917,-2.98084055389344,-0.04127759553604042,-1.9629534414056105,1.8760950565338135,-0.08047651499509811,-2.1727960109710693,0.2939763367176056,-0.6075363159179688,1.8778203137191718,-0.04286947453935377,0
,,,,,,1756197541.3770761,-3.0142405931378016,-0.10606060501081578,-2.05240658661089,1.69488525390625,-0.1202867329120636,-2.3367953300476074,0.1167420744895935,-0.7987034916877747,1.6991482931232083,-0.07085163275377633,0
,,,,,,1756197541.4276342,-3.059881835439757,-0.1756994070774002,-2.1307472917480377,1.565698266029358,0.013504658825695515,0.668768584728241,0.0693669319152832,0.6811495423316956,1.5657565059923386,0.008625112663755112,0
,,,,,,1756197541.4782214,-3.0958407166567374,-0.24249340717844445,-2.0623896810450484,1.4590363502502441,0.1242114007472992,1.9898128509521484,0.2623497545719147,0.7675790190696716,1.4643140180395593,0.08492771488939314,0
,,,,,,1756197541.528815,-3.1217690846617527,-0.31480113337320353,-1.9345463983866875,1.7203569412231445,0.18615718185901642,3.2976648807525635,1.04728102684021,1.1332205533981323,1.7303995207963812,0.10778906615227907,0
,,,,,,1756197541.5794568,-3.140266172410652,-0.4036188775432909,-1.7791414773675183,1.900435447692871,0.13012637197971344,2.616579294204712,0.668635368347168,0.6468510627746582,1.904885236315355,0.0683651638466409,0
,,,,,,1756197541.6300938,-3.150110178274124,-0.5006227002250215,-1.6638944313575452,2.009838104248047,0.09345951676368713,2.0273568630218506,0.5939891934394836,0.4542640745639801,2.0120099121428514,0.04646754379636361,0
,,,,,,1756197541.6808143,-3.1529247696399327,-0.602250765350832,-1.6054242508370689,2.0369069576263428,-0.04988797754049301,-1.3655635118484497,0.5474169850349426,-0.7075567841529846,2.0375177948498226,-0.024487130198226036,0
,,,,,,1756197541.7321417,-3.1594893241086544,-0.7029217138260762,-1.6248515727949142,1.9751410484313965,0.054587285965681076,1.3086373805999756,0.2600212097167969,0.3633440136909485,1.975895223180565,0.027630125060701907,0
,,,,,,1756197541.7827978,-3.162376569339773,-0.7993376238221968,-1.6165241471376506,1.8450249433517456,-0.0692295953631401,-1.5908976793289185,0.20835070312023163,-0.5515999794006348,1.8463233136328685,-0.0375047139802711,0
,,,,,,1756197541.833647,-3.171853249027839,-0.8891911361349741,-1.6709294112882143,1.757775068283081,-0.03628946468234062,-0.589408278465271,-0.004426376894116402,-0.09658295661211014,1.7581496284231672,-0.02064218049376247,0
,,,,,,1756197541.8841598,-3.186369634356534,-0.9775722114927835,-1.7500637227313558,1.8958176374435425,-0.141805037856102,-3.1469013690948486,0.9221750497817993,-0.8859313130378723,1.9011136691958705,-0.07465985067752054,0
,,,,,,1756197541.9354038,-3.2131037802425855,-1.0726320232740445,-1.837666814362778,2.0784523487091064,-0.0039359200745821,0.029422935098409653,0.6447932720184326,0.039738573133945465,2.0784560753889494,-0.0018936760192156512,0
,,,,,,1756197541.9861033,-3.2392511751615447,-1.1760010468292132,-1.800770235218189,2.205613851547241,0.05991533771157265,1.5668270587921143,0.6574664115905762,0.33084022998809814,2.2064274993369137,0.027158247284340437,0
,,,,,,1756197542.0366957,-3.257935450385823,-1.28449582152771,-1.7183688171909184,2.1529603004455566,0.05988737568259239,1.6844065189361572,0.21521100401878357,0.3878817856311798,2.153793061800685,0.02780912261168059,0
,,,,,,1756197542.0771565,-3.267148105659038,-1.3701010833516745,-1.6757528610043455,2.201570749282837,0.00839226320385933,0.21475356817245483,0.4890457093715668,0.062323812395334244,2.201586744641118,0.003811924989403883,0
,,,,,,1756197542.1278691,-3.276750346750985,-1.4799421508111978,-1.6420564754098566,2.206002712249756,0.07538110762834549,2.036348819732666,0.501036524772644,0.7354879379272461,2.207290256817294,0.03415761374487123,0
,,,,,,1756197542.1784782,-3.2755001097918943,-1.5903214134963422,-1.5189521952308322,2.22273850440979,0.08262313902378082,2.9689693450927734,0.634950578212738,1.059004545211792,2.224273598748143,0.03715467014479644,0
,,,,,,1756197542.2289846,-3.259871303367683,-1.699672933039973,-1.3699972255536794,2.1233553886413574,0.041829388588666916,2.670535087585449,0.14688794314861298,1.1959112882614136,2.1237673611349224,0.019697116680136476,0
,,,,,,1756197542.2796633,-3.2309858876344073,-1.8010043631677473,-1.2361317827113407,2.13769793510437,0.06496872752904892,2.8672094345092773,0.6728308200836182,0.8955846428871155,2.138684969158906,0.030382559835014238,0
,,,,,,1756197542.331469,-3.1868173410121274,-1.8995563789018828,-1.0914859741088643,2.1914684772491455,0.053746819496154785,2.8736212253570557,0.6244674324989319,0.7681405544281006,2.1921274614818005,0.024520565875247376,0
,,,,,,1756197542.3821504,-3.1285261332899283,-1.99367799101805,-0.9593478494362567,2.252204179763794,0.034168828278779984,2.3068642616271973,0.5989058017730713,0.497694730758667,2.2524633573426778,0.0151701197546296,0
,,,,,,1756197542.4328313,-3.0586332031466763,-2.081090451161786,-0.844700597108365,2.1908822059631348,0.04803118854761124,2.315025806427002,0.3243168592453003,0.6938988566398621,2.1914086418281706,0.021919706864481133,0
,,,,,,1756197542.4833984,-2.9805201414835336,-2.1570926304387728,-0.7235326405238895,2.1860077381134033,0.0647089034318924,2.6097729206085205,0.550559401512146,0.7316777110099792,2.1869652656763976,0.02959276492378552,0
,,,,,,1756197542.5340989,-2.892841089375217,-2.2233467023911713,-0.6027457759304058,2.2192139625549316,0.04877068102359772,2.1192736625671387,0.5216363668441772,0.4638892114162445,2.2197498036774923,0.021973019521586784,0
,,,,,,1756197542.584652,-2.7975890747108756,-2.2796976072352177,-0.4906190475586679,2.192186117172241,0.0651978924870491,2.4768576622009277,0.43315377831459045,0.734280526638031,2.193155429400174,0.029732274564356672,0
,,,,,,1756197542.6352413,-2.69709686540935,-2.3231673643020865,-0.35778770434979024,2.199193239212036,0.06826989352703094,2.9235048294067383,0.5964205265045166,0.999605119228363,2.200252640438847,0.03103318750289636,0
,,,,,,1756197542.6859627,-2.5883755062298017,-2.353156169979537,-0.20194532398612092,2.341364860534668,0.037612706422805786,3.2722549438476562,0.857768177986145,0.8024290204048157,2.341666954507189,0.016063054518335868,0
,,,,,,1756197542.7366393,-2.471525680520199,-2.3690802814503185,-0.05318314803963019,2.3568851947784424,-0.021412892267107964,2.4330716133117676,0.46741828322410583,0.5069131255149841,2.3569824635158105,-0.00908500048751008,0
,,,,,,1756197542.7771523,-2.3759262723902634,-2.3725846226338683,0.011244749359874092,2.499997138977051,-0.04305749759078026,0.3225353956222534,0.903605043888092,0.0815100222826004,2.500367901528137,-0.017221316081204977,0
,,,,,,1756197542.8290076,-2.2473220727281507,-2.3709656914488275,0.03417717517601462,2.630746603012085,0.017841599881649017,0.9132813811302185,0.5607773661613464,0.18413124978542328,2.630807102762565,0.006781849049232264,0
,,,,,,1756197542.8795648,-2.114333425234624,-2.3639580412756582,0.061927130434063296,2.729674816131592,-0.020810022950172424,-0.3383740782737732,0.6713036894798279,-0.023889318108558655,2.729754138906694,-0.007623479428350928,0
,,,,,,1756197542.9301615,-1.9768131029857754,-2.35696680646291,0.04641173747565732,2.732508659362793,-0.0014880875824019313,-0.1833953857421875,0.0,0.0,2.732509064559036,-0.0005445865396230191,0
,,,,,,1756197542.9809105,-1.841787443707537,-2.351205739871291,0.03882776576927584,2.6590142250061035,-0.00039983901660889387,-0.10031090676784515,0.0075311483815312386,0.010780035518109798,2.659014255068229,-0.00015037114500368094,0
,,,,,,1756197543.0315464,-1.7103906353340523,-2.346512522721017,0.03209898455039707,2.5854084491729736,-0.0034822900779545307,-0.16742272675037384,2.093395501390205e-08,1.33396742540981e-08,2.5854107943224784,-0.0013469005151893116,0
,,,,,,1756197543.0821145,-1.582638584795456,-2.3430111739136703,0.023795299794865072,2.5119693279266357,-0.0037376126274466515,-0.16382643580436707,9.807769174585701e-08,9.777599530025327e-08,2.5119721085617868,-0.001487920185828718,0
,,,,,,1756197543.1330287,-1.4585256231330148,-2.3406579351706305,0.015668948810776313,2.438896417617798,-0.0042882151901721954,-0.16064561903476715,4.702414102553121e-08,2.819150957122929e-08,2.438900187514537,-0.0017582586698749044,0
,,,,,,1756197543.1834052,-1.3380427634687313,-2.3393786313662206,0.007698427852079434,2.3662283420562744,-0.004824347794055939,-0.15754494071006775,2.4468675974276266e-08,1.705682706187872e-08,2.3662332600743365,-0.0020388315969498776,0
,,,,,,1756197543.234063,-1.2211781182181467,-2.339094644455793,-0.00011550674884928385,2.2940001487731934,-0.005313657224178314,-0.15436047315597534,-1.378862579670681e-10,3.0681654994424434e-09,2.2940063028519626,-0.0023163240524608207,0
,,,,,,1756197543.2846515,-1.1079168920525357,-2.3397283992921794,-0.007768329304156921,2.222245454788208,-0.005753966048359871,-0.15108171105384827,1.6793161305983517e-09,3.164959683221724e-10,2.2222529040260324,-0.002589251865642538,0
,,,,,,1756197543.3360264,-0.9980451029140927,-2.3422065322080927,-0.0325732528092618,2.166497230529785,-0.032708268612623215,-0.8200709819793701,0.2480608969926834,-0.12368505448102951,2.1667441198094584,-0.015096157724786065,0
,,,,,,1756197543.3866012,-0.8911057039884773,-2.348052149330372,-0.05542728140548645,2.1004903316497803,-0.007198318373411894,-0.15157590806484222,0.0013484627706930041,-0.00045559866703115404,2.1005026658258754,-0.0034269570708453084,0
,,,,,,1756197543.43727,-0.7840721661512289,-2.3537697035132292,-0.05041621055930632,2.186469316482544,0.007542414125055075,0.18729308247566223,0.5387610197067261,0.060553859919309616,2.186482325547242,0.0034495724001534908,0
,,,,,,1756197543.4777277,-0.6953495759692511,-2.3553963151780697,-0.0009275025933145136,2.239612102508545,0.07852036505937576,2.2385404109954834,0.5925919413566589,0.5961376428604126,2.2409881341568507,0.03504545118755135,0
,,,,,,1756197543.5282824,-0.5829349094204918,-2.347367181592177,0.10169103710548456,2.268026828765869,0.04839255288243294,1.7284499406814575,0.4604370892047882,0.3582484722137451,2.268543042390037,0.021333614983138457,0
,,,,,,1756197543.5788677,-0.46901868699928606,-2.329871674364199,0.1763527278291538,2.382694721221924,0.03619461879134178,1.2865135669708252,0.6933851838111877,0.24806028604507446,2.3829696147807407,0.015189455377588371,0
,,,,,,1756197543.6294024,-0.35078238462788847,-2.307053333919008,0.18264357302573134,2.4262073040008545,-0.04666195809841156,-1.307002067565918,0.46922194957733154,-0.20203517377376556,2.4266559748593686,-0.01923009879121637,0
,,,,,,1756197543.6801918,-0.23192402356144243,-2.2909807914929297,0.10485828965919354,2.327178478240967,-0.04836036637425423,-1.804664134979248,-0.197417750954628,-0.33314287662506104,2.3276809048114377,-0.020777695980523283,0
,,,,,,1756197543.7307904,-0.1182082550857046,-2.2838277317725857,0.05271393960737827,2.213435173034668,0.04155775159597397,0.9106535911560059,-0.296174019575119,0.23298771679401398,2.2138252668051113,0.018773023023811963,0
,,,,,,1756197543.7813857,-0.008727058255076827,-2.2754113325376393,0.07513677613047677,2.187255382537842,5.5345088185276836e-05,-0.01983296126127243,0.2942768931388855,0.022107187658548355,2.187255383238052,2.5303441296941228e-05,0
,,,,,,1756197543.832039,0.10041107625827306,-2.267839976721829,0.062153363236020186,2.200472116470337,-0.0292969923466444,-0.7474145293235779,0.41355082392692566,-0.10785920917987823,2.200667137284511,-0.013313170948873495,0
,,,,,,1756197543.882535,0.21123831268753224,-2.2642445819183106,0.02121989030926743,2.2837750911712646,-0.04321097582578659,-1.143988013267517,0.7346094846725464,-0.1702061891555786,2.2841838488804123,-0.018918596935692856,0
